start_date_time;RCORR_E
2014-11-01 00:00:00;236.340
2014-11-01 00:01:00;236.340
2014-11-01 00:02:00;237.820
2014-11-01 00:03:00;232.960
2014-11-01 00:04:00;234.170
2014-11-01 00:05:00;238.040
2014-11-01 00:06:00;237.520
2014-11-01 00:07:00;240.670
2014-11-01 00:08:00;238.320
2014-11-01 00:09:00;238.120
2014-11-01 00:10:00;232.010
2014-11-01 00:11:00;235.590
2014-11-01 00:12:00;241.250
2014-11-01 00:13:00;236.720
2014-11-01 00:14:00;236.690
2014-11-01 00:15:00;235.640
2014-11-01 00:16:00;232.960
2014-11-01 00:17:00;232.510
2014-11-01 00:18:00;238.440
2014-11-01 00:19:00;240.250
2014-11-01 00:20:00;239.620
2014-11-01 00:21:00;237.770
2014-11-01 00:22:00;230.010
2014-11-01 00:23:00;236.320
2014-11-01 00:24:00;233.040
2014-11-01 00:25:00;237.520
2014-11-01 00:26:00;242.250
2014-11-01 00:27:00;235.390
2014-11-01 00:28:00;238.800
2014-11-01 00:29:00;232.010
2014-11-01 00:30:00;237.340
2014-11-01 00:31:00;235.020
2014-11-01 00:32:00;233.060
2014-11-01 00:33:00;234.820
2014-11-01 00:34:00;229.130
2014-11-01 00:35:00;239.220
2014-11-01 00:36:00;235.820
2014-11-01 00:37:00;235.920
2014-11-01 00:38:00;238.950
2014-11-01 00:39:00;239.650
2014-11-01 00:40:00;237.870
2014-11-01 00:41:00;236.990
2014-11-01 00:42:00;244.430
2014-11-01 00:43:00;226.480
2014-11-01 00:44:00;238.920
2014-11-01 00:45:00;229.460
2014-11-01 00:46:00;238.700
2014-11-01 00:47:00;237.740
2014-11-01 00:48:00;240.600
2014-11-01 00:49:00;239.450
2014-11-01 00:50:00;240.470
2014-11-01 00:51:00;232.340
2014-11-01 00:52:00;235.820
2014-11-01 00:53:00;236.420
2014-11-01 00:54:00;239.200
2014-11-01 00:55:00;235.990
2014-11-01 00:56:00;237.370
2014-11-01 00:57:00;239.820
2014-11-01 00:58:00;233.890
2014-11-01 00:59:00;237.370
2014-11-01 01:00:00;239.950
2014-11-01 01:01:00;238.240
2014-11-01 01:02:00;237.740
2014-11-01 01:03:00;238.190
2014-11-01 01:04:00;233.810
2014-11-01 01:05:00;239.050
2014-11-01 01:06:00;232.610
2014-11-01 01:07:00;237.740
2014-11-01 01:08:00;238.140
2014-11-01 01:09:00;235.420
2014-11-01 01:10:00;234.920
2014-11-01 01:11:00;237.790
2014-11-01 01:12:00;233.110
2014-11-01 01:13:00;236.720
2014-11-01 01:14:00;238.120
2014-11-01 01:15:00;236.990
2014-11-01 01:16:00;237.740
2014-11-01 01:17:00;239.020
2014-11-01 01:18:00;242.150
2014-11-01 01:19:00;236.020
2014-11-01 01:20:00;239.420
2014-11-01 01:21:00;235.040
2014-11-01 01:22:00;239.670
2014-11-01 01:23:00;237.470
2014-11-01 01:24:00;238.340
2014-11-01 01:25:00;237.770
2014-11-01 01:26:00;230.660
2014-11-01 01:27:00;243.630
2014-11-01 01:28:00;240.400
2014-11-01 01:29:00;230.640
2014-11-01 01:30:00;243.250
2014-11-01 01:31:00;239.000
2014-11-01 01:32:00;242.820
2014-11-01 01:33:00;233.310
2014-11-01 01:34:00;236.840
2014-11-01 01:35:00;235.870
2014-11-01 01:36:00;237.120
2014-11-01 01:37:00;236.990
2014-11-01 01:38:00;237.540
2014-11-01 01:39:00;233.110
2014-11-01 01:40:00;235.590
2014-11-01 01:41:00;231.290
2014-11-01 01:42:00;233.560
2014-11-01 01:43:00;234.190
2014-11-01 01:44:00;237.790
2014-11-01 01:45:00;233.110
2014-11-01 01:46:00;238.950
2014-11-01 01:47:00;242.250
2014-11-01 01:48:00;236.970
2014-11-01 01:49:00;237.240
2014-11-01 01:50:00;229.790
2014-11-01 01:51:00;232.410
2014-11-01 01:52:00;239.220
2014-11-01 01:53:00;231.490
2014-11-01 01:54:00;236.740
2014-11-01 01:55:00;235.570
2014-11-01 01:56:00;237.170
2014-11-01 01:57:00;239.550
2014-11-01 01:58:00;236.290
2014-11-01 01:59:00;237.320
2014-11-01 02:00:00;237.220
2014-11-01 02:01:00;231.360
2014-11-01 02:02:00;234.940
2014-11-01 02:03:00;241.220
2014-11-01 02:04:00;233.140
2014-11-01 02:05:00;238.920
2014-11-01 02:06:00;235.740
2014-11-01 02:07:00;237.770
2014-11-01 02:08:00;232.990
2014-11-01 02:09:00;234.320
2014-11-01 02:10:00;241.970
2014-11-01 02:11:00;232.910
2014-11-01 02:12:00;235.870
2014-11-01 02:13:00;236.340
2014-11-01 02:14:00;240.470
2014-11-01 02:15:00;231.810
2014-11-01 02:16:00;228.660
2014-11-01 02:17:00;237.190
2014-11-01 02:18:00;234.340
2014-11-01 02:19:00;239.620
2014-11-01 02:20:00;232.540
2014-11-01 02:21:00;242.000
2014-11-01 02:22:00;233.910
2014-11-01 02:23:00;232.390
2014-11-01 02:24:00;231.140
2014-11-01 02:25:00;232.210
2014-11-01 02:26:00;237.790
2014-11-01 02:27:00;238.190
2014-11-01 02:28:00;233.290
2014-11-01 02:29:00;233.390
2014-11-01 02:30:00;239.950
2014-11-01 02:31:00;243.250
2014-11-01 02:32:00;233.590
2014-11-01 02:33:00;230.860
2014-11-01 02:34:00;230.810
2014-11-01 02:35:00;237.890
2014-11-01 02:36:00;237.590
2014-11-01 02:37:00;235.490
2014-11-01 02:38:00;239.900
2014-11-01 02:39:00;244.650
2014-11-01 02:40:00;238.320
2014-11-01 02:41:00;236.320
2014-11-01 02:42:00;231.090
2014-11-01 02:43:00;238.900
2014-11-01 02:44:00;230.740
2014-11-01 02:45:00;226.730
2014-11-01 02:46:00;232.610
2014-11-01 02:47:00;241.420
2014-11-01 02:48:00;236.940
2014-11-01 02:49:00;232.640
2014-11-01 02:50:00;235.870
2014-11-01 02:51:00;242.550
2014-11-01 02:52:00;232.360
2014-11-01 02:53:00;242.400
2014-11-01 02:54:00;234.010
2014-11-01 02:55:00;235.720
2014-11-01 02:56:00;235.370
2014-11-01 02:57:00;241.550
2014-11-01 02:58:00;239.920
2014-11-01 02:59:00;239.500
2014-11-01 03:00:00;235.620
2014-11-01 03:01:00;227.930
2014-11-01 03:02:00;240.120
2014-11-01 03:03:00;233.160
2014-11-01 03:04:00;234.170
2014-11-01 03:05:00;241.300
2014-11-01 03:06:00;237.840
2014-11-01 03:07:00;234.970
2014-11-01 03:08:00;239.520
2014-11-01 03:09:00;235.020
2014-11-01 03:10:00;237.370
2014-11-01 03:11:00;235.370
2014-11-01 03:12:00;239.250
2014-11-01 03:13:00;234.270
2014-11-01 03:14:00;244.250
2014-11-01 03:15:00;236.090
2014-11-01 03:16:00;241.100
2014-11-01 03:17:00;236.090
2014-11-01 03:18:00;242.270
2014-11-01 03:19:00;235.440
2014-11-01 03:20:00;234.290
2014-11-01 03:21:00;234.940
2014-11-01 03:22:00;238.170
2014-11-01 03:23:00;237.620
2014-11-01 03:24:00;235.820
2014-11-01 03:25:00;238.870
2014-11-01 03:26:00;234.220
2014-11-01 03:27:00;237.790
2014-11-01 03:28:00;235.170
2014-11-01 03:29:00;235.690
2014-11-01 03:30:00;234.720
2014-11-01 03:31:00;233.710
2014-11-01 03:32:00;231.410
2014-11-01 03:33:00;231.490
2014-11-01 03:34:00;236.720
2014-11-01 03:35:00;234.790
2014-11-01 03:36:00;236.920
2014-11-01 03:37:00;234.590
2014-11-01 03:38:00;236.240
2014-11-01 03:39:00;237.840
2014-11-01 03:40:00;239.450
2014-11-01 03:41:00;240.270
2014-11-01 03:42:00;234.140
2014-11-01 03:43:00;233.110
2014-11-01 03:44:00;236.770
2014-11-01 03:45:00;231.890
2014-11-01 03:46:00;240.800
2014-11-01 03:47:00;238.700
2014-11-01 03:48:00;236.590
2014-11-01 03:49:00;240.070
2014-11-01 03:50:00;237.170
2014-11-01 03:51:00;232.860
2014-11-01 03:52:00;233.340
2014-11-01 03:53:00;233.790
2014-11-01 03:54:00;233.140
2014-11-01 03:55:00;237.990
2014-11-01 03:56:00;238.190
2014-11-01 03:57:00;237.440
2014-11-01 03:58:00;237.670
2014-11-01 03:59:00;233.260
2014-11-01 04:00:00;237.770
2014-11-01 04:01:00;233.260
2014-11-01 04:02:00;231.590
2014-11-01 04:03:00;239.000
2014-11-01 04:04:00;235.840
2014-11-01 04:05:00;234.740
2014-11-01 04:06:00;235.940
2014-11-01 04:07:00;232.310
2014-11-01 04:08:00;237.070
2014-11-01 04:09:00;232.790
2014-11-01 04:10:00;235.170
2014-11-01 04:11:00;237.190
2014-11-01 04:12:00;237.420
2014-11-01 04:13:00;237.020
2014-11-01 04:14:00;236.040
2014-11-01 04:15:00;236.870
2014-11-01 04:16:00;231.410
2014-11-01 04:17:00;234.240
2014-11-01 04:18:00;237.240
2014-11-01 04:19:00;239.820
2014-11-01 04:20:00;233.090
2014-11-01 04:21:00;230.790
2014-11-01 04:22:00;233.940
2014-11-01 04:23:00;238.570
2014-11-01 04:24:00;234.670
2014-11-01 04:25:00;235.620
2014-11-01 04:26:00;234.620
2014-11-01 04:27:00;232.260
2014-11-01 04:28:00;238.750
2014-11-01 04:29:00;233.440
2014-11-01 04:30:00;239.970
2014-11-01 04:31:00;239.200
2014-11-01 04:32:00;237.370
2014-11-01 04:33:00;237.070
2014-11-01 04:34:00;239.070
2014-11-01 04:35:00;237.720
2014-11-01 04:36:00;235.970
2014-11-01 04:37:00;234.820
2014-11-01 04:38:00;238.390
2014-11-01 04:39:00;235.740
2014-11-01 04:40:00;236.290
2014-11-01 04:41:00;231.340
2014-11-01 04:42:00;237.290
2014-11-01 04:43:00;236.490
2014-11-01 04:44:00;241.270
2014-11-01 04:45:00;233.060
2014-11-01 04:46:00;237.120
2014-11-01 04:47:00;236.420
2014-11-01 04:48:00;245.430
2014-11-01 04:49:00;239.800
2014-11-01 04:50:00;235.540
2014-11-01 04:51:00;234.490
2014-11-01 04:52:00;236.140
2014-11-01 04:53:00;236.890
2014-11-01 04:54:00;235.470
2014-11-01 04:55:00;238.190
2014-11-01 04:56:00;232.740
2014-11-01 04:57:00;231.910
2014-11-01 04:58:00;236.540
2014-11-01 04:59:00;232.310
2014-11-01 05:00:00;236.270
2014-11-01 05:01:00;231.460
2014-11-01 05:02:00;236.270
2014-11-01 05:03:00;237.420
2014-11-01 05:04:00;233.640
2014-11-01 05:05:00;228.010
2014-11-01 05:06:00;240.600
2014-11-01 05:07:00;233.840
2014-11-01 05:08:00;240.720
2014-11-01 05:09:00;237.620
2014-11-01 05:10:00;233.010
2014-11-01 05:11:00;240.470
2014-11-01 05:12:00;240.750
2014-11-01 05:13:00;238.120
2014-11-01 05:14:00;237.920
2014-11-01 05:15:00;237.770
2014-11-01 05:16:00;242.400
2014-11-01 05:17:00;238.040
2014-11-01 05:18:00;237.090
2014-11-01 05:19:00;236.040
2014-11-01 05:20:00;237.690
2014-11-01 05:21:00;241.200
2014-11-01 05:22:00;235.620
2014-11-01 05:23:00;236.190
2014-11-01 05:24:00;238.950
2014-11-01 05:25:00;234.420
2014-11-01 05:26:00;242.600
2014-11-01 05:27:00;240.500
2014-11-01 05:28:00;235.220
2014-11-01 05:29:00;233.710
2014-11-01 05:30:00;237.070
2014-11-01 05:31:00;238.320
2014-11-01 05:32:00;233.040
2014-11-01 05:33:00;235.620
2014-11-01 05:34:00;231.560
2014-11-01 05:35:00;236.720
2014-11-01 05:36:00;236.170
2014-11-01 05:37:00;236.620
2014-11-01 05:38:00;237.840
2014-11-01 05:39:00;240.400
2014-11-01 05:40:00;237.240
2014-11-01 05:41:00;236.120
2014-11-01 05:42:00;239.020
2014-11-01 05:43:00;232.390
2014-11-01 05:44:00;237.040
2014-11-01 05:45:00;241.900
2014-11-01 05:46:00;232.390
2014-11-01 05:47:00;238.290
2014-11-01 05:48:00;235.570
2014-11-01 05:49:00;233.790
2014-11-01 05:50:00;232.490
2014-11-01 05:51:00;239.120
2014-11-01 05:52:00;235.040
2014-11-01 05:53:00;233.360
2014-11-01 05:54:00;239.050
2014-11-01 05:55:00;233.260
2014-11-01 05:56:00;240.300
2014-11-01 05:57:00;238.490
2014-11-01 05:58:00;237.970
2014-11-01 05:59:00;238.550
2014-11-01 06:00:00;238.520
2014-11-01 06:01:00;237.790
2014-11-01 06:02:00;231.740
2014-11-01 06:03:00;230.810
2014-11-01 06:04:00;234.320
2014-11-01 06:05:00;237.620
2014-11-01 06:06:00;235.970
2014-11-01 06:07:00;238.770
2014-11-01 06:08:00;236.870
2014-11-01 06:09:00;234.520
2014-11-01 06:10:00;236.470
2014-11-01 06:11:00;241.850
2014-11-01 06:12:00;239.750
2014-11-01 06:13:00;239.250
2014-11-01 06:14:00;242.470
2014-11-01 06:15:00;231.460
2014-11-01 06:16:00;240.470
2014-11-01 06:17:00;235.140
2014-11-01 06:18:00;238.770
2014-11-01 06:19:00;240.350
2014-11-01 06:20:00;233.840
2014-11-01 06:21:00;237.420
2014-11-01 06:22:00;239.050
2014-11-01 06:23:00;239.600
2014-11-01 06:24:00;240.400
2014-11-01 06:25:00;237.920
2014-11-01 06:26:00;236.370
2014-11-01 06:27:00;233.760
2014-11-01 06:28:00;232.110
2014-11-01 06:29:00;230.360
2014-11-01 06:30:00;239.070
2014-11-01 06:31:00;237.570
2014-11-01 06:32:00;228.760
2014-11-01 06:33:00;237.020
2014-11-01 06:34:00;232.110
2014-11-01 06:35:00;234.490
2014-11-01 06:36:00;235.320
2014-11-01 06:37:00;229.890
2014-11-01 06:38:00;237.590
2014-11-01 06:39:00;236.670
2014-11-01 06:40:00;237.340
2014-11-01 06:41:00;236.940
2014-11-01 06:42:00;241.850
2014-11-01 06:43:00;239.650
2014-11-01 06:44:00;241.900
2014-11-01 06:45:00;236.920
2014-11-01 06:46:00;236.820
2014-11-01 06:47:00;234.870
2014-11-01 06:48:00;231.740
2014-11-01 06:49:00;237.240
2014-11-01 06:50:00;239.220
2014-11-01 06:51:00;237.140
2014-11-01 06:52:00;240.120
2014-11-01 06:53:00;235.320
2014-11-01 06:54:00;235.370
2014-11-01 06:55:00;240.700
2014-11-01 06:56:00;234.170
2014-11-01 06:57:00;241.000
2014-11-01 06:58:00;237.870
2014-11-01 06:59:00;243.130
2014-11-01 07:00:00;238.290
2014-11-01 07:01:00;238.770
2014-11-01 07:02:00;242.250
2014-11-01 07:03:00;238.070
2014-11-01 07:04:00;237.690
2014-11-01 07:05:00;239.200
2014-11-01 07:06:00;234.890
2014-11-01 07:07:00;238.920
2014-11-01 07:08:00;238.420
2014-11-01 07:09:00;235.940
2014-11-01 07:10:00;240.170
2014-11-01 07:11:00;240.270
2014-11-01 07:12:00;242.300
2014-11-01 07:13:00;235.170
2014-11-01 07:14:00;238.270
2014-11-01 07:15:00;237.820
2014-11-01 07:16:00;238.570
2014-11-01 07:17:00;234.570
2014-11-01 07:18:00;244.780
2014-11-01 07:19:00;239.870
2014-11-01 07:20:00;241.850
2014-11-01 07:21:00;246.700
2014-11-01 07:22:00;243.750
2014-11-01 07:23:00;242.620
2014-11-01 07:24:00;237.620
2014-11-01 07:25:00;237.140
2014-11-01 07:26:00;245.700
2014-11-01 07:27:00;230.410
2014-11-01 07:28:00;237.540
2014-11-01 07:29:00;238.800
2014-11-01 07:30:00;241.200
2014-11-01 07:31:00;236.720
2014-11-01 07:32:00;239.600
2014-11-01 07:33:00;232.910
2014-11-01 07:34:00;237.090
2014-11-01 07:35:00;231.440
2014-11-01 07:36:00;236.390
2014-11-01 07:37:00;237.920
2014-11-01 07:38:00;236.540
2014-11-01 07:39:00;237.570
2014-11-01 07:40:00;239.750
2014-11-01 07:41:00;235.620
2014-11-01 07:42:00;234.520
2014-11-01 07:43:00;235.390
2014-11-01 07:44:00;240.870
2014-11-01 07:45:00;233.290
2014-11-01 07:46:00;244.100
2014-11-01 07:47:00;240.250
2014-11-01 07:48:00;233.860
2014-11-01 07:49:00;239.270
2014-11-01 07:50:00;237.590
2014-11-01 07:51:00;233.790
2014-11-01 07:52:00;242.400
2014-11-01 07:53:00;231.840
2014-11-01 07:54:00;235.490
2014-11-01 07:55:00;234.010
2014-11-01 07:56:00;234.840
2014-11-01 07:57:00;238.620
2014-11-01 07:58:00;237.640
2014-11-01 07:59:00;240.520
2014-11-01 08:00:00;239.100
2014-11-01 08:01:00;238.900
2014-11-01 08:02:00;242.300
2014-11-01 08:03:00;237.870
2014-11-01 08:04:00;236.670
2014-11-01 08:05:00;237.540
2014-11-01 08:06:00;235.690
2014-11-01 08:07:00;234.320
2014-11-01 08:08:00;240.120
2014-11-01 08:09:00;243.100
2014-11-01 08:10:00;241.250
2014-11-01 08:11:00;238.070
2014-11-01 08:12:00;236.270
2014-11-01 08:13:00;235.520
2014-11-01 08:14:00;233.390
2014-11-01 08:15:00;242.120
2014-11-01 08:16:00;237.540
2014-11-01 08:17:00;243.600
2014-11-01 08:18:00;236.470
2014-11-01 08:19:00;236.670
2014-11-01 08:20:00;237.570
2014-11-01 08:21:00;233.540
2014-11-01 08:22:00;231.240
2014-11-01 08:23:00;240.070
2014-11-01 08:24:00;237.420
2014-11-01 08:25:00;235.370
2014-11-01 08:26:00;235.370
2014-11-01 08:27:00;234.770
2014-11-01 08:28:00;240.000
2014-11-01 08:29:00;239.720
2014-11-01 08:30:00;238.120
2014-11-01 08:31:00;234.640
2014-11-01 08:32:00;238.600
2014-11-01 08:33:00;237.520
2014-11-01 08:34:00;239.870
2014-11-01 08:35:00;239.850
2014-11-01 08:36:00;234.770
2014-11-01 08:37:00;238.520
2014-11-01 08:38:00;237.840
2014-11-01 08:39:00;236.970
2014-11-01 08:40:00;239.500
2014-11-01 08:41:00;239.200
2014-11-01 08:42:00;240.020
2014-11-01 08:43:00;234.240
2014-11-01 08:44:00;234.270
2014-11-01 08:45:00;235.320
2014-11-01 08:46:00;237.470
2014-11-01 08:47:00;239.400
2014-11-01 08:48:00;240.200
2014-11-01 08:49:00;237.740
2014-11-01 08:50:00;237.890
2014-11-01 08:51:00;245.030
2014-11-01 08:52:00;235.370
2014-11-01 08:53:00;239.220
2014-11-01 08:54:00;240.800
2014-11-01 08:55:00;234.970
2014-11-01 08:56:00;236.390
2014-11-01 08:57:00;235.240
2014-11-01 08:58:00;233.790
2014-11-01 08:59:00;234.170
2014-11-01 09:00:00;242.850
2014-11-01 09:01:00;239.970
2014-11-01 09:02:00;238.970
2014-11-01 09:03:00;232.310
2014-11-01 09:04:00;248.830
2014-11-01 09:05:00;231.610
2014-11-01 09:06:00;233.390
2014-11-01 09:07:00;238.420
2014-11-01 09:08:00;233.490
2014-11-01 09:09:00;239.600
2014-11-01 09:10:00;240.820
2014-11-01 09:11:00;237.320
2014-11-01 09:12:00;242.450
2014-11-01 09:13:00;238.470
2014-11-01 09:14:00;232.060
2014-11-01 09:15:00;238.220
2014-11-01 09:16:00;238.520
2014-11-01 09:17:00;242.320
2014-11-01 09:18:00;237.990
2014-11-01 09:19:00;237.370
2014-11-01 09:20:00;240.170
2014-11-01 09:21:00;238.390
2014-11-01 09:22:00;237.890
2014-11-01 09:23:00;237.390
2014-11-01 09:24:00;237.920
2014-11-01 09:25:00;238.850
2014-11-01 09:26:00;236.590
2014-11-01 09:27:00;237.290
2014-11-01 09:28:00;243.130
2014-11-01 09:29:00;237.540
2014-11-01 09:30:00;230.010
2014-11-01 09:31:00;234.740
2014-11-01 09:32:00;239.400
2014-11-01 09:33:00;233.140
2014-11-01 09:34:00;238.320
2014-11-01 09:35:00;235.340
2014-11-01 09:36:00;239.020
2014-11-01 09:37:00;239.450
2014-11-01 09:38:00;234.740
2014-11-01 09:39:00;243.050
2014-11-01 09:40:00;243.930
2014-11-01 09:41:00;242.100
2014-11-01 09:42:00;239.370
2014-11-01 09:43:00;238.900
2014-11-01 09:44:00;240.270
2014-11-01 09:45:00;236.470
2014-11-01 09:46:00;240.650
2014-11-01 09:47:00;231.540
2014-11-01 09:48:00;235.440
2014-11-01 09:49:00;235.270
2014-11-01 09:50:00;238.040
2014-11-01 09:51:00;239.850
2014-11-01 09:52:00;236.840
2014-11-01 09:53:00;230.610
2014-11-01 09:54:00;240.650
2014-11-01 09:55:00;238.390
2014-11-01 09:56:00;240.600
2014-11-01 09:57:00;238.600
2014-11-01 09:58:00;236.190
2014-11-01 09:59:00;237.440
2014-11-01 10:00:00;232.240
2014-11-01 10:01:00;239.050
2014-11-01 10:02:00;238.370
2014-11-01 10:03:00;237.190
2014-11-01 10:04:00;235.470
2014-11-01 10:05:00;238.550
2014-11-01 10:06:00;239.370
2014-11-01 10:07:00;235.570
2014-11-01 10:08:00;240.770
2014-11-01 10:09:00;240.370
2014-11-01 10:10:00;239.900
2014-11-01 10:11:00;232.590
2014-11-01 10:12:00;236.940
2014-11-01 10:13:00;238.270
2014-11-01 10:14:00;236.120
2014-11-01 10:15:00;240.370
2014-11-01 10:16:00;239.700
2014-11-01 10:17:00;235.490
2014-11-01 10:18:00;234.090
2014-11-01 10:19:00;235.290
2014-11-01 10:20:00;237.790
2014-11-01 10:21:00;243.750
2014-11-01 10:22:00;236.020
2014-11-01 10:23:00;240.620
2014-11-01 10:24:00;243.700
2014-11-01 10:25:00;242.320
2014-11-01 10:26:00;232.540
2014-11-01 10:27:00;236.590
2014-11-01 10:28:00;242.320
2014-11-01 10:29:00;238.650
2014-11-01 10:30:00;238.570
2014-11-01 10:31:00;232.190
2014-11-01 10:32:00;233.210
2014-11-01 10:33:00;239.220
2014-11-01 10:34:00;239.470
2014-11-01 10:35:00;233.790
2014-11-01 10:36:00;243.850
2014-11-01 10:37:00;230.060
2014-11-01 10:38:00;232.840
2014-11-01 10:39:00;234.690
2014-11-01 10:40:00;238.870
2014-11-01 10:41:00;234.270
2014-11-01 10:42:00;241.270
2014-11-01 10:43:00;234.220
2014-11-01 10:44:00;242.150
2014-11-01 10:45:00;233.890
2014-11-01 10:46:00;238.550
2014-11-01 10:47:00;239.620
2014-11-01 10:48:00;240.800
2014-11-01 10:49:00;234.670
2014-11-01 10:50:00;235.190
2014-11-01 10:51:00;238.220
2014-11-01 10:52:00;231.510
2014-11-01 10:53:00;240.350
2014-11-01 10:54:00;235.540
2014-11-01 10:55:00;233.260
2014-11-01 10:56:00;233.510
2014-11-01 10:57:00;237.370
2014-11-01 10:58:00;236.170
2014-11-01 10:59:00;235.570
2014-11-01 11:00:00;235.270
2014-11-01 11:01:00;239.300
2014-11-01 11:02:00;236.420
2014-11-01 11:03:00;234.740
2014-11-01 11:04:00;238.420
2014-11-01 11:05:00;236.020
2014-11-01 11:06:00;238.390
2014-11-01 11:07:00;241.150
2014-11-01 11:08:00;236.870
2014-11-01 11:09:00;235.640
2014-11-01 11:10:00;242.420
2014-11-01 11:11:00;234.470
2014-11-01 11:12:00;243.430
2014-11-01 11:13:00;240.270
2014-11-01 11:14:00;236.390
2014-11-01 11:15:00;238.090
2014-11-01 11:16:00;240.920
2014-11-01 11:17:00;235.020
2014-11-01 11:18:00;235.270
2014-11-01 11:19:00;233.890
2014-11-01 11:20:00;237.440
2014-11-01 11:21:00;236.420
2014-11-01 11:22:00;234.520
2014-11-01 11:23:00;240.870
2014-11-01 11:24:00;236.390
2014-11-01 11:25:00;238.090
2014-11-01 11:26:00;238.070
2014-11-01 11:27:00;236.590
2014-11-01 11:28:00;233.340
2014-11-01 11:29:00;236.640
2014-11-01 11:30:00;231.660
2014-11-01 11:31:00;238.020
2014-11-01 11:32:00;240.150
2014-11-01 11:33:00;238.040
2014-11-01 11:34:00;236.670
2014-11-01 11:35:00;238.220
2014-11-01 11:36:00;236.620
2014-11-01 11:37:00;235.770
2014-11-01 11:38:00;244.330
2014-11-01 11:39:00;235.320
2014-11-01 11:40:00;240.050
2014-11-01 11:41:00;242.050
2014-11-01 11:42:00;245.080
2014-11-01 11:43:00;236.790
2014-11-01 11:44:00;235.290
2014-11-01 11:45:00;246.300
2014-11-01 11:46:00;238.390
2014-11-01 11:47:00;235.270
2014-11-01 11:48:00;239.870
2014-11-01 11:49:00;243.150
2014-11-01 11:50:00;235.590
2014-11-01 11:51:00;236.270
2014-11-01 11:52:00;236.540
2014-11-01 11:53:00;231.640
2014-11-01 11:54:00;234.720
2014-11-01 11:55:00;243.750
2014-11-01 11:56:00;236.190
2014-11-01 11:57:00;239.200
2014-11-01 11:58:00;237.270
2014-11-01 11:59:00;232.540
2014-11-01 12:00:00;238.550
2014-11-01 12:01:00;241.270
2014-11-01 12:02:00;237.270
2014-11-01 12:03:00;235.770
2014-11-01 12:04:00;236.540
2014-11-01 12:05:00;242.500
2014-11-01 12:06:00;243.430
2014-11-01 12:07:00;236.270
2014-11-01 12:08:00;239.200
2014-11-01 12:09:00;239.650
2014-11-01 12:10:00;245.400
2014-11-01 12:11:00;239.500
2014-11-01 12:12:00;241.070
2014-11-01 12:13:00;239.000
2014-11-01 12:14:00;235.220
2014-11-01 12:15:00;236.790
2014-11-01 12:16:00;240.400
2014-11-01 12:17:00;240.900
2014-11-01 12:18:00;227.760
2014-11-01 12:19:00;235.320
2014-11-01 12:20:00;232.360
2014-11-01 12:21:00;234.690
2014-11-01 12:22:00;235.190
2014-11-01 12:23:00;243.050
2014-11-01 12:24:00;239.350
2014-11-01 12:25:00;241.270
2014-11-01 12:26:00;235.440
2014-11-01 12:27:00;239.300
2014-11-01 12:28:00;237.840
2014-11-01 12:29:00;241.850
2014-11-01 12:30:00;238.520
2014-11-01 12:31:00;232.790
2014-11-01 12:32:00;231.490
2014-11-01 12:33:00;238.650
2014-11-01 12:34:00;242.770
2014-11-01 12:35:00;239.770
2014-11-01 12:36:00;240.500
2014-11-01 12:37:00;237.190
2014-11-01 12:38:00;235.740
2014-11-01 12:39:00;240.320
2014-11-01 12:40:00;241.720
2014-11-01 12:41:00;241.300
2014-11-01 12:42:00;243.900
2014-11-01 12:43:00;237.520
2014-11-01 12:44:00;242.470
2014-11-01 12:45:00;234.920
2014-11-01 12:46:00;236.840
2014-11-01 12:47:00;237.340
2014-11-01 12:48:00;237.790
2014-11-01 12:49:00;237.520
2014-11-01 12:50:00;234.370
2014-11-01 12:51:00;238.240
2014-11-01 12:52:00;242.850
2014-11-01 12:53:00;239.170
2014-11-01 12:54:00;239.900
2014-11-01 12:55:00;235.890
2014-11-01 12:56:00;240.500
2014-11-01 12:57:00;245.230
2014-11-01 12:58:00;235.590
2014-11-01 12:59:00;242.250
2014-11-01 13:00:00;239.720
2014-11-01 13:01:00;238.240
2014-11-01 13:02:00;241.820
2014-11-01 13:03:00;238.390
2014-11-01 13:04:00;234.060
2014-11-01 13:05:00;239.550
2014-11-01 13:06:00;240.250
2014-11-01 13:07:00;234.120
2014-11-01 13:08:00;236.490
2014-11-01 13:09:00;241.320
2014-11-01 13:10:00;241.220
2014-11-01 13:11:00;240.500
2014-11-01 13:12:00;239.250
2014-11-01 13:13:00;241.670
2014-11-01 13:14:00;239.750
2014-11-01 13:15:00;233.160
2014-11-01 13:16:00;237.620
2014-11-01 13:17:00;241.070
2014-11-01 13:18:00;234.170
2014-11-01 13:19:00;241.600
2014-11-01 13:20:00;242.170
2014-11-01 13:21:00;243.950
2014-11-01 13:22:00;230.960
2014-11-01 13:23:00;242.320
2014-11-01 13:24:00;244.350
2014-11-01 13:25:00;237.140
2014-11-01 13:26:00;240.400
2014-11-01 13:27:00;244.550
2014-11-01 13:28:00;237.820
2014-11-01 13:29:00;233.490
2014-11-01 13:30:00;234.190
2014-11-01 13:31:00;238.370
2014-11-01 13:32:00;235.820
2014-11-01 13:33:00;236.240
2014-11-01 13:34:00;239.850
2014-11-01 13:35:00;238.420
2014-11-01 13:36:00;236.940
2014-11-01 13:37:00;237.770
2014-11-01 13:38:00;240.700
2014-11-01 13:39:00;238.570
2014-11-01 13:40:00;238.320
2014-11-01 13:41:00;242.150
2014-11-01 13:42:00;236.440
2014-11-01 13:43:00;237.870
2014-11-01 13:44:00;237.820
2014-11-01 13:45:00;234.570
2014-11-01 13:46:00;238.570
2014-11-01 13:47:00;241.150
2014-11-01 13:48:00;240.220
2014-11-01 13:49:00;231.560
2014-11-01 13:50:00;242.720
2014-11-01 13:51:00;239.400
2014-11-01 13:52:00;232.690
2014-11-01 13:53:00;235.040
2014-11-01 13:54:00;235.870
2014-11-01 13:55:00;235.790
2014-11-01 13:56:00;242.500
2014-11-01 13:57:00;240.250
2014-11-01 13:58:00;234.240
2014-11-01 13:59:00;236.720
2014-11-01 14:00:00;235.720
2014-11-01 14:01:00;236.720
2014-11-01 14:02:00;242.570
2014-11-01 14:03:00;231.910
2014-11-01 14:04:00;229.230
2014-11-01 14:05:00;228.410
2014-11-01 14:06:00;240.500
2014-11-01 14:07:00;242.370
2014-11-01 14:08:00;239.670
2014-11-01 14:09:00;237.270
2014-11-01 14:10:00;239.170
2014-11-01 14:11:00;241.700
2014-11-01 14:12:00;236.970
2014-11-01 14:13:00;242.500
2014-11-01 14:14:00;240.650
2014-11-01 14:15:00;237.640
2014-11-01 14:16:00;238.470
2014-11-01 14:17:00;236.940
2014-11-01 14:18:00;241.570
2014-11-01 14:19:00;236.390
2014-11-01 14:20:00;237.070
2014-11-01 14:21:00;235.770
2014-11-01 14:22:00;240.120
2014-11-01 14:23:00;238.320
2014-11-01 14:24:00;236.720
2014-11-01 14:25:00;239.350
2014-11-01 14:26:00;236.270
2014-11-01 14:27:00;239.700
2014-11-01 14:28:00;241.550
2014-11-01 14:29:00;233.940
2014-11-01 14:30:00;234.060
2014-11-01 14:31:00;236.670
2014-11-01 14:32:00;238.020
2014-11-01 14:33:00;239.950
2014-11-01 14:34:00;235.340
2014-11-01 14:35:00;240.770
2014-11-01 14:36:00;234.170
2014-11-01 14:37:00;232.910
2014-11-01 14:38:00;236.220
2014-11-01 14:39:00;239.200
2014-11-01 14:40:00;240.120
2014-11-01 14:41:00;237.740
2014-11-01 14:42:00;237.570
2014-11-01 14:43:00;234.220
2014-11-01 14:44:00;233.860
2014-11-01 14:45:00;237.270
2014-11-01 14:46:00;242.800
2014-11-01 14:47:00;240.070
2014-11-01 14:48:00;235.790
2014-11-01 14:49:00;233.040
2014-11-01 14:50:00;235.720
2014-11-01 14:51:00;232.910
2014-11-01 14:52:00;236.840
2014-11-01 14:53:00;238.520
2014-11-01 14:54:00;232.110
2014-11-01 14:55:00;229.860
2014-11-01 14:56:00;237.590
2014-11-01 14:57:00;229.160
2014-11-01 14:58:00;237.420
2014-11-01 14:59:00;239.000
2014-11-01 15:00:00;236.390
2014-11-01 15:01:00;238.700
2014-11-01 15:02:00;239.450
2014-11-01 15:03:00;243.330
2014-11-01 15:04:00;236.620
2014-11-01 15:05:00;239.750
2014-11-01 15:06:00;234.990
2014-11-01 15:07:00;240.500
2014-11-01 15:08:00;236.290
2014-11-01 15:09:00;231.960
2014-11-01 15:10:00;236.190
2014-11-01 15:11:00;242.420
2014-11-01 15:12:00;245.380
2014-11-01 15:13:00;234.940
2014-11-01 15:14:00;244.150
2014-11-01 15:15:00;235.020
2014-11-01 15:16:00;232.840
2014-11-01 15:17:00;231.490
2014-11-01 15:18:00;236.540
2014-11-01 15:19:00;239.520
2014-11-01 15:20:00;239.700
2014-11-01 15:21:00;231.710
2014-11-01 15:22:00;232.940
2014-11-01 15:23:00;235.320
2014-11-01 15:24:00;236.120
2014-11-01 15:25:00;237.170
2014-11-01 15:26:00;232.960
2014-11-01 15:27:00;235.270
2014-11-01 15:28:00;240.670
2014-11-01 15:29:00;235.540
2014-11-01 15:30:00;238.220
2014-11-01 15:31:00;234.670
2014-11-01 15:32:00;236.890
2014-11-01 15:33:00;235.990
2014-11-01 15:34:00;234.820
2014-11-01 15:35:00;225.630
2014-11-01 15:36:00;240.150
2014-11-01 15:37:00;244.300
2014-11-01 15:38:00;232.710
2014-11-01 15:39:00;240.800
2014-11-01 15:40:00;235.140
2014-11-01 15:41:00;233.110
2014-11-01 15:42:00;237.340
2014-11-01 15:43:00;235.070
2014-11-01 15:44:00;236.640
2014-11-01 15:45:00;232.090
2014-11-01 15:46:00;239.020
2014-11-01 15:47:00;235.720
2014-11-01 15:48:00;239.400
2014-11-01 15:49:00;235.340
2014-11-01 15:50:00;239.600
2014-11-01 15:51:00;232.390
2014-11-01 15:52:00;234.740
2014-11-01 15:53:00;226.280
2014-11-01 15:54:00;232.840
2014-11-01 15:55:00;235.920
2014-11-01 15:56:00;232.740
2014-11-01 15:57:00;242.120
2014-11-01 15:58:00;233.940
2014-11-01 15:59:00;235.220
2014-11-01 16:00:00;243.700
2014-11-01 16:01:00;236.570
2014-11-01 16:02:00;236.020
2014-11-01 16:03:00;237.570
2014-11-01 16:04:00;231.390
2014-11-01 16:05:00;237.790
2014-11-01 16:06:00;229.460
2014-11-01 16:07:00;237.290
2014-11-01 16:08:00;233.960
2014-11-01 16:09:00;241.400
2014-11-01 16:10:00;235.270
2014-11-01 16:11:00;238.570
2014-11-01 16:12:00;235.420
2014-11-01 16:13:00;233.940
2014-11-01 16:14:00;237.370
2014-11-01 16:15:00;239.270
2014-11-01 16:16:00;233.990
2014-11-01 16:17:00;241.750
2014-11-01 16:18:00;231.260
2014-11-01 16:19:00;233.810
2014-11-01 16:20:00;237.540
2014-11-01 16:21:00;243.480
2014-11-01 16:22:00;239.920
2014-11-01 16:23:00;240.820
2014-11-01 16:24:00;238.900
2014-11-01 16:25:00;240.470
2014-11-01 16:26:00;235.340
2014-11-01 16:27:00;238.090
2014-11-01 16:28:00;237.420
2014-11-01 16:29:00;235.940
2014-11-01 16:30:00;235.690
2014-11-01 16:31:00;237.590
2014-11-01 16:32:00;235.370
2014-11-01 16:33:00;233.240
2014-11-01 16:34:00;236.540
2014-11-01 16:35:00;236.040
2014-11-01 16:36:00;234.040
2014-11-01 16:37:00;236.890
2014-11-01 16:38:00;242.120
2014-11-01 16:39:00;242.300
2014-11-01 16:40:00;237.920
2014-11-01 16:41:00;239.020
2014-11-01 16:42:00;237.420
2014-11-01 16:43:00;235.790
2014-11-01 16:44:00;239.220
2014-11-01 16:45:00;234.870
2014-11-01 16:46:00;233.390
2014-11-01 16:47:00;233.610
2014-11-01 16:48:00;240.320
2014-11-01 16:49:00;235.290
2014-11-01 16:50:00;231.690
2014-11-01 16:51:00;240.520
2014-11-01 16:52:00;238.440
2014-11-01 16:53:00;238.070
2014-11-01 16:54:00;242.900
2014-11-01 16:55:00;236.390
2014-11-01 16:56:00;236.970
2014-11-01 16:57:00;240.250
2014-11-01 16:58:00;241.250
2014-11-01 16:59:00;237.340
2014-11-01 17:00:00;236.190
2014-11-01 17:01:00;237.240
2014-11-01 17:02:00;236.670
2014-11-01 17:03:00;240.650
2014-11-01 17:04:00;236.240
2014-11-01 17:05:00;236.570
2014-11-01 17:06:00;236.040
2014-11-01 17:07:00;234.840
2014-11-01 17:08:00;237.220
2014-11-01 17:09:00;241.650
2014-11-01 17:10:00;236.890
2014-11-01 17:11:00;239.150
2014-11-01 17:12:00;242.520
2014-11-01 17:13:00;239.950
2014-11-01 17:14:00;234.870
2014-11-01 17:15:00;235.290
2014-11-01 17:16:00;240.600
2014-11-01 17:17:00;230.740
2014-11-01 17:18:00;228.760
2014-11-01 17:19:00;239.570
2014-11-01 17:20:00;240.050
2014-11-01 17:21:00;239.150
2014-11-01 17:22:00;240.370
2014-11-01 17:23:00;236.690
2014-11-01 17:24:00;235.920
2014-11-01 17:25:00;235.690
2014-11-01 17:26:00;234.790
2014-11-01 17:27:00;234.670
2014-11-01 17:28:00;235.940
2014-11-01 17:29:00;241.000
2014-11-01 17:30:00;233.440
2014-11-01 17:31:00;230.360
2014-11-01 17:32:00;236.390
2014-11-01 17:33:00;235.490
2014-11-01 17:34:00;235.170
2014-11-01 17:35:00;236.470
2014-11-01 17:36:00;235.870
2014-11-01 17:37:00;235.520
2014-11-01 17:38:00;239.170
2014-11-01 17:39:00;236.270
2014-11-01 17:40:00;240.620
2014-11-01 17:41:00;232.640
2014-11-01 17:42:00;241.120
2014-11-01 17:43:00;231.140
2014-11-01 17:44:00;232.460
2014-11-01 17:45:00;226.480
2014-11-01 17:46:00;231.960
2014-11-01 17:47:00;231.810
2014-11-01 17:48:00;240.220
2014-11-01 17:49:00;236.870
2014-11-01 17:50:00;234.120
2014-11-01 17:51:00;234.320
2014-11-01 17:52:00;237.420
2014-11-01 17:53:00;241.450
2014-11-01 17:54:00;233.210
2014-11-01 17:55:00;235.520
2014-11-01 17:56:00;236.020
2014-11-01 17:57:00;240.500
2014-11-01 17:58:00;238.720
2014-11-01 17:59:00;240.700
2014-11-01 18:00:00;237.890
2014-11-01 18:01:00;228.760
2014-11-01 18:02:00;233.590
2014-11-01 18:03:00;238.290
2014-11-01 18:04:00;238.470
2014-11-01 18:05:00;239.670
2014-11-01 18:06:00;239.150
2014-11-01 18:07:00;240.420
2014-11-01 18:08:00;239.850
2014-11-01 18:09:00;236.440
2014-11-01 18:10:00;241.250
2014-11-01 18:11:00;230.110
2014-11-01 18:12:00;236.290
2014-11-01 18:13:00;238.800
2014-11-01 18:14:00;238.820
2014-11-01 18:15:00;232.440
2014-11-01 18:16:00;234.270
2014-11-01 18:17:00;234.840
2014-11-01 18:18:00;237.770
2014-11-01 18:19:00;235.140
2014-11-01 18:20:00;241.200
2014-11-01 18:21:00;237.970
2014-11-01 18:22:00;238.490
2014-11-01 18:23:00;239.470
2014-11-01 18:24:00;242.520
2014-11-01 18:25:00;234.240
2014-11-01 18:26:00;239.200
2014-11-01 18:27:00;233.290
2014-11-01 18:28:00;235.770
2014-11-01 18:29:00;234.770
2014-11-01 18:30:00;239.850
2014-11-01 18:31:00;237.240
2014-11-01 18:32:00;237.020
2014-11-01 18:33:00;235.420
2014-11-01 18:34:00;235.140
2014-11-01 18:35:00;238.700
2014-11-01 18:36:00;231.360
2014-11-01 18:37:00;239.070
2014-11-01 18:38:00;237.090
2014-11-01 18:39:00;234.420
2014-11-01 18:40:00;235.670
2014-11-01 18:41:00;238.370
2014-11-01 18:42:00;237.270
2014-11-01 18:43:00;231.840
2014-11-01 18:44:00;230.860
2014-11-01 18:45:00;238.320
2014-11-01 18:46:00;240.750
2014-11-01 18:47:00;235.820
2014-11-01 18:48:00;236.170
2014-11-01 18:49:00;238.950
2014-11-01 18:50:00;239.500
2014-11-01 18:51:00;229.230
2014-11-01 18:52:00;236.170
2014-11-01 18:53:00;236.020
2014-11-01 18:54:00;237.340
2014-11-01 18:55:00;239.170
2014-11-01 18:56:00;235.790
2014-11-01 18:57:00;235.590
2014-11-01 18:58:00;231.610
2014-11-01 18:59:00;239.200
2014-11-01 19:00:00;240.550
2014-11-01 19:01:00;241.570
2014-11-01 19:02:00;239.320
2014-11-01 19:03:00;238.090
2014-11-01 19:04:00;233.960
2014-11-01 19:05:00;239.620
2014-11-01 19:06:00;234.790
2014-11-01 19:07:00;243.700
2014-11-01 19:08:00;234.490
2014-11-01 19:09:00;228.930
2014-11-01 19:10:00;239.720
2014-11-01 19:11:00;241.850
2014-11-01 19:12:00;232.590
2014-11-01 19:13:00;234.520
2014-11-01 19:14:00;236.690
2014-11-01 19:15:00;241.450
2014-11-01 19:16:00;233.410
2014-11-01 19:17:00;227.210
2014-11-01 19:18:00;240.750
2014-11-01 19:19:00;238.570
2014-11-01 19:20:00;235.140
2014-11-01 19:21:00;232.860
2014-11-01 19:22:00;228.610
2014-11-01 19:23:00;237.920
2014-11-01 19:24:00;236.670
2014-11-01 19:25:00;237.470
2014-11-01 19:26:00;237.320
2014-11-01 19:27:00;236.870
2014-11-01 19:28:00;239.870
2014-11-01 19:29:00;233.160
2014-11-01 19:30:00;236.020
2014-11-01 19:31:00;235.340
2014-11-01 19:32:00;234.720
2014-11-01 19:33:00;236.340
2014-11-01 19:34:00;239.600
2014-11-01 19:35:00;234.540
2014-11-01 19:36:00;230.090
2014-11-01 19:37:00;230.040
2014-11-01 19:38:00;231.260
2014-11-01 19:39:00;230.460
2014-11-01 19:40:00;239.400
2014-11-01 19:41:00;238.070
2014-11-01 19:42:00;236.170
2014-11-01 19:43:00;236.120
2014-11-01 19:44:00;238.870
2014-11-01 19:45:00;232.110
2014-11-01 19:46:00;236.690
2014-11-01 19:47:00;232.260
2014-11-01 19:48:00;230.460
2014-11-01 19:49:00;232.760
2014-11-01 19:50:00;233.310
2014-11-01 19:51:00;237.220
2014-11-01 19:52:00;236.220
2014-11-01 19:53:00;233.590
2014-11-01 19:54:00;234.570
2014-11-01 19:55:00;239.600
2014-11-01 19:56:00;232.610
2014-11-01 19:57:00;232.910
2014-11-01 19:58:00;228.130
2014-11-01 19:59:00;235.170
2014-11-01 20:00:00;237.790
2014-11-01 20:01:00;232.060
2014-11-01 20:02:00;241.370
2014-11-01 20:03:00;233.440
2014-11-01 20:04:00;233.360
2014-11-01 20:05:00;233.760
2014-11-01 20:06:00;233.960
2014-11-01 20:07:00;234.890
2014-11-01 20:08:00;232.860
2014-11-01 20:09:00;230.490
2014-11-01 20:10:00;235.370
2014-11-01 20:11:00;237.270
2014-11-01 20:12:00;234.520
2014-11-01 20:13:00;238.040
2014-11-01 20:14:00;230.260
2014-11-01 20:15:00;232.310
2014-11-01 20:16:00;236.440
2014-11-01 20:17:00;230.960
2014-11-01 20:18:00;225.280
2014-11-01 20:19:00;237.190
2014-11-01 20:20:00;237.070
2014-11-01 20:21:00;230.410
2014-11-01 20:22:00;232.440
2014-11-01 20:23:00;232.960
2014-11-01 20:24:00;232.740
2014-11-01 20:25:00;232.360
2014-11-01 20:26:00;236.290
2014-11-01 20:27:00;234.670
2014-11-01 20:28:00;231.590
2014-11-01 20:29:00;235.190
2014-11-01 20:30:00;234.320
2014-11-01 20:31:00;235.170
2014-11-01 20:32:00;232.590
2014-11-01 20:33:00;232.240
2014-11-01 20:34:00;234.690
2014-11-01 20:35:00;234.640
2014-11-01 20:36:00;235.940
2014-11-01 20:37:00;232.690
2014-11-01 20:38:00;230.910
2014-11-01 20:39:00;230.710
2014-11-01 20:40:00;230.160
2014-11-01 20:41:00;235.820
2014-11-01 20:42:00;232.990
2014-11-01 20:43:00;232.310
2014-11-01 20:44:00;235.840
2014-11-01 20:45:00;233.790
2014-11-01 20:46:00;231.810
2014-11-01 20:47:00;235.240
2014-11-01 20:48:00;229.310
2014-11-01 20:49:00;229.630
2014-11-01 20:50:00;234.770
2014-11-01 20:51:00;225.580
2014-11-01 20:52:00;232.010
2014-11-01 20:53:00;232.140
2014-11-01 20:54:00;229.380
2014-11-01 20:55:00;232.860
2014-11-01 20:56:00;235.070
2014-11-01 20:57:00;234.840
2014-11-01 20:58:00;237.090
2014-11-01 20:59:00;232.290
2014-11-01 21:00:00;227.380
2014-11-01 21:01:00;233.440
2014-11-01 21:02:00;235.070
2014-11-01 21:03:00;231.160
2014-11-01 21:04:00;231.160
2014-11-01 21:05:00;231.740
2014-11-01 21:06:00;236.220
2014-11-01 21:07:00;232.640
2014-11-01 21:08:00;233.160
2014-11-01 21:09:00;237.140
2014-11-01 21:10:00;234.670
2014-11-01 21:11:00;228.510
2014-11-01 21:12:00;231.110
2014-11-01 21:13:00;236.670
2014-11-01 21:14:00;233.440
2014-11-01 21:15:00;232.990
2014-11-01 21:16:00;227.310
2014-11-01 21:17:00;229.360
2014-11-01 21:18:00;232.210
2014-11-01 21:19:00;238.070
2014-11-01 21:20:00;234.040
2014-11-01 21:21:00;234.870
2014-11-01 21:22:00;231.990
2014-11-01 21:23:00;231.240
2014-11-01 21:24:00;236.270
2014-11-01 21:25:00;236.190
2014-11-01 21:26:00;236.290
2014-11-01 21:27:00;233.210
2014-11-01 21:28:00;232.210
2014-11-01 21:29:00;235.390
2014-11-01 21:30:00;233.110
2014-11-01 21:31:00;236.820
2014-11-01 21:32:00;237.120
2014-11-01 21:33:00;235.820
2014-11-01 21:34:00;232.640
2014-11-01 21:35:00;231.960
2014-11-01 21:36:00;233.660
2014-11-01 21:37:00;236.570
2014-11-01 21:38:00;235.420
2014-11-01 21:39:00;232.660
2014-11-01 21:40:00;232.760
2014-11-01 21:41:00;240.400
2014-11-01 21:42:00;236.920
2014-11-01 21:43:00;235.870
2014-11-01 21:44:00;237.840
2014-11-01 21:45:00;235.920
2014-11-01 21:46:00;230.640
2014-11-01 21:47:00;233.990
2014-11-01 21:48:00;231.590
2014-11-01 21:49:00;234.520
2014-11-01 21:50:00;239.220
2014-11-01 21:51:00;231.010
2014-11-01 21:52:00;236.370
2014-11-01 21:53:00;231.160
2014-11-01 21:54:00;232.940
2014-11-01 21:55:00;229.510
2014-11-01 21:56:00;239.200
2014-11-01 21:57:00;233.410
2014-11-01 21:58:00;235.290
2014-11-01 21:59:00;243.450
2014-11-01 22:00:00;232.060
2014-11-01 22:01:00;234.060
2014-11-01 22:02:00;233.390
2014-11-01 22:03:00;240.120
2014-11-01 22:04:00;234.820
2014-11-01 22:05:00;233.140
2014-11-01 22:06:00;230.560
2014-11-01 22:07:00;236.040
2014-11-01 22:08:00;236.940
2014-11-01 22:09:00;232.490
2014-11-01 22:10:00;233.410
2014-11-01 22:11:00;234.470
2014-11-01 22:12:00;238.950
2014-11-01 22:13:00;237.170
2014-11-01 22:14:00;234.270
2014-11-01 22:15:00;235.990
2014-11-01 22:16:00;234.470
2014-11-01 22:17:00;232.340
2014-11-01 22:18:00;236.720
2014-11-01 22:19:00;229.940
2014-11-01 22:20:00;227.580
2014-11-01 22:21:00;235.990
2014-11-01 22:22:00;233.290
2014-11-01 22:23:00;234.770
2014-11-01 22:24:00;233.610
2014-11-01 22:25:00;232.810
2014-11-01 22:26:00;230.340
2014-11-01 22:27:00;234.840
2014-11-01 22:28:00;234.690
2014-11-01 22:29:00;233.190
2014-11-01 22:30:00;238.120
2014-11-01 22:31:00;228.430
2014-11-01 22:32:00;237.370
2014-11-01 22:33:00;236.970
2014-11-01 22:34:00;233.140
2014-11-01 22:35:00;234.540
2014-11-01 22:36:00;237.670
2014-11-01 22:37:00;230.040
2014-11-01 22:38:00;237.040
2014-11-01 22:39:00;233.410
2014-11-01 22:40:00;232.890
2014-11-01 22:41:00;237.240
2014-11-01 22:42:00;235.440
2014-11-01 22:43:00;226.510
2014-11-01 22:44:00;234.890
2014-11-01 22:45:00;237.590
2014-11-01 22:46:00;238.440
2014-11-01 22:47:00;228.930
2014-11-01 22:48:00;228.160
2014-11-01 22:49:00;232.490
2014-11-01 22:50:00;236.240
2014-11-01 22:51:00;239.570
2014-11-01 22:52:00;234.640
2014-11-01 22:53:00;233.990
2014-11-01 22:54:00;236.540
2014-11-01 22:55:00;235.020
2014-11-01 22:56:00;233.260
2014-11-01 22:57:00;238.170
2014-11-01 22:58:00;237.190
2014-11-01 22:59:00;239.600
2014-11-01 23:00:00;233.510
2014-11-01 23:01:00;236.620
2014-11-01 23:02:00;235.590
2014-11-01 23:03:00;238.850
2014-11-01 23:04:00;234.420
2014-11-01 23:05:00;227.280
2014-11-01 23:06:00;235.190
2014-11-01 23:07:00;237.620
2014-11-01 23:08:00;232.840
2014-11-01 23:09:00;229.430
2014-11-01 23:10:00;233.710
2014-11-01 23:11:00;233.810
2014-11-01 23:12:00;236.020
2014-11-01 23:13:00;238.620
2014-11-01 23:14:00;240.270
2014-11-01 23:15:00;234.870
2014-11-01 23:16:00;232.240
2014-11-01 23:17:00;236.020
2014-11-01 23:18:00;234.470
2014-11-01 23:19:00;232.590
2014-11-01 23:20:00;237.420
2014-11-01 23:21:00;236.340
2014-11-01 23:22:00;232.910
2014-11-01 23:23:00;235.790
2014-11-01 23:24:00;235.170
2014-11-01 23:25:00;227.080
2014-11-01 23:26:00;240.520
2014-11-01 23:27:00;235.740
2014-11-01 23:28:00;235.820
2014-11-01 23:29:00;238.170
2014-11-01 23:30:00;232.860
2014-11-01 23:31:00;239.800
2014-11-01 23:32:00;232.290
2014-11-01 23:33:00;239.100
2014-11-01 23:34:00;237.520
2014-11-01 23:35:00;235.290
2014-11-01 23:36:00;236.540
2014-11-01 23:37:00;233.160
2014-11-01 23:38:00;237.120
2014-11-01 23:39:00;231.140
2014-11-01 23:40:00;235.820
2014-11-01 23:41:00;233.660
2014-11-01 23:42:00;233.710
2014-11-01 23:43:00;231.160
2014-11-01 23:44:00;241.970
2014-11-01 23:45:00;235.790
2014-11-01 23:46:00;232.360
2014-11-01 23:47:00;235.720
2014-11-01 23:48:00;240.800
2014-11-01 23:49:00;230.060
2014-11-01 23:50:00;236.770
2014-11-01 23:51:00;232.010
2014-11-01 23:52:00;236.870
2014-11-01 23:53:00;234.440
2014-11-01 23:54:00;233.410
2014-11-01 23:55:00;235.740
2014-11-01 23:56:00;235.270
2014-11-01 23:57:00;234.540
2014-11-01 23:58:00;237.540
2014-11-01 23:59:00;233.560
2014-11-02 00:00:00;229.940
2014-11-02 00:01:00;233.340
2014-11-02 00:02:00;235.420
2014-11-02 00:03:00;232.140
2014-11-02 00:04:00;229.560
2014-11-02 00:05:00;233.510
2014-11-02 00:06:00;237.190
2014-11-02 00:07:00;242.850
2014-11-02 00:08:00;234.970
2014-11-02 00:09:00;236.440
2014-11-02 00:10:00;233.940
2014-11-02 00:11:00;236.570
2014-11-02 00:12:00;235.770
2014-11-02 00:13:00;235.590
2014-11-02 00:14:00;230.710
2014-11-02 00:15:00;227.280
2014-11-02 00:16:00;230.240
2014-11-02 00:17:00;232.510
2014-11-02 00:18:00;233.090
2014-11-02 00:19:00;239.220
2014-11-02 00:20:00;233.460
2014-11-02 00:21:00;232.940
2014-11-02 00:22:00;232.240
2014-11-02 00:23:00;231.460
2014-11-02 00:24:00;234.170
2014-11-02 00:25:00;229.990
2014-11-02 00:26:00;225.530
2014-11-02 00:27:00;240.050
2014-11-02 00:28:00;233.210
2014-11-02 00:29:00;232.790
2014-11-02 00:30:00;233.260
2014-11-02 00:31:00;237.740
2014-11-02 00:32:00;237.140
2014-11-02 00:33:00;234.470
2014-11-02 00:34:00;232.310
2014-11-02 00:35:00;232.890
2014-11-02 00:36:00;235.340
2014-11-02 00:37:00;235.370
2014-11-02 00:38:00;235.990
2014-11-02 00:39:00;231.040
2014-11-02 00:40:00;235.040
2014-11-02 00:41:00;233.610
2014-11-02 00:42:00;236.720
2014-11-02 00:43:00;235.970
2014-11-02 00:44:00;232.890
2014-11-02 00:45:00;231.290
2014-11-02 00:46:00;241.070
2014-11-02 00:47:00;231.240
2014-11-02 00:48:00;228.580
2014-11-02 00:49:00;227.680
2014-11-02 00:50:00;234.820
2014-11-02 00:51:00;237.620
2014-11-02 00:52:00;235.520
2014-11-02 00:53:00;233.990
2014-11-02 00:54:00;239.870
2014-11-02 00:55:00;228.830
2014-11-02 00:56:00;233.860
2014-11-02 00:57:00;238.750
2014-11-02 00:58:00;236.940
2014-11-02 00:59:00;229.860
2014-11-02 01:00:00;237.690
2014-11-02 01:01:00;231.740
2014-11-02 01:02:00;234.870
2014-11-02 01:03:00;235.920
2014-11-02 01:04:00;231.810
2014-11-02 01:05:00;234.440
2014-11-02 01:06:00;232.060
2014-11-02 01:07:00;241.250
2014-11-02 01:08:00;238.700
2014-11-02 01:09:00;235.870
2014-11-02 01:10:00;232.060
2014-11-02 01:11:00;237.270
2014-11-02 01:12:00;233.140
2014-11-02 01:13:00;232.590
2014-11-02 01:14:00;234.010
2014-11-02 01:15:00;228.460
2014-11-02 01:16:00;236.570
2014-11-02 01:17:00;237.040
2014-11-02 01:18:00;233.340
2014-11-02 01:19:00;237.690
2014-11-02 01:20:00;234.340
2014-11-02 01:21:00;233.540
2014-11-02 01:22:00;233.960
2014-11-02 01:23:00;234.240
2014-11-02 01:24:00;235.440
2014-11-02 01:25:00;235.240
2014-11-02 01:26:00;236.890
2014-11-02 01:27:00;233.260
2014-11-02 01:28:00;231.890
2014-11-02 01:29:00;235.820
2014-11-02 01:30:00;236.890
2014-11-02 01:31:00;237.390
2014-11-02 01:32:00;240.100
2014-11-02 01:33:00;233.010
2014-11-02 01:34:00;231.660
2014-11-02 01:35:00;227.960
2014-11-02 01:36:00;232.610
2014-11-02 01:37:00;233.660
2014-11-02 01:38:00;233.510
2014-11-02 01:39:00;229.430
2014-11-02 01:40:00;237.770
2014-11-02 01:41:00;238.970
2014-11-02 01:42:00;233.260
2014-11-02 01:43:00;231.660
2014-11-02 01:44:00;231.060
2014-11-02 01:45:00;232.990
2014-11-02 01:46:00;233.310
2014-11-02 01:47:00;234.790
2014-11-02 01:48:00;241.020
2014-11-02 01:49:00;236.370
2014-11-02 01:50:00;232.560
2014-11-02 01:51:00;232.640
2014-11-02 01:52:00;240.550
2014-11-02 01:53:00;226.030
2014-11-02 01:54:00;232.310
2014-11-02 01:55:00;234.570
2014-11-02 01:56:00;240.070
2014-11-02 01:57:00;234.390
2014-11-02 01:58:00;233.990
2014-11-02 01:59:00;232.590
2014-11-02 02:00:00;229.430
2014-11-02 02:01:00;233.010
2014-11-02 02:02:00;234.220
2014-11-02 02:03:00;234.570
2014-11-02 02:04:00;238.950
2014-11-02 02:05:00;228.660
2014-11-02 02:06:00;237.220
2014-11-02 02:07:00;232.610
2014-11-02 02:08:00;238.390
2014-11-02 02:09:00;234.320
2014-11-02 02:10:00;228.010
2014-11-02 02:11:00;242.000
2014-11-02 02:12:00;233.460
2014-11-02 02:13:00;234.520
2014-11-02 02:14:00;240.870
2014-11-02 02:15:00;235.740
2014-11-02 02:16:00;244.680
2014-11-02 02:17:00;231.810
2014-11-02 02:18:00;242.900
2014-11-02 02:19:00;237.440
2014-11-02 02:20:00;232.190
2014-11-02 02:21:00;234.040
2014-11-02 02:22:00;236.940
2014-11-02 02:23:00;238.070
2014-11-02 02:24:00;239.000
2014-11-02 02:25:00;235.490
2014-11-02 02:26:00;236.170
2014-11-02 02:27:00;238.290
2014-11-02 02:28:00;239.900
2014-11-02 02:29:00;241.120
2014-11-02 02:30:00;233.760
2014-11-02 02:31:00;235.720
2014-11-02 02:32:00;236.090
2014-11-02 02:33:00;226.010
2014-11-02 02:34:00;235.370
2014-11-02 02:35:00;240.020
2014-11-02 02:36:00;236.940
2014-11-02 02:37:00;237.140
2014-11-02 02:38:00;234.220
2014-11-02 02:39:00;232.460
2014-11-02 02:40:00;235.820
2014-11-02 02:41:00;233.660
2014-11-02 02:42:00;232.610
2014-11-02 02:43:00;233.940
2014-11-02 02:44:00;236.820
2014-11-02 02:45:00;234.990
2014-11-02 02:46:00;238.090
2014-11-02 02:47:00;237.790
2014-11-02 02:48:00;237.120
2014-11-02 02:49:00;236.390
2014-11-02 02:50:00;231.990
2014-11-02 02:51:00;238.870
2014-11-02 02:52:00;234.890
2014-11-02 02:53:00;235.170
2014-11-02 02:54:00;231.460
2014-11-02 02:55:00;235.390
2014-11-02 02:56:00;236.670
2014-11-02 02:57:00;239.600
2014-11-02 02:58:00;231.210
2014-11-02 02:59:00;233.840
2014-11-02 03:00:00;238.670
2014-11-02 03:01:00;236.190
2014-11-02 03:02:00;233.390
2014-11-02 03:03:00;232.590
2014-11-02 03:04:00;232.540
2014-11-02 03:05:00;233.510
2014-11-02 03:06:00;228.160
2014-11-02 03:07:00;233.140
2014-11-02 03:08:00;233.390
2014-11-02 03:09:00;241.270
2014-11-02 03:10:00;238.220
2014-11-02 03:11:00;232.510
2014-11-02 03:12:00;229.560
2014-11-02 03:13:00;232.190
2014-11-02 03:14:00;235.770
2014-11-02 03:15:00;232.460
2014-11-02 03:16:00;232.610
2014-11-02 03:17:00;229.960
2014-11-02 03:18:00;235.120
2014-11-02 03:19:00;236.220
2014-11-02 03:20:00;233.840
2014-11-02 03:21:00;240.570
2014-11-02 03:22:00;242.700
2014-11-02 03:23:00;240.000
2014-11-02 03:24:00;239.120
2014-11-02 03:25:00;232.510
2014-11-02 03:26:00;235.840
2014-11-02 03:27:00;237.440
2014-11-02 03:28:00;232.590
2014-11-02 03:29:00;234.920
2014-11-02 03:30:00;236.120
2014-11-02 03:31:00;235.190
2014-11-02 03:32:00;234.440
2014-11-02 03:33:00;238.970
2014-11-02 03:34:00;234.220
2014-11-02 03:35:00;238.190
2014-11-02 03:36:00;238.820
2014-11-02 03:37:00;229.030
2014-11-02 03:38:00;230.690
2014-11-02 03:39:00;241.420
2014-11-02 03:40:00;232.960
2014-11-02 03:41:00;239.700
2014-11-02 03:42:00;234.140
2014-11-02 03:43:00;235.620
2014-11-02 03:44:00;241.750
2014-11-02 03:45:00;235.520
2014-11-02 03:46:00;238.040
2014-11-02 03:47:00;234.170
2014-11-02 03:48:00;239.120
2014-11-02 03:49:00;238.650
2014-11-02 03:50:00;233.740
2014-11-02 03:51:00;235.540
2014-11-02 03:52:00;235.890
2014-11-02 03:53:00;238.820
2014-11-02 03:54:00;239.550
2014-11-02 03:55:00;240.500
2014-11-02 03:56:00;231.990
2014-11-02 03:57:00;233.090
2014-11-02 03:58:00;237.220
2014-11-02 03:59:00;229.030
2014-11-02 04:00:00;231.410
2014-11-02 04:01:00;239.520
2014-11-02 04:02:00;236.690
2014-11-02 04:03:00;235.270
2014-11-02 04:04:00;237.240
2014-11-02 04:05:00;234.120
2014-11-02 04:06:00;233.410
2014-11-02 04:07:00;234.940
2014-11-02 04:08:00;239.370
2014-11-02 04:09:00;234.390
2014-11-02 04:10:00;235.640
2014-11-02 04:11:00;233.460
2014-11-02 04:12:00;241.050
2014-11-02 04:13:00;233.310
2014-11-02 04:14:00;235.920
2014-11-02 04:15:00;235.790
2014-11-02 04:16:00;232.310
2014-11-02 04:17:00;236.040
2014-11-02 04:18:00;234.470
2014-11-02 04:19:00;234.120
2014-11-02 04:20:00;233.340
2014-11-02 04:21:00;237.990
2014-11-02 04:22:00;229.840
2014-11-02 04:23:00;236.620
2014-11-02 04:24:00;238.170
2014-11-02 04:25:00;225.460
2014-11-02 04:26:00;232.710
2014-11-02 04:27:00;237.970
2014-11-02 04:28:00;243.100
2014-11-02 04:29:00;236.620
2014-11-02 04:30:00;232.590
2014-11-02 04:31:00;238.440
2014-11-02 04:32:00;236.620
2014-11-02 04:33:00;236.140
2014-11-02 04:34:00;234.340
2014-11-02 04:35:00;238.040
2014-11-02 04:36:00;242.370
2014-11-02 04:37:00;241.600
2014-11-02 04:38:00;239.770
2014-11-02 04:39:00;234.970
2014-11-02 04:40:00;234.470
2014-11-02 04:41:00;236.020
2014-11-02 04:42:00;235.590
2014-11-02 04:43:00;238.920
2014-11-02 04:44:00;242.220
2014-11-02 04:45:00;238.090
2014-11-02 04:46:00;234.170
2014-11-02 04:47:00;232.710
2014-11-02 04:48:00;239.950
2014-11-02 04:49:00;232.460
2014-11-02 04:50:00;229.460
2014-11-02 04:51:00;235.370
2014-11-02 04:52:00;232.190
2014-11-02 04:53:00;238.440
2014-11-02 04:54:00;231.310
2014-11-02 04:55:00;240.020
2014-11-02 04:56:00;236.070
2014-11-02 04:57:00;238.190
2014-11-02 04:58:00;237.690
2014-11-02 04:59:00;234.420
2014-11-02 05:00:00;230.710
2014-11-02 05:01:00;240.470
2014-11-02 05:02:00;239.620
2014-11-02 05:03:00;236.370
2014-11-02 05:04:00;231.940
2014-11-02 05:05:00;232.990
2014-11-02 05:06:00;229.610
2014-11-02 05:07:00;236.990
2014-11-02 05:08:00;239.770
2014-11-02 05:09:00;234.970
2014-11-02 05:10:00;231.310
2014-11-02 05:11:00;236.970
2014-11-02 05:12:00;237.890
2014-11-02 05:13:00;233.990
2014-11-02 05:14:00;234.140
2014-11-02 05:15:00;232.260
2014-11-02 05:16:00;231.810
2014-11-02 05:17:00;238.320
2014-11-02 05:18:00;235.570
2014-11-02 05:19:00;237.040
2014-11-02 05:20:00;235.520
2014-11-02 05:21:00;231.540
2014-11-02 05:22:00;237.820
2014-11-02 05:23:00;233.210
2014-11-02 05:24:00;232.540
2014-11-02 05:25:00;241.100
2014-11-02 05:26:00;231.940
2014-11-02 05:27:00;234.920
2014-11-02 05:28:00;235.720
2014-11-02 05:29:00;234.190
2014-11-02 05:30:00;237.190
2014-11-02 05:31:00;228.010
2014-11-02 05:32:00;233.390
2014-11-02 05:33:00;233.310
2014-11-02 05:34:00;236.420
2014-11-02 05:35:00;237.290
2014-11-02 05:36:00;240.070
2014-11-02 05:37:00;233.660
2014-11-02 05:38:00;228.810
2014-11-02 05:39:00;232.590
2014-11-02 05:40:00;236.670
2014-11-02 05:41:00;240.200
2014-11-02 05:42:00;237.920
2014-11-02 05:43:00;234.390
2014-11-02 05:44:00;231.590
2014-11-02 05:45:00;231.290
2014-11-02 05:46:00;236.870
2014-11-02 05:47:00;238.090
2014-11-02 05:48:00;235.920
2014-11-02 05:49:00;234.320
2014-11-02 05:50:00;239.500
2014-11-02 05:51:00;236.470
2014-11-02 05:52:00;239.500
2014-11-02 05:53:00;237.370
2014-11-02 05:54:00;234.090
2014-11-02 05:55:00;232.090
2014-11-02 05:56:00;235.120
2014-11-02 05:57:00;232.610
2014-11-02 05:58:00;238.550
2014-11-02 05:59:00;236.290
2014-11-02 06:00:00;235.040
2014-11-02 06:01:00;228.480
2014-11-02 06:02:00;243.500
2014-11-02 06:03:00;239.800
2014-11-02 06:04:00;238.440
2014-11-02 06:05:00;231.840
2014-11-02 06:06:00;236.920
2014-11-02 06:07:00;237.720
2014-11-02 06:08:00;235.970
2014-11-02 06:09:00;231.090
2014-11-02 06:10:00;235.390
2014-11-02 06:11:00;238.550
2014-11-02 06:12:00;235.870
2014-11-02 06:13:00;233.240
2014-11-02 06:14:00;237.490
2014-11-02 06:15:00;236.440
2014-11-02 06:16:00;239.500
2014-11-02 06:17:00;241.800
2014-11-02 06:18:00;234.240
2014-11-02 06:19:00;241.070
2014-11-02 06:20:00;229.180
2014-11-02 06:21:00;233.960
2014-11-02 06:22:00;232.190
2014-11-02 06:23:00;235.770
2014-11-02 06:24:00;242.550
2014-11-02 06:25:00;234.540
2014-11-02 06:26:00;234.090
2014-11-02 06:27:00;227.260
2014-11-02 06:28:00;234.990
2014-11-02 06:29:00;240.670
2014-11-02 06:30:00;231.810
2014-11-02 06:31:00;235.870
2014-11-02 06:32:00;234.120
2014-11-02 06:33:00;232.890
2014-11-02 06:34:00;234.670
2014-11-02 06:35:00;236.890
2014-11-02 06:36:00;234.090
2014-11-02 06:37:00;239.220
2014-11-02 06:38:00;230.960
2014-11-02 06:39:00;236.520
2014-11-02 06:40:00;235.240
2014-11-02 06:41:00;238.520
2014-11-02 06:42:00;228.630
2014-11-02 06:43:00;232.140
2014-11-02 06:44:00;242.870
2014-11-02 06:45:00;238.140
2014-11-02 06:46:00;236.290
2014-11-02 06:47:00;235.890
2014-11-02 06:48:00;236.320
2014-11-02 06:49:00;235.190
2014-11-02 06:50:00;235.320
2014-11-02 06:51:00;236.240
2014-11-02 06:52:00;230.390
2014-11-02 06:53:00;235.320
2014-11-02 06:54:00;234.170
2014-11-02 06:55:00;235.640
2014-11-02 06:56:00;224.600
2014-11-02 06:57:00;233.710
2014-11-02 06:58:00;235.140
2014-11-02 06:59:00;233.240
2014-11-02 07:00:00;232.240
2014-11-02 07:01:00;233.860
2014-11-02 07:02:00;236.570
2014-11-02 07:03:00;227.360
2014-11-02 07:04:00;234.540
2014-11-02 07:05:00;236.370
2014-11-02 07:06:00;238.620
2014-11-02 07:07:00;238.520
2014-11-02 07:08:00;231.010
2014-11-02 07:09:00;233.260
2014-11-02 07:10:00;241.570
2014-11-02 07:11:00;229.660
2014-11-02 07:12:00;237.940
2014-11-02 07:13:00;234.820
2014-11-02 07:14:00;229.210
2014-11-02 07:15:00;238.670
2014-11-02 07:16:00;233.210
2014-11-02 07:17:00;229.560
2014-11-02 07:18:00;238.900
2014-11-02 07:19:00;234.090
2014-11-02 07:20:00;229.360
2014-11-02 07:21:00;236.420
2014-11-02 07:22:00;231.140
2014-11-02 07:23:00;236.470
2014-11-02 07:24:00;236.090
2014-11-02 07:25:00;236.370
2014-11-02 07:26:00;233.710
2014-11-02 07:27:00;236.620
2014-11-02 07:28:00;233.610
2014-11-02 07:29:00;233.140
2014-11-02 07:30:00;238.720
2014-11-02 07:31:00;236.220
2014-11-02 07:32:00;232.190
2014-11-02 07:33:00;237.770
2014-11-02 07:34:00;234.440
2014-11-02 07:35:00;235.570
2014-11-02 07:36:00;237.290
2014-11-02 07:37:00;233.240
2014-11-02 07:38:00;236.220
2014-11-02 07:39:00;236.690
2014-11-02 07:40:00;233.940
2014-11-02 07:41:00;235.840
2014-11-02 07:42:00;230.960
2014-11-02 07:43:00;241.670
2014-11-02 07:44:00;231.960
2014-11-02 07:45:00;234.010
2014-11-02 07:46:00;233.440
2014-11-02 07:47:00;235.620
2014-11-02 07:48:00;229.760
2014-11-02 07:49:00;234.520
2014-11-02 07:50:00;238.550
2014-11-02 07:51:00;233.010
2014-11-02 07:52:00;235.790
2014-11-02 07:53:00;236.820
2014-11-02 07:54:00;233.660
2014-11-02 07:55:00;235.990
2014-11-02 07:56:00;235.890
2014-11-02 07:57:00;235.820
2014-11-02 07:58:00;241.600
2014-11-02 07:59:00;228.530
2014-11-02 08:00:00;235.340
2014-11-02 08:01:00;240.770
2014-11-02 08:02:00;235.720
2014-11-02 08:03:00;241.320
2014-11-02 08:04:00;235.520
2014-11-02 08:05:00;239.650
2014-11-02 08:06:00;232.640
2014-11-02 08:07:00;235.220
2014-11-02 08:08:00;232.060
2014-11-02 08:09:00;229.960
2014-11-02 08:10:00;232.110
2014-11-02 08:11:00;233.560
2014-11-02 08:12:00;233.240
2014-11-02 08:13:00;231.310
2014-11-02 08:14:00;237.320
2014-11-02 08:15:00;229.430
2014-11-02 08:16:00;237.120
2014-11-02 08:17:00;233.660
2014-11-02 08:18:00;234.640
2014-11-02 08:19:00;237.340
2014-11-02 08:20:00;234.270
2014-11-02 08:21:00;230.140
2014-11-02 08:22:00;228.310
2014-11-02 08:23:00;231.160
2014-11-02 08:24:00;232.310
2014-11-02 08:25:00;234.140
2014-11-02 08:26:00;235.340
2014-11-02 08:27:00;240.400
2014-11-02 08:28:00;233.060
2014-11-02 08:29:00;233.940
2014-11-02 08:30:00;229.560
2014-11-02 08:31:00;237.620
2014-11-02 08:32:00;233.890
2014-11-02 08:33:00;235.670
2014-11-02 08:34:00;237.340
2014-11-02 08:35:00;236.490
2014-11-02 08:36:00;236.620
2014-11-02 08:37:00;230.260
2014-11-02 08:38:00;229.710
2014-11-02 08:39:00;243.350
2014-11-02 08:40:00;233.260
2014-11-02 08:41:00;233.410
2014-11-02 08:42:00;235.740
2014-11-02 08:43:00;241.070
2014-11-02 08:44:00;238.850
2014-11-02 08:45:00;236.290
2014-11-02 08:46:00;234.820
2014-11-02 08:47:00;240.900
2014-11-02 08:48:00;236.420
2014-11-02 08:49:00;227.810
2014-11-02 08:50:00;234.220
2014-11-02 08:51:00;229.860
2014-11-02 08:52:00;234.620
2014-11-02 08:53:00;234.270
2014-11-02 08:54:00;237.440
2014-11-02 08:55:00;235.440
2014-11-02 08:56:00;234.840
2014-11-02 08:57:00;234.620
2014-11-02 08:58:00;233.940
2014-11-02 08:59:00;234.140
2014-11-02 09:00:00;235.240
2014-11-02 09:01:00;230.410
2014-11-02 09:02:00;235.420
2014-11-02 09:03:00;239.820
2014-11-02 09:04:00;236.090
2014-11-02 09:05:00;236.070
2014-11-02 09:06:00;231.990
2014-11-02 09:07:00;233.040
2014-11-02 09:08:00;237.270
2014-11-02 09:09:00;233.640
2014-11-02 09:10:00;233.140
2014-11-02 09:11:00;234.390
2014-11-02 09:12:00;236.420
2014-11-02 09:13:00;233.190
2014-11-02 09:14:00;233.740
2014-11-02 09:15:00;232.340
2014-11-02 09:16:00;241.900
2014-11-02 09:17:00;236.870
2014-11-02 09:18:00;237.270
2014-11-02 09:19:00;241.520
2014-11-02 09:20:00;233.240
2014-11-02 09:21:00;236.140
2014-11-02 09:22:00;230.290
2014-11-02 09:23:00;236.140
2014-11-02 09:24:00;238.620
2014-11-02 09:25:00;232.760
2014-11-02 09:26:00;240.700
2014-11-02 09:27:00;235.720
2014-11-02 09:28:00;233.510
2014-11-02 09:29:00;232.240
2014-11-02 09:30:00;239.220
2014-11-02 09:31:00;231.240
2014-11-02 09:32:00;240.120
2014-11-02 09:33:00;240.150
2014-11-02 09:34:00;231.410
2014-11-02 09:35:00;237.570
2014-11-02 09:36:00;231.510
2014-11-02 09:37:00;233.890
2014-11-02 09:38:00;237.640
2014-11-02 09:39:00;234.720
2014-11-02 09:40:00;232.440
2014-11-02 09:41:00;234.840
2014-11-02 09:42:00;235.740
2014-11-02 09:43:00;235.090
2014-11-02 09:44:00;233.140
2014-11-02 09:45:00;235.670
2014-11-02 09:46:00;238.090
2014-11-02 09:47:00;235.390
2014-11-02 09:48:00;234.470
2014-11-02 09:49:00;231.040
2014-11-02 09:50:00;231.060
2014-11-02 09:51:00;229.860
2014-11-02 09:52:00;244.730
2014-11-02 09:53:00;235.420
2014-11-02 09:54:00;235.340
2014-11-02 09:55:00;229.890
2014-11-02 09:56:00;235.390
2014-11-02 09:57:00;237.940
2014-11-02 09:58:00;232.310
2014-11-02 09:59:00;226.560
2014-11-02 10:00:00;227.710
2014-11-02 10:01:00;238.040
2014-11-02 10:02:00;233.310
2014-11-02 10:03:00;233.510
2014-11-02 10:04:00;235.820
2014-11-02 10:05:00;233.340
2014-11-02 10:06:00;237.720
2014-11-02 10:07:00;232.390
2014-11-02 10:08:00;233.960
2014-11-02 10:09:00;238.140
2014-11-02 10:10:00;235.520
2014-11-02 10:11:00;233.940
2014-11-02 10:12:00;235.420
2014-11-02 10:13:00;236.320
2014-11-02 10:14:00;236.090
2014-11-02 10:15:00;231.940
2014-11-02 10:16:00;231.190
2014-11-02 10:17:00;228.530
2014-11-02 10:18:00;230.460
2014-11-02 10:19:00;234.060
2014-11-02 10:20:00;231.690
2014-11-02 10:21:00;235.190
2014-11-02 10:22:00;231.010
2014-11-02 10:23:00;228.580
2014-11-02 10:24:00;230.860
2014-11-02 10:25:00;235.840
2014-11-02 10:26:00;237.090
2014-11-02 10:27:00;232.960
2014-11-02 10:28:00;236.870
2014-11-02 10:29:00;240.450
2014-11-02 10:30:00;236.470
2014-11-02 10:31:00;241.920
2014-11-02 10:32:00;242.300
2014-11-02 10:33:00;237.840
2014-11-02 10:34:00;228.360
2014-11-02 10:35:00;234.870
2014-11-02 10:36:00;238.750
2014-11-02 10:37:00;237.520
2014-11-02 10:38:00;234.840
2014-11-02 10:39:00;236.270
2014-11-02 10:40:00;234.540
2014-11-02 10:41:00;230.840
2014-11-02 10:42:00;235.370
2014-11-02 10:43:00;231.860
2014-11-02 10:44:00;228.980
2014-11-02 10:45:00;237.220
2014-11-02 10:46:00;232.610
2014-11-02 10:47:00;236.020
2014-11-02 10:48:00;232.240
2014-11-02 10:49:00;240.370
2014-11-02 10:50:00;235.290
2014-11-02 10:51:00;238.340
2014-11-02 10:52:00;242.800
2014-11-02 10:53:00;236.990
2014-11-02 10:54:00;233.310
2014-11-02 10:55:00;233.390
2014-11-02 10:56:00;227.160
2014-11-02 10:57:00;232.960
2014-11-02 10:58:00;237.290
2014-11-02 10:59:00;235.870
2014-11-02 11:00:00;236.670
2014-11-02 11:01:00;236.120
2014-11-02 11:02:00;229.410
2014-11-02 11:03:00;235.040
2014-11-02 11:04:00;229.310
2014-11-02 11:05:00;230.740
2014-11-02 11:06:00;235.540
2014-11-02 11:07:00;238.570
2014-11-02 11:08:00;240.070
2014-11-02 11:09:00;232.240
2014-11-02 11:10:00;233.310
2014-11-02 11:11:00;238.950
2014-11-02 11:12:00;239.070
2014-11-02 11:13:00;234.690
2014-11-02 11:14:00;243.000
2014-11-02 11:15:00;233.890
2014-11-02 11:16:00;233.140
2014-11-02 11:17:00;241.350
2014-11-02 11:18:00;239.900
2014-11-02 11:19:00;237.570
2014-11-02 11:20:00;237.520
2014-11-02 11:21:00;231.090
2014-11-02 11:22:00;233.090
2014-11-02 11:23:00;234.010
2014-11-02 11:24:00;233.910
2014-11-02 11:25:00;236.920
2014-11-02 11:26:00;236.090
2014-11-02 11:27:00;243.030
2014-11-02 11:28:00;233.660
2014-11-02 11:29:00;234.120
2014-11-02 11:30:00;240.720
2014-11-02 11:31:00;233.840
2014-11-02 11:32:00;234.170
2014-11-02 11:33:00;235.940
2014-11-02 11:34:00;236.540
2014-11-02 11:35:00;235.620
2014-11-02 11:36:00;234.370
2014-11-02 11:37:00;233.140
2014-11-02 11:38:00;241.120
2014-11-02 11:39:00;234.220
2014-11-02 11:40:00;239.570
2014-11-02 11:41:00;239.370
2014-11-02 11:42:00;233.710
2014-11-02 11:43:00;239.720
2014-11-02 11:44:00;241.870
2014-11-02 11:45:00;233.310
2014-11-02 11:46:00;230.440
2014-11-02 11:47:00;232.640
2014-11-02 11:48:00;237.390
2014-11-02 11:49:00;232.710
2014-11-02 11:50:00;231.110
2014-11-02 11:51:00;230.140
2014-11-02 11:52:00;230.510
2014-11-02 11:53:00;232.360
2014-11-02 11:54:00;233.860
2014-11-02 11:55:00;232.340
2014-11-02 11:56:00;234.090
2014-11-02 11:57:00;233.460
2014-11-02 11:58:00;235.470
2014-11-02 11:59:00;235.890
2014-11-02 12:00:00;238.190
2014-11-02 12:01:00;236.040
2014-11-02 12:02:00;239.300
2014-11-02 12:03:00;237.040
2014-11-02 12:04:00;232.340
2014-11-02 12:05:00;238.440
2014-11-02 12:06:00;246.150
2014-11-02 12:07:00;233.840
2014-11-02 12:08:00;234.270
2014-11-02 12:09:00;239.350
2014-11-02 12:10:00;234.640
2014-11-02 12:11:00;236.920
2014-11-02 12:12:00;234.520
2014-11-02 12:13:00;225.910
2014-11-02 12:14:00;236.520
2014-11-02 12:15:00;231.040
2014-11-02 12:16:00;237.820
2014-11-02 12:17:00;229.460
2014-11-02 12:18:00;234.220
2014-11-02 12:19:00;244.030
2014-11-02 12:20:00;235.120
2014-11-02 12:21:00;234.670
2014-11-02 12:22:00;227.960
2014-11-02 12:23:00;236.990
2014-11-02 12:24:00;235.370
2014-11-02 12:25:00;232.110
2014-11-02 12:26:00;238.950
2014-11-02 12:27:00;232.210
2014-11-02 12:28:00;232.240
2014-11-02 12:29:00;233.440
2014-11-02 12:30:00;239.670
2014-11-02 12:31:00;234.720
2014-11-02 12:32:00;237.340
2014-11-02 12:33:00;240.120
2014-11-02 12:34:00;234.870
2014-11-02 12:35:00;239.070
2014-11-02 12:36:00;238.900
2014-11-02 12:37:00;238.340
2014-11-02 12:38:00;232.190
2014-11-02 12:39:00;238.900
2014-11-02 12:40:00;230.710
2014-11-02 12:41:00;234.090
2014-11-02 12:42:00;238.550
2014-11-02 12:43:00;230.010
2014-11-02 12:44:00;233.560
2014-11-02 12:45:00;236.340
2014-11-02 12:46:00;238.170
2014-11-02 12:47:00;241.000
2014-11-02 12:48:00;235.670
2014-11-02 12:49:00;233.210
2014-11-02 12:50:00;233.090
2014-11-02 12:51:00;236.270
2014-11-02 12:52:00;234.470
2014-11-02 12:53:00;239.150
2014-11-02 12:54:00;234.040
2014-11-02 12:55:00;234.740
2014-11-02 12:56:00;235.190
2014-11-02 12:57:00;231.610
2014-11-02 12:58:00;230.790
2014-11-02 12:59:00;233.560
2014-11-02 13:00:00;234.690
2014-11-02 13:01:00;238.600
2014-11-02 13:02:00;238.440
2014-11-02 13:03:00;238.670
2014-11-02 13:04:00;235.640
2014-11-02 13:05:00;234.970
2014-11-02 13:06:00;236.140
2014-11-02 13:07:00;228.930
2014-11-02 13:08:00;232.960
2014-11-02 13:09:00;234.340
2014-11-02 13:10:00;237.770
2014-11-02 13:11:00;234.370
2014-11-02 13:12:00;240.600
2014-11-02 13:13:00;238.320
2014-11-02 13:14:00;236.440
2014-11-02 13:15:00;239.120
2014-11-02 13:16:00;236.190
2014-11-02 13:17:00;238.140
2014-11-02 13:18:00;237.970
2014-11-02 13:19:00;233.190
2014-11-02 13:20:00;238.040
2014-11-02 13:21:00;238.520
2014-11-02 13:22:00;228.460
2014-11-02 13:23:00;236.920
2014-11-02 13:24:00;242.170
2014-11-02 13:25:00;232.240
2014-11-02 13:26:00;235.820
2014-11-02 13:27:00;240.370
2014-11-02 13:28:00;238.920
2014-11-02 13:29:00;237.020
2014-11-02 13:30:00;232.560
2014-11-02 13:31:00;232.590
2014-11-02 13:32:00;238.440
2014-11-02 13:33:00;230.690
2014-11-02 13:34:00;243.300
2014-11-02 13:35:00;239.470
2014-11-02 13:36:00;238.490
2014-11-02 13:37:00;234.590
2014-11-02 13:38:00;234.970
2014-11-02 13:39:00;240.700
2014-11-02 13:40:00;238.340
2014-11-02 13:41:00;237.790
2014-11-02 13:42:00;241.470
2014-11-02 13:43:00;235.670
2014-11-02 13:44:00;231.340
2014-11-02 13:45:00;233.690
2014-11-02 13:46:00;236.420
2014-11-02 13:47:00;235.270
2014-11-02 13:48:00;234.470
2014-11-02 13:49:00;231.660
2014-11-02 13:50:00;231.110
2014-11-02 13:51:00;231.760
2014-11-02 13:52:00;232.110
2014-11-02 13:53:00;240.250
2014-11-02 13:54:00;238.170
2014-11-02 13:55:00;239.550
2014-11-02 13:56:00;238.420
2014-11-02 13:57:00;232.560
2014-11-02 13:58:00;237.570
2014-11-02 13:59:00;232.840
2014-11-02 14:00:00;236.890
2014-11-02 14:01:00;235.440
2014-11-02 14:02:00;236.270
2014-11-02 14:03:00;235.420
2014-11-02 14:04:00;234.520
2014-11-02 14:05:00;236.040
2014-11-02 14:06:00;236.340
2014-11-02 14:07:00;240.000
2014-11-02 14:08:00;240.500
2014-11-02 14:09:00;235.020
2014-11-02 14:10:00;237.690
2014-11-02 14:11:00;238.340
2014-11-02 14:12:00;237.120
2014-11-02 14:13:00;234.840
2014-11-02 14:14:00;238.850
2014-11-02 14:15:00;240.550
2014-11-02 14:16:00;234.240
2014-11-02 14:17:00;239.000
2014-11-02 14:18:00;237.890
2014-11-02 14:19:00;233.010
2014-11-02 14:20:00;236.520
2014-11-02 14:21:00;236.670
2014-11-02 14:22:00;232.660
2014-11-02 14:23:00;236.690
2014-11-02 14:24:00;234.370
2014-11-02 14:25:00;232.940
2014-11-02 14:26:00;236.220
2014-11-02 14:27:00;238.470
2014-11-02 14:28:00;233.690
2014-11-02 14:29:00;241.700
2014-11-02 14:30:00;236.790
2014-11-02 14:31:00;240.100
2014-11-02 14:32:00;235.170
2014-11-02 14:33:00;236.020
2014-11-02 14:34:00;236.220
2014-11-02 14:35:00;234.920
2014-11-02 14:36:00;241.120
2014-11-02 14:37:00;244.100
2014-11-02 14:38:00;235.240
2014-11-02 14:39:00;237.690
2014-11-02 14:40:00;232.990
2014-11-02 14:41:00;234.620
2014-11-02 14:42:00;231.840
2014-11-02 14:43:00;234.340
2014-11-02 14:44:00;238.340
2014-11-02 14:45:00;237.790
2014-11-02 14:46:00;237.520
2014-11-02 14:47:00;240.320
2014-11-02 14:48:00;229.380
2014-11-02 14:49:00;236.940
2014-11-02 14:50:00;234.840
2014-11-02 14:51:00;227.680
2014-11-02 14:52:00;239.020
2014-11-02 14:53:00;231.860
2014-11-02 14:54:00;237.490
2014-11-02 14:55:00;230.890
2014-11-02 14:56:00;241.250
2014-11-02 14:57:00;232.890
2014-11-02 14:58:00;237.640
2014-11-02 14:59:00;233.510
2014-11-02 15:00:00;238.190
2014-11-02 15:01:00;231.310
2014-11-02 15:02:00;237.120
2014-11-02 15:03:00;236.190
2014-11-02 15:04:00;233.960
2014-11-02 15:05:00;232.960
2014-11-02 15:06:00;236.790
2014-11-02 15:07:00;229.130
2014-11-02 15:08:00;233.690
2014-11-02 15:09:00;230.140
2014-11-02 15:10:00;233.760
2014-11-02 15:11:00;238.800
2014-11-02 15:12:00;232.590
2014-11-02 15:13:00;240.700
2014-11-02 15:14:00;233.690
2014-11-02 15:15:00;236.620
2014-11-02 15:16:00;235.390
2014-11-02 15:17:00;237.420
2014-11-02 15:18:00;238.340
2014-11-02 15:19:00;233.890
2014-11-02 15:20:00;234.670
2014-11-02 15:21:00;234.010
2014-11-02 15:22:00;230.190
2014-11-02 15:23:00;238.190
2014-11-02 15:24:00;229.840
2014-11-02 15:25:00;234.390
2014-11-02 15:26:00;236.790
2014-11-02 15:27:00;233.990
2014-11-02 15:28:00;233.540
2014-11-02 15:29:00;242.250
2014-11-02 15:30:00;234.970
2014-11-02 15:31:00;235.770
2014-11-02 15:32:00;233.090
2014-11-02 15:33:00;237.270
2014-11-02 15:34:00;235.320
2014-11-02 15:35:00;235.420
2014-11-02 15:36:00;232.910
2014-11-02 15:37:00;237.340
2014-11-02 15:38:00;231.260
2014-11-02 15:39:00;234.320
2014-11-02 15:40:00;236.590
2014-11-02 15:41:00;237.990
2014-11-02 15:42:00;234.870
2014-11-02 15:43:00;230.760
2014-11-02 15:44:00;238.750
2014-11-02 15:45:00;240.220
2014-11-02 15:46:00;230.640
2014-11-02 15:47:00;238.440
2014-11-02 15:48:00;232.010
2014-11-02 15:49:00;233.190
2014-11-02 15:50:00;231.840
2014-11-02 15:51:00;233.710
2014-11-02 15:52:00;234.320
2014-11-02 15:53:00;236.490
2014-11-02 15:54:00;234.370
2014-11-02 15:55:00;233.910
2014-11-02 15:56:00;236.320
2014-11-02 15:57:00;239.050
2014-11-02 15:58:00;233.910
2014-11-02 15:59:00;232.240
2014-11-02 16:00:00;230.660
2014-11-02 16:01:00;236.440
2014-11-02 16:02:00;236.140
2014-11-02 16:03:00;233.840
2014-11-02 16:04:00;236.090
2014-11-02 16:05:00;234.390
2014-11-02 16:06:00;235.790
2014-11-02 16:07:00;231.660
2014-11-02 16:08:00;236.090
2014-11-02 16:09:00;230.660
2014-11-02 16:10:00;235.290
2014-11-02 16:11:00;234.940
2014-11-02 16:12:00;235.290
2014-11-02 16:13:00;233.790
2014-11-02 16:14:00;238.920
2014-11-02 16:15:00;237.290
2014-11-02 16:16:00;234.890
2014-11-02 16:17:00;237.420
2014-11-02 16:18:00;233.360
2014-11-02 16:19:00;241.370
2014-11-02 16:20:00;236.870
2014-11-02 16:21:00;229.060
2014-11-02 16:22:00;238.650
2014-11-02 16:23:00;239.400
2014-11-02 16:24:00;238.270
2014-11-02 16:25:00;235.470
2014-11-02 16:26:00;233.560
2014-11-02 16:27:00;235.570
2014-11-02 16:28:00;235.370
2014-11-02 16:29:00;235.970
2014-11-02 16:30:00;241.270
2014-11-02 16:31:00;235.970
2014-11-02 16:32:00;236.320
2014-11-02 16:33:00;235.690
2014-11-02 16:34:00;239.670
2014-11-02 16:35:00;232.410
2014-11-02 16:36:00;229.410
2014-11-02 16:37:00;231.660
2014-11-02 16:38:00;237.640
2014-11-02 16:39:00;237.770
2014-11-02 16:40:00;236.340
2014-11-02 16:41:00;226.980
2014-11-02 16:42:00;235.070
2014-11-02 16:43:00;236.770
2014-11-02 16:44:00;234.470
2014-11-02 16:45:00;233.310
2014-11-02 16:46:00;240.420
2014-11-02 16:47:00;235.790
2014-11-02 16:48:00;236.820
2014-11-02 16:49:00;232.460
2014-11-02 16:50:00;237.040
2014-11-02 16:51:00;239.200
2014-11-02 16:52:00;238.070
2014-11-02 16:53:00;234.970
2014-11-02 16:54:00;233.010
2014-11-02 16:55:00;235.490
2014-11-02 16:56:00;240.350
2014-11-02 16:57:00;237.440
2014-11-02 16:58:00;232.810
2014-11-02 16:59:00;235.240
2014-11-02 17:00:00;232.040
2014-11-02 17:01:00;239.450
2014-11-02 17:02:00;236.090
2014-11-02 17:03:00;234.440
2014-11-02 17:04:00;231.610
2014-11-02 17:05:00;234.290
2014-11-02 17:06:00;232.760
2014-11-02 17:07:00;237.720
2014-11-02 17:08:00;237.470
2014-11-02 17:09:00;228.910
2014-11-02 17:10:00;234.840
2014-11-02 17:11:00;228.810
2014-11-02 17:12:00;240.870
2014-11-02 17:13:00;233.760
2014-11-02 17:14:00;229.180
2014-11-02 17:15:00;234.970
2014-11-02 17:16:00;226.560
2014-11-02 17:17:00;236.770
2014-11-02 17:18:00;233.990
2014-11-02 17:19:00;238.550
2014-11-02 17:20:00;235.620
2014-11-02 17:21:00;236.370
2014-11-02 17:22:00;239.600
2014-11-02 17:23:00;232.090
2014-11-02 17:24:00;239.020
2014-11-02 17:25:00;237.170
2014-11-02 17:26:00;238.320
2014-11-02 17:27:00;237.920
2014-11-02 17:28:00;233.590
2014-11-02 17:29:00;234.540
2014-11-02 17:30:00;232.260
2014-11-02 17:31:00;236.720
2014-11-02 17:32:00;230.840
2014-11-02 17:33:00;237.970
2014-11-02 17:34:00;241.220
2014-11-02 17:35:00;236.270
2014-11-02 17:36:00;228.960
2014-11-02 17:37:00;230.640
2014-11-02 17:38:00;232.290
2014-11-02 17:39:00;228.730
2014-11-02 17:40:00;231.760
2014-11-02 17:41:00;238.490
2014-11-02 17:42:00;234.470
2014-11-02 17:43:00;234.270
2014-11-02 17:44:00;228.460
2014-11-02 17:45:00;232.160
2014-11-02 17:46:00;232.640
2014-11-02 17:47:00;235.970
2014-11-02 17:48:00;232.860
2014-11-02 17:49:00;233.660
2014-11-02 17:50:00;239.650
2014-11-02 17:51:00;233.260
2014-11-02 17:52:00;232.560
2014-11-02 17:53:00;231.990
2014-11-02 17:54:00;240.400
2014-11-02 17:55:00;229.690
2014-11-02 17:56:00;237.490
2014-11-02 17:57:00;239.200
2014-11-02 17:58:00;238.950
2014-11-02 17:59:00;237.290
2014-11-02 18:00:00;234.320
2014-11-02 18:01:00;240.420
2014-11-02 18:02:00;240.120
2014-11-02 18:03:00;230.710
2014-11-02 18:04:00;235.920
2014-11-02 18:05:00;237.240
2014-11-02 18:06:00;238.290
2014-11-02 18:07:00;242.950
2014-11-02 18:08:00;236.020
2014-11-02 18:09:00;235.220
2014-11-02 18:10:00;232.140
2014-11-02 18:11:00;236.090
2014-11-02 18:12:00;237.240
2014-11-02 18:13:00;231.690
2014-11-02 18:14:00;231.740
2014-11-02 18:15:00;226.210
2014-11-02 18:16:00;231.160
2014-11-02 18:17:00;234.420
2014-11-02 18:18:00;233.160
2014-11-02 18:19:00;234.940
2014-11-02 18:20:00;234.590
2014-11-02 18:21:00;234.990
2014-11-02 18:22:00;229.430
2014-11-02 18:23:00;237.040
2014-11-02 18:24:00;235.970
2014-11-02 18:25:00;236.040
2014-11-02 18:26:00;237.740
2014-11-02 18:27:00;237.970
2014-11-02 18:28:00;238.900
2014-11-02 18:29:00;231.510
2014-11-02 18:30:00;239.100
2014-11-02 18:31:00;234.270
2014-11-02 18:32:00;232.560
2014-11-02 18:33:00;234.420
2014-11-02 18:34:00;238.020
2014-11-02 18:35:00;238.170
2014-11-02 18:36:00;237.020
2014-11-02 18:37:00;233.540
2014-11-02 18:38:00;238.550
2014-11-02 18:39:00;234.890
2014-11-02 18:40:00;237.270
2014-11-02 18:41:00;233.990
2014-11-02 18:42:00;235.370
2014-11-02 18:43:00;232.660
2014-11-02 18:44:00;235.920
2014-11-02 18:45:00;237.090
2014-11-02 18:46:00;233.890
2014-11-02 18:47:00;235.090
2014-11-02 18:48:00;231.540
2014-11-02 18:49:00;233.110
2014-11-02 18:50:00;237.190
2014-11-02 18:51:00;236.690
2014-11-02 18:52:00;229.630
2014-11-02 18:53:00;237.120
2014-11-02 18:54:00;230.010
2014-11-02 18:55:00;236.470
2014-11-02 18:56:00;233.540
2014-11-02 18:57:00;237.720
2014-11-02 18:58:00;237.620
2014-11-02 18:59:00;231.410
2014-11-02 19:00:00;239.100
2014-11-02 19:01:00;235.740
2014-11-02 19:02:00;236.090
2014-11-02 19:03:00;229.280
2014-11-02 19:04:00;235.890
2014-11-02 19:05:00;236.070
2014-11-02 19:06:00;238.390
2014-11-02 19:07:00;233.210
2014-11-02 19:08:00;233.860
2014-11-02 19:09:00;238.390
2014-11-02 19:10:00;230.040
2014-11-02 19:11:00;233.010
2014-11-02 19:12:00;229.010
2014-11-02 19:13:00;236.340
2014-11-02 19:14:00;232.560
2014-11-02 19:15:00;235.640
2014-11-02 19:16:00;234.920
2014-11-02 19:17:00;236.470
2014-11-02 19:18:00;234.740
2014-11-02 19:19:00;236.790
2014-11-02 19:20:00;228.430
2014-11-02 19:21:00;242.050
2014-11-02 19:22:00;228.230
2014-11-02 19:23:00;234.840
2014-11-02 19:24:00;233.740
2014-11-02 19:25:00;232.760
2014-11-02 19:26:00;232.190
2014-11-02 19:27:00;242.300
2014-11-02 19:28:00;230.690
2014-11-02 19:29:00;228.560
2014-11-02 19:30:00;233.410
2014-11-02 19:31:00;234.390
2014-11-02 19:32:00;237.840
2014-11-02 19:33:00;232.140
2014-11-02 19:34:00;237.920
2014-11-02 19:35:00;240.150
2014-11-02 19:36:00;232.140
2014-11-02 19:37:00;241.400
2014-11-02 19:38:00;232.860
2014-11-02 19:39:00;230.860
2014-11-02 19:40:00;239.050
2014-11-02 19:41:00;226.510
2014-11-02 19:42:00;232.260
2014-11-02 19:43:00;233.060
2014-11-02 19:44:00;236.640
2014-11-02 19:45:00;238.040
2014-11-02 19:46:00;235.490
2014-11-02 19:47:00;236.870
2014-11-02 19:48:00;235.720
2014-11-02 19:49:00;237.420
2014-11-02 19:50:00;236.490
2014-11-02 19:51:00;235.290
2014-11-02 19:52:00;233.260
2014-11-02 19:53:00;234.740
2014-11-02 19:54:00;229.630
2014-11-02 19:55:00;238.520
2014-11-02 19:56:00;233.910
2014-11-02 19:57:00;240.250
2014-11-02 19:58:00;232.910
2014-11-02 19:59:00;234.870
2014-11-02 20:00:00;234.190
2014-11-02 20:01:00;235.340
2014-11-02 20:02:00;230.190
2014-11-02 20:03:00;234.640
2014-11-02 20:04:00;231.490
2014-11-02 20:05:00;237.220
2014-11-02 20:06:00;239.370
2014-11-02 20:07:00;238.800
2014-11-02 20:08:00;237.670
2014-11-02 20:09:00;237.820
2014-11-02 20:10:00;236.790
2014-11-02 20:11:00;228.180
2014-11-02 20:12:00;236.090
2014-11-02 20:13:00;232.160
2014-11-02 20:14:00;237.340
2014-11-02 20:15:00;233.140
2014-11-02 20:16:00;232.790
2014-11-02 20:17:00;238.800
2014-11-02 20:18:00;236.020
2014-11-02 20:19:00;239.550
2014-11-02 20:20:00;233.660
2014-11-02 20:21:00;234.240
2014-11-02 20:22:00;237.620
2014-11-02 20:23:00;232.810
2014-11-02 20:24:00;239.300
2014-11-02 20:25:00;236.040
2014-11-02 20:26:00;231.990
2014-11-02 20:27:00;231.460
2014-11-02 20:28:00;235.370
2014-11-02 20:29:00;234.390
2014-11-02 20:30:00;238.320
2014-11-02 20:31:00;239.750
2014-11-02 20:32:00;232.440
2014-11-02 20:33:00;233.660
2014-11-02 20:34:00;227.860
2014-11-02 20:35:00;231.760
2014-11-02 20:36:00;235.070
2014-11-02 20:37:00;231.260
2014-11-02 20:38:00;228.580
2014-11-02 20:39:00;229.060
2014-11-02 20:40:00;238.770
2014-11-02 20:41:00;234.820
2014-11-02 20:42:00;237.240
2014-11-02 20:43:00;234.420
2014-11-02 20:44:00;229.130
2014-11-02 20:45:00;235.970
2014-11-02 20:46:00;234.620
2014-11-02 20:47:00;234.010
2014-11-02 20:48:00;234.720
2014-11-02 20:49:00;234.820
2014-11-02 20:50:00;244.580
2014-11-02 20:51:00;234.290
2014-11-02 20:52:00;228.460
2014-11-02 20:53:00;235.070
2014-11-02 20:54:00;236.470
2014-11-02 20:55:00;233.640
2014-11-02 20:56:00;234.740
2014-11-02 20:57:00;233.060
2014-11-02 20:58:00;239.020
2014-11-02 20:59:00;231.910
2014-11-02 21:00:00;230.890
2014-11-02 21:01:00;231.360
2014-11-02 21:02:00;234.790
2014-11-02 21:03:00;236.390
2014-11-02 21:04:00;232.760
2014-11-02 21:05:00;233.160
2014-11-02 21:06:00;231.360
2014-11-02 21:07:00;235.920
2014-11-02 21:08:00;233.390
2014-11-02 21:09:00;231.790
2014-11-02 21:10:00;233.840
2014-11-02 21:11:00;237.340
2014-11-02 21:12:00;229.580
2014-11-02 21:13:00;232.040
2014-11-02 21:14:00;232.060
2014-11-02 21:15:00;236.240
2014-11-02 21:16:00;228.730
2014-11-02 21:17:00;232.140
2014-11-02 21:18:00;238.550
2014-11-02 21:19:00;235.640
2014-11-02 21:20:00;230.190
2014-11-02 21:21:00;236.770
2014-11-02 21:22:00;238.970
2014-11-02 21:23:00;229.460
2014-11-02 21:24:00;237.790
2014-11-02 21:25:00;242.600
2014-11-02 21:26:00;238.440
2014-11-02 21:27:00;233.460
2014-11-02 21:28:00;238.120
2014-11-02 21:29:00;234.320
2014-11-02 21:30:00;232.990
2014-11-02 21:31:00;230.840
2014-11-02 21:32:00;237.690
2014-11-02 21:33:00;231.010
2014-11-02 21:34:00;234.890
2014-11-02 21:35:00;229.840
2014-11-02 21:36:00;237.690
2014-11-02 21:37:00;232.940
2014-11-02 21:38:00;234.620
2014-11-02 21:39:00;229.580
2014-11-02 21:40:00;229.460
2014-11-02 21:41:00;238.470
2014-11-02 21:42:00;235.140
2014-11-02 21:43:00;235.990
2014-11-02 21:44:00;236.490
2014-11-02 21:45:00;230.340
2014-11-02 21:46:00;231.490
2014-11-02 21:47:00;232.090
2014-11-02 21:48:00;230.190
2014-11-02 21:49:00;236.420
2014-11-02 21:50:00;235.390
2014-11-02 21:51:00;234.520
2014-11-02 21:52:00;228.880
2014-11-02 21:53:00;234.290
2014-11-02 21:54:00;223.900
2014-11-02 21:55:00;237.490
2014-11-02 21:56:00;227.860
2014-11-02 21:57:00;229.030
2014-11-02 21:58:00;232.690
2014-11-02 21:59:00;234.970
2014-11-02 22:00:00;234.470
2014-11-02 22:01:00;238.490
2014-11-02 22:02:00;236.020
2014-11-02 22:03:00;232.240
2014-11-02 22:04:00;230.390
2014-11-02 22:05:00;233.290
2014-11-02 22:06:00;236.290
2014-11-02 22:07:00;230.990
2014-11-02 22:08:00;235.470
2014-11-02 22:09:00;234.720
2014-11-02 22:10:00;231.490
2014-11-02 22:11:00;230.260
2014-11-02 22:12:00;237.370
2014-11-02 22:13:00;236.440
2014-11-02 22:14:00;235.640
2014-11-02 22:15:00;231.140
2014-11-02 22:16:00;231.690
2014-11-02 22:17:00;232.260
2014-11-02 22:18:00;238.390
2014-11-02 22:19:00;236.070
2014-11-02 22:20:00;234.790
2014-11-02 22:21:00;230.290
2014-11-02 22:22:00;233.640
2014-11-02 22:23:00;230.590
2014-11-02 22:24:00;236.690
2014-11-02 22:25:00;237.070
2014-11-02 22:26:00;234.840
2014-11-02 22:27:00;237.340
2014-11-02 22:28:00;238.170
2014-11-02 22:29:00;237.120
2014-11-02 22:30:00;233.310
2014-11-02 22:31:00;237.120
2014-11-02 22:32:00;231.110
2014-11-02 22:33:00;230.040
2014-11-02 22:34:00;233.860
2014-11-02 22:35:00;238.670
2014-11-02 22:36:00;239.250
2014-11-02 22:37:00;235.020
2014-11-02 22:38:00;235.840
2014-11-02 22:39:00;232.010
2014-11-02 22:40:00;238.420
2014-11-02 22:41:00;235.220
2014-11-02 22:42:00;234.690
2014-11-02 22:43:00;226.360
2014-11-02 22:44:00;227.260
2014-11-02 22:45:00;232.260
2014-11-02 22:46:00;234.970
2014-11-02 22:47:00;238.550
2014-11-02 22:48:00;228.580
2014-11-02 22:49:00;231.010
2014-11-02 22:50:00;229.710
2014-11-02 22:51:00;234.040
2014-11-02 22:52:00;230.140
2014-11-02 22:53:00;232.090
2014-11-02 22:54:00;237.720
2014-11-02 22:55:00;234.920
2014-11-02 22:56:00;236.240
2014-11-02 22:57:00;234.620
2014-11-02 22:58:00;232.210
2014-11-02 22:59:00;228.810
2014-11-02 23:00:00;236.840
2014-11-02 23:01:00;227.830
2014-11-02 23:02:00;234.640
2014-11-02 23:03:00;234.060
2014-11-02 23:04:00;236.040
2014-11-02 23:05:00;235.520
2014-11-02 23:06:00;238.570
2014-11-02 23:07:00;233.340
2014-11-02 23:08:00;234.290
2014-11-02 23:09:00;229.030
2014-11-02 23:10:00;228.880
2014-11-02 23:11:00;236.670
2014-11-02 23:12:00;234.340
2014-11-02 23:13:00;229.110
2014-11-02 23:14:00;237.270
2014-11-02 23:15:00;230.340
2014-11-02 23:16:00;236.770
2014-11-02 23:17:00;235.540
2014-11-02 23:18:00;231.810
2014-11-02 23:19:00;233.540
2014-11-02 23:20:00;238.170
2014-11-02 23:21:00;230.240
2014-11-02 23:22:00;233.960
2014-11-02 23:23:00;223.050
2014-11-02 23:24:00;239.200
2014-11-02 23:25:00;230.010
2014-11-02 23:26:00;239.450
2014-11-02 23:27:00;234.010
2014-11-02 23:28:00;235.290
2014-11-02 23:29:00;242.520
2014-11-02 23:30:00;233.210
2014-11-02 23:31:00;235.940
2014-11-02 23:32:00;238.090
2014-11-02 23:33:00;237.120
2014-11-02 23:34:00;238.570
2014-11-02 23:35:00;233.740
2014-11-02 23:36:00;233.710
2014-11-02 23:37:00;232.410
2014-11-02 23:38:00;233.960
2014-11-02 23:39:00;237.390
2014-11-02 23:40:00;237.590
2014-11-02 23:41:00;239.670
2014-11-02 23:42:00;235.020
2014-11-02 23:43:00;240.000
2014-11-02 23:44:00;230.490
2014-11-02 23:45:00;241.400
2014-11-02 23:46:00;234.270
2014-11-02 23:47:00;232.190
2014-11-02 23:48:00;235.070
2014-11-02 23:49:00;222.650
2014-11-02 23:50:00;231.590
2014-11-02 23:51:00;231.040
2014-11-02 23:52:00;236.620
2014-11-02 23:53:00;238.440
2014-11-02 23:54:00;237.990
2014-11-02 23:55:00;231.640
2014-11-02 23:56:00;236.870
2014-11-02 23:57:00;230.760
2014-11-02 23:58:00;238.920
2014-11-02 23:59:00;233.960
2014-11-03 00:00:00;228.510
2014-11-03 00:01:00;236.940
2014-11-03 00:02:00;229.380
2014-11-03 00:03:00;230.860
2014-11-03 00:04:00;236.020
2014-11-03 00:05:00;231.160
2014-11-03 00:06:00;230.990
2014-11-03 00:07:00;227.030
2014-11-03 00:08:00;229.460
2014-11-03 00:09:00;237.940
2014-11-03 00:10:00;233.960
2014-11-03 00:11:00;240.920
2014-11-03 00:12:00;233.010
2014-11-03 00:13:00;234.440
2014-11-03 00:14:00;234.320
2014-11-03 00:15:00;235.790
2014-11-03 00:16:00;238.970
2014-11-03 00:17:00;227.530
2014-11-03 00:18:00;243.350
2014-11-03 00:19:00;239.820
2014-11-03 00:20:00;230.060
2014-11-03 00:21:00;234.190
2014-11-03 00:22:00;235.670
2014-11-03 00:23:00;231.940
2014-11-03 00:24:00;235.390
2014-11-03 00:25:00;236.790
2014-11-03 00:26:00;229.030
2014-11-03 00:27:00;238.420
2014-11-03 00:28:00;235.040
2014-11-03 00:29:00;234.420
2014-11-03 00:30:00;231.940
2014-11-03 00:31:00;235.540
2014-11-03 00:32:00;236.090
2014-11-03 00:33:00;230.310
2014-11-03 00:34:00;233.940
2014-11-03 00:35:00;232.760
2014-11-03 00:36:00;230.860
2014-11-03 00:37:00;239.100
2014-11-03 00:38:00;237.090
2014-11-03 00:39:00;226.260
2014-11-03 00:40:00;231.610
2014-11-03 00:41:00;238.600
2014-11-03 00:42:00;235.640
2014-11-03 00:43:00;236.370
2014-11-03 00:44:00;232.160
2014-11-03 00:45:00;236.390
2014-11-03 00:46:00;231.990
2014-11-03 00:47:00;233.390
2014-11-03 00:48:00;232.760
2014-11-03 00:49:00;234.370
2014-11-03 00:50:00;237.170
2014-11-03 00:51:00;233.840
2014-11-03 00:52:00;235.340
2014-11-03 00:53:00;230.790
2014-11-03 00:54:00;234.990
2014-11-03 00:55:00;237.540
2014-11-03 00:56:00;241.970
2014-11-03 00:57:00;237.070
2014-11-03 00:58:00;238.340
2014-11-03 00:59:00;238.470
2014-11-03 01:00:00;238.090
2014-11-03 01:01:00;236.490
2014-11-03 01:02:00;237.590
2014-11-03 01:03:00;237.920
2014-11-03 01:04:00;232.910
2014-11-03 01:05:00;233.810
2014-11-03 01:06:00;235.770
2014-11-03 01:07:00;235.240
2014-11-03 01:08:00;233.160
2014-11-03 01:09:00;235.820
2014-11-03 01:10:00;239.620
2014-11-03 01:11:00;241.020
2014-11-03 01:12:00;235.790
2014-11-03 01:13:00;238.820
2014-11-03 01:14:00;236.720
2014-11-03 01:15:00;234.120
2014-11-03 01:16:00;239.000
2014-11-03 01:17:00;232.540
2014-11-03 01:18:00;235.970
2014-11-03 01:19:00;231.560
2014-11-03 01:20:00;232.090
2014-11-03 01:21:00;234.490
2014-11-03 01:22:00;241.870
2014-11-03 01:23:00;231.740
2014-11-03 01:24:00;236.020
2014-11-03 01:25:00;231.540
2014-11-03 01:26:00;234.970
2014-11-03 01:27:00;234.770
2014-11-03 01:28:00;244.200
2014-11-03 01:29:00;234.640
2014-11-03 01:30:00;236.720
2014-11-03 01:31:00;239.550
2014-11-03 01:32:00;231.860
2014-11-03 01:33:00;235.090
2014-11-03 01:34:00;231.960
2014-11-03 01:35:00;235.570
2014-11-03 01:36:00;230.560
2014-11-03 01:37:00;235.890
2014-11-03 01:38:00;236.920
2014-11-03 01:39:00;235.990
2014-11-03 01:40:00;229.660
2014-11-03 01:41:00;232.260
2014-11-03 01:42:00;237.740
2014-11-03 01:43:00;231.840
2014-11-03 01:44:00;231.790
2014-11-03 01:45:00;240.370
2014-11-03 01:46:00;236.290
2014-11-03 01:47:00;240.800
2014-11-03 01:48:00;233.490
2014-11-03 01:49:00;232.160
2014-11-03 01:50:00;235.390
2014-11-03 01:51:00;238.340
2014-11-03 01:52:00;236.790
2014-11-03 01:53:00;234.090
2014-11-03 01:54:00;232.760
2014-11-03 01:55:00;235.740
2014-11-03 01:56:00;232.840
2014-11-03 01:57:00;237.340
2014-11-03 01:58:00;234.040
2014-11-03 01:59:00;238.190
2014-11-03 02:00:00;236.690
2014-11-03 02:01:00;236.470
2014-11-03 02:02:00;233.240
2014-11-03 02:03:00;243.880
2014-11-03 02:04:00;237.820
2014-11-03 02:05:00;233.960
2014-11-03 02:06:00;232.660
2014-11-03 02:07:00;236.720
2014-11-03 02:08:00;237.320
2014-11-03 02:09:00;232.490
2014-11-03 02:10:00;237.390
2014-11-03 02:11:00;234.590
2014-11-03 02:12:00;240.700
2014-11-03 02:13:00;231.090
2014-11-03 02:14:00;234.010
2014-11-03 02:15:00;233.790
2014-11-03 02:16:00;233.810
2014-11-03 02:17:00;239.050
2014-11-03 02:18:00;241.920
2014-11-03 02:19:00;237.420
2014-11-03 02:20:00;235.040
2014-11-03 02:21:00;229.410
2014-11-03 02:22:00;234.220
2014-11-03 02:23:00;237.470
2014-11-03 02:24:00;234.590
2014-11-03 02:25:00;238.270
2014-11-03 02:26:00;233.410
2014-11-03 02:27:00;235.520
2014-11-03 02:28:00;235.920
2014-11-03 02:29:00;237.340
2014-11-03 02:30:00;238.650
2014-11-03 02:31:00;236.320
2014-11-03 02:32:00;237.020
2014-11-03 02:33:00;234.640
2014-11-03 02:34:00;235.970
2014-11-03 02:35:00;230.060
2014-11-03 02:36:00;233.390
2014-11-03 02:37:00;237.520
2014-11-03 02:38:00;234.570
2014-11-03 02:39:00;230.560
2014-11-03 02:40:00;235.240
2014-11-03 02:41:00;233.410
2014-11-03 02:42:00;234.940
2014-11-03 02:43:00;237.270
2014-11-03 02:44:00;235.270
2014-11-03 02:45:00;233.940
2014-11-03 02:46:00;232.290
2014-11-03 02:47:00;234.420
2014-11-03 02:48:00;233.140
2014-11-03 02:49:00;236.170
2014-11-03 02:50:00;239.220
2014-11-03 02:51:00;243.480
2014-11-03 02:52:00;234.790
2014-11-03 02:53:00;236.820
2014-11-03 02:54:00;234.220
2014-11-03 02:55:00;231.390
2014-11-03 02:56:00;236.990
2014-11-03 02:57:00;233.460
2014-11-03 02:58:00;239.770
2014-11-03 02:59:00;227.380
2014-11-03 03:00:00;236.520
2014-11-03 03:01:00;232.210
2014-11-03 03:02:00;231.260
2014-11-03 03:03:00;231.560
2014-11-03 03:04:00;234.220
2014-11-03 03:05:00;232.240
2014-11-03 03:06:00;233.260
2014-11-03 03:07:00;234.720
2014-11-03 03:08:00;233.410
2014-11-03 03:09:00;236.570
2014-11-03 03:10:00;229.710
2014-11-03 03:11:00;242.370
2014-11-03 03:12:00;233.410
2014-11-03 03:13:00;233.610
2014-11-03 03:14:00;230.440
2014-11-03 03:15:00;235.390
2014-11-03 03:16:00;232.560
2014-11-03 03:17:00;233.610
2014-11-03 03:18:00;238.720
2014-11-03 03:19:00;237.470
2014-11-03 03:20:00;240.050
2014-11-03 03:21:00;232.760
2014-11-03 03:22:00;224.330
2014-11-03 03:23:00;228.730
2014-11-03 03:24:00;233.090
2014-11-03 03:25:00;240.070
2014-11-03 03:26:00;226.210
2014-11-03 03:27:00;235.970
2014-11-03 03:28:00;236.570
2014-11-03 03:29:00;231.510
2014-11-03 03:30:00;227.810
2014-11-03 03:31:00;228.980
2014-11-03 03:32:00;232.310
2014-11-03 03:33:00;232.710
2014-11-03 03:34:00;236.670
2014-11-03 03:35:00;239.670
2014-11-03 03:36:00;230.310
2014-11-03 03:37:00;236.290
2014-11-03 03:38:00;234.740
2014-11-03 03:39:00;238.340
2014-11-03 03:40:00;231.540
2014-11-03 03:41:00;239.150
2014-11-03 03:42:00;233.610
2014-11-03 03:43:00;230.560
2014-11-03 03:44:00;236.090
2014-11-03 03:45:00;229.010
2014-11-03 03:46:00;231.910
2014-11-03 03:47:00;232.790
2014-11-03 03:48:00;232.340
2014-11-03 03:49:00;232.240
2014-11-03 03:50:00;239.250
2014-11-03 03:51:00;237.340
2014-11-03 03:52:00;233.590
2014-11-03 03:53:00;234.120
2014-11-03 03:54:00;236.670
2014-11-03 03:55:00;226.180
2014-11-03 03:56:00;234.620
2014-11-03 03:57:00;235.040
2014-11-03 03:58:00;236.540
2014-11-03 03:59:00;231.160
2014-11-03 04:00:00;241.270
2014-11-03 04:01:00;239.800
2014-11-03 04:02:00;227.710
2014-11-03 04:03:00;231.460
2014-11-03 04:04:00;236.520
2014-11-03 04:05:00;232.760
2014-11-03 04:06:00;239.400
2014-11-03 04:07:00;236.870
2014-11-03 04:08:00;230.690
2014-11-03 04:09:00;236.090
2014-11-03 04:10:00;231.090
2014-11-03 04:11:00;235.570
2014-11-03 04:12:00;232.360
2014-11-03 04:13:00;238.290
2014-11-03 04:14:00;234.090
2014-11-03 04:15:00;233.260
2014-11-03 04:16:00;237.440
2014-11-03 04:17:00;238.290
2014-11-03 04:18:00;235.040
2014-11-03 04:19:00;234.670
2014-11-03 04:20:00;234.670
2014-11-03 04:21:00;235.490
2014-11-03 04:22:00;235.490
2014-11-03 04:23:00;232.940
2014-11-03 04:24:00;234.340
2014-11-03 04:25:00;233.590
2014-11-03 04:26:00;228.560
2014-11-03 04:27:00;235.970
2014-11-03 04:28:00;230.890
2014-11-03 04:29:00;229.410
2014-11-03 04:30:00;232.690
2014-11-03 04:31:00;232.360
2014-11-03 04:32:00;233.990
2014-11-03 04:33:00;233.940
2014-11-03 04:34:00;229.330
2014-11-03 04:35:00;228.530
2014-11-03 04:36:00;227.010
2014-11-03 04:37:00;236.820
2014-11-03 04:38:00;230.910
2014-11-03 04:39:00;228.710
2014-11-03 04:40:00;235.040
2014-11-03 04:41:00;231.940
2014-11-03 04:42:00;234.420
2014-11-03 04:43:00;234.570
2014-11-03 04:44:00;228.310
2014-11-03 04:45:00;233.610
2014-11-03 04:46:00;227.680
2014-11-03 04:47:00;236.140
2014-11-03 04:48:00;235.140
2014-11-03 04:49:00;232.360
2014-11-03 04:50:00;226.160
2014-11-03 04:51:00;235.220
2014-11-03 04:52:00;232.790
2014-11-03 04:53:00;229.840
2014-11-03 04:54:00;229.030
2014-11-03 04:55:00;230.490
2014-11-03 04:56:00;236.640
2014-11-03 04:57:00;234.060
2014-11-03 04:58:00;237.890
2014-11-03 04:59:00;230.090
2014-11-03 05:00:00;229.610
2014-11-03 05:01:00;230.690
2014-11-03 05:02:00;233.490
2014-11-03 05:03:00;234.790
2014-11-03 05:04:00;233.340
2014-11-03 05:05:00;237.070
2014-11-03 05:06:00;232.460
2014-11-03 05:07:00;230.340
2014-11-03 05:08:00;231.510
2014-11-03 05:09:00;235.770
2014-11-03 05:10:00;234.890
2014-11-03 05:11:00;231.360
2014-11-03 05:12:00;236.140
2014-11-03 05:13:00;233.460
2014-11-03 05:14:00;228.610
2014-11-03 05:15:00;238.620
2014-11-03 05:16:00;235.170
2014-11-03 05:17:00;230.460
2014-11-03 05:18:00;229.960
2014-11-03 05:19:00;232.560
2014-11-03 05:20:00;229.180
2014-11-03 05:21:00;237.090
2014-11-03 05:22:00;231.540
2014-11-03 05:23:00;234.470
2014-11-03 05:24:00;232.010
2014-11-03 05:25:00;232.540
2014-11-03 05:26:00;231.640
2014-11-03 05:27:00;231.940
2014-11-03 05:28:00;232.990
2014-11-03 05:29:00;229.010
2014-11-03 05:30:00;230.790
2014-11-03 05:31:00;230.690
2014-11-03 05:32:00;229.790
2014-11-03 05:33:00;228.880
2014-11-03 05:34:00;224.830
2014-11-03 05:35:00;232.360
2014-11-03 05:36:00;235.240
2014-11-03 05:37:00;236.320
2014-11-03 05:38:00;234.060
2014-11-03 05:39:00;232.690
2014-11-03 05:40:00;237.340
2014-11-03 05:41:00;231.690
2014-11-03 05:42:00;235.440
2014-11-03 05:43:00;231.560
2014-11-03 05:44:00;240.100
2014-11-03 05:45:00;235.270
2014-11-03 05:46:00;237.820
2014-11-03 05:47:00;235.920
2014-11-03 05:48:00;226.480
2014-11-03 05:49:00;234.140
2014-11-03 05:50:00;232.860
2014-11-03 05:51:00;235.390
2014-11-03 05:52:00;232.690
2014-11-03 05:53:00;230.190
2014-11-03 05:54:00;233.740
2014-11-03 05:55:00;221.530
2014-11-03 05:56:00;233.940
2014-11-03 05:57:00;230.510
2014-11-03 05:58:00;234.320
2014-11-03 05:59:00;230.540
2014-11-03 06:00:00;237.320
2014-11-03 06:01:00;238.270
2014-11-03 06:02:00;228.610
2014-11-03 06:03:00;225.660
2014-11-03 06:04:00;233.410
2014-11-03 06:05:00;234.040
2014-11-03 06:06:00;227.280
2014-11-03 06:07:00;232.440
2014-11-03 06:08:00;229.810
2014-11-03 06:09:00;233.390
2014-11-03 06:10:00;231.710
2014-11-03 06:11:00;230.590
2014-11-03 06:12:00;234.390
2014-11-03 06:13:00;229.480
2014-11-03 06:14:00;229.080
2014-11-03 06:15:00;233.660
2014-11-03 06:16:00;229.790
2014-11-03 06:17:00;235.590
2014-11-03 06:18:00;230.810
2014-11-03 06:19:00;232.240
2014-11-03 06:20:00;227.110
2014-11-03 06:21:00;233.860
2014-11-03 06:22:00;230.440
2014-11-03 06:23:00;231.910
2014-11-03 06:24:00;226.130
2014-11-03 06:25:00;228.130
2014-11-03 06:26:00;240.250
2014-11-03 06:27:00;234.090
2014-11-03 06:28:00;236.020
2014-11-03 06:29:00;233.610
2014-11-03 06:30:00;230.790
2014-11-03 06:31:00;236.940
2014-11-03 06:32:00;235.040
2014-11-03 06:33:00;235.870
2014-11-03 06:34:00;227.880
2014-11-03 06:35:00;230.040
2014-11-03 06:36:00;226.980
2014-11-03 06:37:00;230.260
2014-11-03 06:38:00;235.420
2014-11-03 06:39:00;235.020
2014-11-03 06:40:00;234.640
2014-11-03 06:41:00;236.820
2014-11-03 06:42:00;234.790
2014-11-03 06:43:00;236.170
2014-11-03 06:44:00;231.340
2014-11-03 06:45:00;235.770
2014-11-03 06:46:00;237.090
2014-11-03 06:47:00;232.390
2014-11-03 06:48:00;229.510
2014-11-03 06:49:00;232.190
2014-11-03 06:50:00;235.290
2014-11-03 06:51:00;237.970
2014-11-03 06:52:00;234.620
2014-11-03 06:53:00;235.020
2014-11-03 06:54:00;232.490
2014-11-03 06:55:00;229.260
2014-11-03 06:56:00;237.990
2014-11-03 06:57:00;230.390
2014-11-03 06:58:00;234.620
2014-11-03 06:59:00;231.040
2014-11-03 07:00:00;235.290
2014-11-03 07:01:00;232.110
2014-11-03 07:02:00;239.270
2014-11-03 07:03:00;231.040
2014-11-03 07:04:00;227.810
2014-11-03 07:05:00;231.340
2014-11-03 07:06:00;234.120
2014-11-03 07:07:00;236.240
2014-11-03 07:08:00;234.040
2014-11-03 07:09:00;233.210
2014-11-03 07:10:00;234.720
2014-11-03 07:11:00;239.970
2014-11-03 07:12:00;229.410
2014-11-03 07:13:00;235.420
2014-11-03 07:14:00;237.240
2014-11-03 07:15:00;236.640
2014-11-03 07:16:00;231.710
2014-11-03 07:17:00;234.470
2014-11-03 07:18:00;238.720
2014-11-03 07:19:00;233.190
2014-11-03 07:20:00;229.480
2014-11-03 07:21:00;229.110
2014-11-03 07:22:00;232.040
2014-11-03 07:23:00;234.620
2014-11-03 07:24:00;229.380
2014-11-03 07:25:00;232.710
2014-11-03 07:26:00;231.860
2014-11-03 07:27:00;226.910
2014-11-03 07:28:00;229.690
2014-11-03 07:29:00;234.270
2014-11-03 07:30:00;235.190
2014-11-03 07:31:00;231.940
2014-11-03 07:32:00;232.010
2014-11-03 07:33:00;231.010
2014-11-03 07:34:00;232.210
2014-11-03 07:35:00;237.520
2014-11-03 07:36:00;230.990
2014-11-03 07:37:00;235.090
2014-11-03 07:38:00;235.990
2014-11-03 07:39:00;230.410
2014-11-03 07:40:00;232.960
2014-11-03 07:41:00;230.110
2014-11-03 07:42:00;236.390
2014-11-03 07:43:00;237.270
2014-11-03 07:44:00;233.260
2014-11-03 07:45:00;234.920
2014-11-03 07:46:00;232.860
2014-11-03 07:47:00;236.990
2014-11-03 07:48:00;233.310
2014-11-03 07:49:00;237.540
2014-11-03 07:50:00;232.690
2014-11-03 07:51:00;230.240
2014-11-03 07:52:00;233.240
2014-11-03 07:53:00;233.910
2014-11-03 07:54:00;236.040
2014-11-03 07:55:00;233.990
2014-11-03 07:56:00;237.920
2014-11-03 07:57:00;245.830
2014-11-03 07:58:00;235.290
2014-11-03 07:59:00;235.240
2014-11-03 08:00:00;228.280
2014-11-03 08:01:00;238.700
2014-11-03 08:02:00;235.020
2014-11-03 08:03:00;232.010
2014-11-03 08:04:00;235.970
2014-11-03 08:05:00;234.390
2014-11-03 08:06:00;232.410
2014-11-03 08:07:00;232.910
2014-11-03 08:08:00;238.070
2014-11-03 08:09:00;232.360
2014-11-03 08:10:00;240.000
2014-11-03 08:11:00;235.070
2014-11-03 08:12:00;230.390
2014-11-03 08:13:00;230.510
2014-11-03 08:14:00;237.090
2014-11-03 08:15:00;235.340
2014-11-03 08:16:00;236.970
2014-11-03 08:17:00;231.960
2014-11-03 08:18:00;239.470
2014-11-03 08:19:00;235.340
2014-11-03 08:20:00;232.540
2014-11-03 08:21:00;236.440
2014-11-03 08:22:00;231.440
2014-11-03 08:23:00;234.270
2014-11-03 08:24:00;232.960
2014-11-03 08:25:00;236.420
2014-11-03 08:26:00;242.100
2014-11-03 08:27:00;235.870
2014-11-03 08:28:00;234.640
2014-11-03 08:29:00;228.610
2014-11-03 08:30:00;233.740
2014-11-03 08:31:00;237.290
2014-11-03 08:32:00;235.840
2014-11-03 08:33:00;235.670
2014-11-03 08:34:00;236.220
2014-11-03 08:35:00;231.860
2014-11-03 08:36:00;233.640
2014-11-03 08:37:00;232.010
2014-11-03 08:38:00;237.090
2014-11-03 08:39:00;232.440
2014-11-03 08:40:00;229.430
2014-11-03 08:41:00;231.190
2014-11-03 08:42:00;228.810
2014-11-03 08:43:00;234.010
2014-11-03 08:44:00;233.640
2014-11-03 08:45:00;227.680
2014-11-03 08:46:00;231.440
2014-11-03 08:47:00;233.040
2014-11-03 08:48:00;230.140
2014-11-03 08:49:00;234.570
2014-11-03 08:50:00;237.740
2014-11-03 08:51:00;236.120
2014-11-03 08:52:00;234.590
2014-11-03 08:53:00;234.740
2014-11-03 08:54:00;232.710
2014-11-03 08:55:00;233.610
2014-11-03 08:56:00;236.740
2014-11-03 08:57:00;229.310
2014-11-03 08:58:00;238.070
2014-11-03 08:59:00;231.090
2014-11-03 09:00:00;232.610
2014-11-03 09:01:00;229.990
2014-11-03 09:02:00;230.440
2014-11-03 09:03:00;235.420
2014-11-03 09:04:00;231.090
2014-11-03 09:05:00;237.890
2014-11-03 09:06:00;234.440
2014-11-03 09:07:00;232.540
2014-11-03 09:08:00;229.230
2014-11-03 09:09:00;225.200
2014-11-03 09:10:00;233.410
2014-11-03 09:11:00;227.080
2014-11-03 09:12:00;233.760
2014-11-03 09:13:00;236.220
2014-11-03 09:14:00;229.310
2014-11-03 09:15:00;238.870
2014-11-03 09:16:00;234.740
2014-11-03 09:17:00;230.790
2014-11-03 09:18:00;238.090
2014-11-03 09:19:00;239.300
2014-11-03 09:20:00;230.160
2014-11-03 09:21:00;231.340
2014-11-03 09:22:00;236.590
2014-11-03 09:23:00;238.820
2014-11-03 09:24:00;235.670
2014-11-03 09:25:00;236.790
2014-11-03 09:26:00;233.890
2014-11-03 09:27:00;231.860
2014-11-03 09:28:00;234.520
2014-11-03 09:29:00;229.580
2014-11-03 09:30:00;234.890
2014-11-03 09:31:00;230.140
2014-11-03 09:32:00;235.020
2014-11-03 09:33:00;234.340
2014-11-03 09:34:00;235.470
2014-11-03 09:35:00;236.790
2014-11-03 09:36:00;231.040
2014-11-03 09:37:00;232.340
2014-11-03 09:38:00;238.270
2014-11-03 09:39:00;231.510
2014-11-03 09:40:00;233.890
2014-11-03 09:41:00;231.340
2014-11-03 09:42:00;235.240
2014-11-03 09:43:00;237.670
2014-11-03 09:44:00;233.440
2014-11-03 09:45:00;234.920
2014-11-03 09:46:00;234.620
2014-11-03 09:47:00;242.550
2014-11-03 09:48:00;232.940
2014-11-03 09:49:00;232.240
2014-11-03 09:50:00;223.900
2014-11-03 09:51:00;233.210
2014-11-03 09:52:00;229.560
2014-11-03 09:53:00;230.740
2014-11-03 09:54:00;234.990
2014-11-03 09:55:00;233.690
2014-11-03 09:56:00;231.860
2014-11-03 09:57:00;235.170
2014-11-03 09:58:00;234.790
2014-11-03 09:59:00;231.640
2014-11-03 10:00:00;236.440
2014-11-03 10:01:00;237.770
2014-11-03 10:02:00;235.370
2014-11-03 10:03:00;234.820
2014-11-03 10:04:00;233.160
2014-11-03 10:05:00;234.720
2014-11-03 10:06:00;235.390
2014-11-03 10:07:00;239.420
2014-11-03 10:08:00;235.720
2014-11-03 10:09:00;229.630
2014-11-03 10:10:00;237.670
2014-11-03 10:11:00;238.320
2014-11-03 10:12:00;236.290
2014-11-03 10:13:00;238.020
2014-11-03 10:14:00;231.110
2014-11-03 10:15:00;233.940
2014-11-03 10:16:00;239.370
2014-11-03 10:17:00;232.340
2014-11-03 10:18:00;232.460
2014-11-03 10:19:00;230.240
2014-11-03 10:20:00;234.470
2014-11-03 10:21:00;232.490
2014-11-03 10:22:00;238.340
2014-11-03 10:23:00;236.020
2014-11-03 10:24:00;231.440
2014-11-03 10:25:00;239.550
2014-11-03 10:26:00;227.660
2014-11-03 10:27:00;229.940
2014-11-03 10:28:00;235.220
2014-11-03 10:29:00;234.720
2014-11-03 10:30:00;232.410
2014-11-03 10:31:00;231.890
2014-11-03 10:32:00;236.920
2014-11-03 10:33:00;240.220
2014-11-03 10:34:00;232.140
2014-11-03 10:35:00;240.020
2014-11-03 10:36:00;236.990
2014-11-03 10:37:00;238.650
2014-11-03 10:38:00;237.390
2014-11-03 10:39:00;235.570
2014-11-03 10:40:00;238.650
2014-11-03 10:41:00;236.990
2014-11-03 10:42:00;231.740
2014-11-03 10:43:00;238.390
2014-11-03 10:44:00;237.440
2014-11-03 10:45:00;230.760
2014-11-03 10:46:00;232.790
2014-11-03 10:47:00;232.360
2014-11-03 10:48:00;232.090
2014-11-03 10:49:00;235.340
2014-11-03 10:50:00;231.510
2014-11-03 10:51:00;239.820
2014-11-03 10:52:00;234.140
2014-11-03 10:53:00;235.640
2014-11-03 10:54:00;232.610
2014-11-03 10:55:00;232.090
2014-11-03 10:56:00;230.340
2014-11-03 10:57:00;228.310
2014-11-03 10:58:00;235.520
2014-11-03 10:59:00;235.290
2014-11-03 11:00:00;232.560
2014-11-03 11:01:00;235.140
2014-11-03 11:02:00;228.580
2014-11-03 11:03:00;242.150
2014-11-03 11:04:00;236.220
2014-11-03 11:05:00;235.890
2014-11-03 11:06:00;236.270
2014-11-03 11:07:00;235.440
2014-11-03 11:08:00;235.290
2014-11-03 11:09:00;235.620
2014-11-03 11:10:00;235.970
2014-11-03 11:11:00;237.840
2014-11-03 11:12:00;234.390
2014-11-03 11:13:00;232.310
2014-11-03 11:14:00;237.570
2014-11-03 11:15:00;235.370
2014-11-03 11:16:00;235.670
2014-11-03 11:17:00;234.520
2014-11-03 11:18:00;237.920
2014-11-03 11:19:00;232.560
2014-11-03 11:20:00;237.890
2014-11-03 11:21:00;236.270
2014-11-03 11:22:00;231.160
2014-11-03 11:23:00;230.390
2014-11-03 11:24:00;232.010
2014-11-03 11:25:00;236.190
2014-11-03 11:26:00;233.310
2014-11-03 11:27:00;238.770
2014-11-03 11:28:00;230.560
2014-11-03 11:29:00;237.770
2014-11-03 11:30:00;239.300
2014-11-03 11:31:00;238.670
2014-11-03 11:32:00;232.940
2014-11-03 11:33:00;234.320
2014-11-03 11:34:00;234.990
2014-11-03 11:35:00;223.730
2014-11-03 11:36:00;233.490
2014-11-03 11:37:00;234.040
2014-11-03 11:38:00;236.220
2014-11-03 11:39:00;235.040
2014-11-03 11:40:00;229.740
2014-11-03 11:41:00;231.790
2014-11-03 11:42:00;230.660
2014-11-03 11:43:00;235.090
2014-11-03 11:44:00;232.290
2014-11-03 11:45:00;233.240
2014-11-03 11:46:00;236.970
2014-11-03 11:47:00;226.280
2014-11-03 11:48:00;237.890
2014-11-03 11:49:00;240.070
2014-11-03 11:50:00;234.320
2014-11-03 11:51:00;237.540
2014-11-03 11:52:00;238.620
2014-11-03 11:53:00;235.270
2014-11-03 11:54:00;230.510
2014-11-03 11:55:00;236.140
2014-11-03 11:56:00;235.240
2014-11-03 11:57:00;233.910
2014-11-03 11:58:00;236.620
2014-11-03 11:59:00;230.210
2014-11-03 12:00:00;229.030
2014-11-03 12:01:00;231.010
2014-11-03 12:02:00;236.090
2014-11-03 12:03:00;231.590
2014-11-03 12:04:00;234.620
2014-11-03 12:05:00;231.260
2014-11-03 12:06:00;240.400
2014-11-03 12:07:00;234.440
2014-11-03 12:08:00;236.620
2014-11-03 12:09:00;241.350
2014-11-03 12:10:00;232.090
2014-11-03 12:11:00;222.430
2014-11-03 12:12:00;231.960
2014-11-03 12:13:00;239.470
2014-11-03 12:14:00;237.540
2014-11-03 12:15:00;228.460
2014-11-03 12:16:00;233.910
2014-11-03 12:17:00;238.700
2014-11-03 12:18:00;231.210
2014-11-03 12:19:00;237.770
2014-11-03 12:20:00;238.650
2014-11-03 12:21:00;235.440
2014-11-03 12:22:00;232.190
2014-11-03 12:23:00;226.960
2014-11-03 12:24:00;233.390
2014-11-03 12:25:00;232.540
2014-11-03 12:26:00;235.390
2014-11-03 12:27:00;234.170
2014-11-03 12:28:00;239.020
2014-11-03 12:29:00;235.540
2014-11-03 12:30:00;232.560
2014-11-03 12:31:00;239.600
2014-11-03 12:32:00;239.950
2014-11-03 12:33:00;233.940
2014-11-03 12:34:00;225.930
2014-11-03 12:35:00;233.860
2014-11-03 12:36:00;230.640
2014-11-03 12:37:00;239.470
2014-11-03 12:38:00;233.740
2014-11-03 12:39:00;229.410
2014-11-03 12:40:00;231.110
2014-11-03 12:41:00;231.810
2014-11-03 12:42:00;235.690
2014-11-03 12:43:00;228.930
2014-11-03 12:44:00;234.220
2014-11-03 12:45:00;228.060
2014-11-03 12:46:00;227.710
2014-11-03 12:47:00;235.540
2014-11-03 12:48:00;231.510
2014-11-03 12:49:00;239.850
2014-11-03 12:50:00;233.140
2014-11-03 12:51:00;232.860
2014-11-03 12:52:00;229.080
2014-11-03 12:53:00;230.410
2014-11-03 12:54:00;235.970
2014-11-03 12:55:00;237.990
2014-11-03 12:56:00;237.170
2014-11-03 12:57:00;235.440
2014-11-03 12:58:00;236.020
2014-11-03 12:59:00;229.460
2014-11-03 13:00:00;230.240
2014-11-03 13:01:00;233.210
2014-11-03 13:02:00;237.890
2014-11-03 13:03:00;233.140
2014-11-03 13:04:00;234.490
2014-11-03 13:05:00;230.960
2014-11-03 13:06:00;229.560
2014-11-03 13:07:00;237.170
2014-11-03 13:08:00;234.470
2014-11-03 13:09:00;225.760
2014-11-03 13:10:00;233.590
2014-11-03 13:11:00;234.120
2014-11-03 13:12:00;231.660
2014-11-03 13:13:00;235.270
2014-11-03 13:14:00;228.910
2014-11-03 13:15:00;232.840
2014-11-03 13:16:00;231.590
2014-11-03 13:17:00;237.870
2014-11-03 13:18:00;234.720
2014-11-03 13:19:00;236.240
2014-11-03 13:20:00;230.660
2014-11-03 13:21:00;234.420
2014-11-03 13:22:00;232.710
2014-11-03 13:23:00;239.100
2014-11-03 13:24:00;234.370
2014-11-03 13:25:00;234.890
2014-11-03 13:26:00;234.090
2014-11-03 13:27:00;233.260
2014-11-03 13:28:00;230.360
2014-11-03 13:29:00;236.390
2014-11-03 13:30:00;230.390
2014-11-03 13:31:00;238.040
2014-11-03 13:32:00;239.670
2014-11-03 13:33:00;233.660
2014-11-03 13:34:00;234.220
2014-11-03 13:35:00;231.810
2014-11-03 13:36:00;233.290
2014-11-03 13:37:00;234.720
2014-11-03 13:38:00;236.670
2014-11-03 13:39:00;231.460
2014-11-03 13:40:00;233.160
2014-11-03 13:41:00;232.440
2014-11-03 13:42:00;232.360
2014-11-03 13:43:00;228.680
2014-11-03 13:44:00;237.420
2014-11-03 13:45:00;233.510
2014-11-03 13:46:00;237.370
2014-11-03 13:47:00;234.040
2014-11-03 13:48:00;231.190
2014-11-03 13:49:00;234.590
2014-11-03 13:50:00;236.020
2014-11-03 13:51:00;231.760
2014-11-03 13:52:00;231.990
2014-11-03 13:53:00;226.880
2014-11-03 13:54:00;233.190
2014-11-03 13:55:00;234.490
2014-11-03 13:56:00;239.300
2014-11-03 13:57:00;236.620
2014-11-03 13:58:00;232.460
2014-11-03 13:59:00;233.790
2014-11-03 14:00:00;232.610
2014-11-03 14:01:00;233.340
2014-11-03 14:02:00;232.290
2014-11-03 14:03:00;234.240
2014-11-03 14:04:00;232.560
2014-11-03 14:05:00;238.490
2014-11-03 14:06:00;235.920
2014-11-03 14:07:00;237.970
2014-11-03 14:08:00;234.640
2014-11-03 14:09:00;231.860
2014-11-03 14:10:00;234.820
2014-11-03 14:11:00;236.440
2014-11-03 14:12:00;239.620
2014-11-03 14:13:00;237.670
2014-11-03 14:14:00;234.920
2014-11-03 14:15:00;234.190
2014-11-03 14:16:00;229.030
2014-11-03 14:17:00;233.810
2014-11-03 14:18:00;232.790
2014-11-03 14:19:00;233.260
2014-11-03 14:20:00;237.070
2014-11-03 14:21:00;234.010
2014-11-03 14:22:00;238.220
2014-11-03 14:23:00;241.370
2014-11-03 14:24:00;235.190
2014-11-03 14:25:00;232.290
2014-11-03 14:26:00;236.570
2014-11-03 14:27:00;231.040
2014-11-03 14:28:00;238.040
2014-11-03 14:29:00;235.990
2014-11-03 14:30:00;233.840
2014-11-03 14:31:00;233.240
2014-11-03 14:32:00;226.560
2014-11-03 14:33:00;233.140
2014-11-03 14:34:00;235.790
2014-11-03 14:35:00;233.410
2014-11-03 14:36:00;227.430
2014-11-03 14:37:00;231.440
2014-11-03 14:38:00;233.860
2014-11-03 14:39:00;238.120
2014-11-03 14:40:00;236.590
2014-11-03 14:41:00;234.740
2014-11-03 14:42:00;236.240
2014-11-03 14:43:00;235.790
2014-11-03 14:44:00;237.470
2014-11-03 14:45:00;240.400
2014-11-03 14:46:00;226.810
2014-11-03 14:47:00;237.470
2014-11-03 14:48:00;231.940
2014-11-03 14:49:00;232.490
2014-11-03 14:50:00;237.640
2014-11-03 14:51:00;237.090
2014-11-03 14:52:00;233.010
2014-11-03 14:53:00;232.440
2014-11-03 14:54:00;233.460
2014-11-03 14:55:00;237.820
2014-11-03 14:56:00;226.530
2014-11-03 14:57:00;237.490
2014-11-03 14:58:00;238.220
2014-11-03 14:59:00;239.300
2014-11-03 15:00:00;234.770
2014-11-03 15:01:00;236.570
2014-11-03 15:02:00;235.240
2014-11-03 15:03:00;232.060
2014-11-03 15:04:00;227.360
2014-11-03 15:05:00;232.310
2014-11-03 15:06:00;234.990
2014-11-03 15:07:00;236.570
2014-11-03 15:08:00;237.740
2014-11-03 15:09:00;232.890
2014-11-03 15:10:00;235.570
2014-11-03 15:11:00;231.290
2014-11-03 15:12:00;229.530
2014-11-03 15:13:00;234.140
2014-11-03 15:14:00;232.860
2014-11-03 15:15:00;229.610
2014-11-03 15:16:00;232.240
2014-11-03 15:17:00;236.470
2014-11-03 15:18:00;240.550
2014-11-03 15:19:00;228.960
2014-11-03 15:20:00;237.070
2014-11-03 15:21:00;230.310
2014-11-03 15:22:00;231.860
2014-11-03 15:23:00;234.820
2014-11-03 15:24:00;230.840
2014-11-03 15:25:00;234.620
2014-11-03 15:26:00;231.990
2014-11-03 15:27:00;238.670
2014-11-03 15:28:00;233.110
2014-11-03 15:29:00;232.490
2014-11-03 15:30:00;233.890
2014-11-03 15:31:00;237.440
2014-11-03 15:32:00;230.460
2014-11-03 15:33:00;240.250
2014-11-03 15:34:00;232.890
2014-11-03 15:35:00;231.840
2014-11-03 15:36:00;239.450
2014-11-03 15:37:00;232.340
2014-11-03 15:38:00;233.660
2014-11-03 15:39:00;232.340
2014-11-03 15:40:00;231.490
2014-11-03 15:41:00;233.360
2014-11-03 15:42:00;240.970
2014-11-03 15:43:00;233.310
2014-11-03 15:44:00;234.970
2014-11-03 15:45:00;235.740
2014-11-03 15:46:00;235.590
2014-11-03 15:47:00;234.520
2014-11-03 15:48:00;233.610
2014-11-03 15:49:00;237.590
2014-11-03 15:50:00;235.940
2014-11-03 15:51:00;232.860
2014-11-03 15:52:00;238.490
2014-11-03 15:53:00;231.510
2014-11-03 15:54:00;236.390
2014-11-03 15:55:00;230.390
2014-11-03 15:56:00;232.210
2014-11-03 15:57:00;233.310
2014-11-03 15:58:00;231.740
2014-11-03 15:59:00;229.610
2014-11-03 16:00:00;236.170
2014-11-03 16:01:00;235.890
2014-11-03 16:02:00;236.640
2014-11-03 16:03:00;239.100
2014-11-03 16:04:00;237.740
2014-11-03 16:05:00;240.250
2014-11-03 16:06:00;231.690
2014-11-03 16:07:00;237.470
2014-11-03 16:08:00;235.920
2014-11-03 16:09:00;235.670
2014-11-03 16:10:00;238.040
2014-11-03 16:11:00;233.640
2014-11-03 16:12:00;236.290
2014-11-03 16:13:00;240.100
2014-11-03 16:14:00;230.790
2014-11-03 16:15:00;241.320
2014-11-03 16:16:00;233.060
2014-11-03 16:17:00;226.630
2014-11-03 16:18:00;237.140
2014-11-03 16:19:00;232.960
2014-11-03 16:20:00;235.670
2014-11-03 16:21:00;238.650
2014-11-03 16:22:00;231.910
2014-11-03 16:23:00;239.050
2014-11-03 16:24:00;239.050
2014-11-03 16:25:00;228.910
2014-11-03 16:26:00;228.180
2014-11-03 16:27:00;229.360
2014-11-03 16:28:00;240.400
2014-11-03 16:29:00;231.990
2014-11-03 16:30:00;233.360
2014-11-03 16:31:00;235.770
2014-11-03 16:32:00;235.740
2014-11-03 16:33:00;238.870
2014-11-03 16:34:00;234.520
2014-11-03 16:35:00;232.160
2014-11-03 16:36:00;233.810
2014-11-03 16:37:00;236.690
2014-11-03 16:38:00;235.290
2014-11-03 16:39:00;240.100
2014-11-03 16:40:00;229.760
2014-11-03 16:41:00;238.570
2014-11-03 16:42:00;232.010
2014-11-03 16:43:00;235.040
2014-11-03 16:44:00;225.830
2014-11-03 16:45:00;234.670
2014-11-03 16:46:00;238.320
2014-11-03 16:47:00;232.190
2014-11-03 16:48:00;235.990
2014-11-03 16:49:00;230.190
2014-11-03 16:50:00;240.470
2014-11-03 16:51:00;231.990
2014-11-03 16:52:00;230.640
2014-11-03 16:53:00;236.140
2014-11-03 16:54:00;236.840
2014-11-03 16:55:00;234.920
2014-11-03 16:56:00;235.320
2014-11-03 16:57:00;238.490
2014-11-03 16:58:00;227.680
2014-11-03 16:59:00;232.840
2014-11-03 17:00:00;234.620
2014-11-03 17:01:00;234.990
2014-11-03 17:02:00;234.010
2014-11-03 17:03:00;226.860
2014-11-03 17:04:00;236.590
2014-11-03 17:05:00;232.360
2014-11-03 17:06:00;235.740
2014-11-03 17:07:00;232.540
2014-11-03 17:08:00;232.340
2014-11-03 17:09:00;233.690
2014-11-03 17:10:00;230.540
2014-11-03 17:11:00;232.040
2014-11-03 17:12:00;234.920
2014-11-03 17:13:00;236.120
2014-11-03 17:14:00;239.120
2014-11-03 17:15:00;237.790
2014-11-03 17:16:00;230.690
2014-11-03 17:17:00;233.340
2014-11-03 17:18:00;234.440
2014-11-03 17:19:00;229.860
2014-11-03 17:20:00;239.300
2014-11-03 17:21:00;229.430
2014-11-03 17:22:00;238.340
2014-11-03 17:23:00;232.760
2014-11-03 17:24:00;239.920
2014-11-03 17:25:00;236.140
2014-11-03 17:26:00;234.520
2014-11-03 17:27:00;236.640
2014-11-03 17:28:00;232.610
2014-11-03 17:29:00;234.520
2014-11-03 17:30:00;235.770
2014-11-03 17:31:00;237.620
2014-11-03 17:32:00;234.140
2014-11-03 17:33:00;233.840
2014-11-03 17:34:00;235.040
2014-11-03 17:35:00;236.370
2014-11-03 17:36:00;233.310
2014-11-03 17:37:00;233.040
2014-11-03 17:38:00;228.410
2014-11-03 17:39:00;234.920
2014-11-03 17:40:00;235.990
2014-11-03 17:41:00;233.790
2014-11-03 17:42:00;238.340
2014-11-03 17:43:00;231.460
2014-11-03 17:44:00;234.820
2014-11-03 17:45:00;227.560
2014-11-03 17:46:00;234.490
2014-11-03 17:47:00;232.140
2014-11-03 17:48:00;238.490
2014-11-03 17:49:00;233.260
2014-11-03 17:50:00;234.290
2014-11-03 17:51:00;230.710
2014-11-03 17:52:00;234.840
2014-11-03 17:53:00;238.020
2014-11-03 17:54:00;230.860
2014-11-03 17:55:00;231.490
2014-11-03 17:56:00;237.490
2014-11-03 17:57:00;230.190
2014-11-03 17:58:00;233.490
2014-11-03 17:59:00;226.860
2014-11-03 18:00:00;238.470
2014-11-03 18:01:00;230.440
2014-11-03 18:02:00;229.990
2014-11-03 18:03:00;237.190
2014-11-03 18:04:00;234.670
2014-11-03 18:05:00;233.810
2014-11-03 18:06:00;232.090
2014-11-03 18:07:00;243.530
2014-11-03 18:08:00;232.960
2014-11-03 18:09:00;241.120
2014-11-03 18:10:00;237.870
2014-11-03 18:11:00;228.860
2014-11-03 18:12:00;230.290
2014-11-03 18:13:00;238.550
2014-11-03 18:14:00;234.440
2014-11-03 18:15:00;235.140
2014-11-03 18:16:00;239.770
2014-11-03 18:17:00;233.560
2014-11-03 18:18:00;240.100
2014-11-03 18:19:00;233.740
2014-11-03 18:20:00;236.940
2014-11-03 18:21:00;229.940
2014-11-03 18:22:00;233.410
2014-11-03 18:23:00;235.270
2014-11-03 18:24:00;235.620
2014-11-03 18:25:00;233.160
2014-11-03 18:26:00;229.160
2014-11-03 18:27:00;233.260
2014-11-03 18:28:00;235.740
2014-11-03 18:29:00;238.490
2014-11-03 18:30:00;233.260
2014-11-03 18:31:00;234.520
2014-11-03 18:32:00;239.250
2014-11-03 18:33:00;233.610
2014-11-03 18:34:00;230.810
2014-11-03 18:35:00;232.590
2014-11-03 18:36:00;233.760
2014-11-03 18:37:00;236.490
2014-11-03 18:38:00;233.910
2014-11-03 18:39:00;232.560
2014-11-03 18:40:00;237.670
2014-11-03 18:41:00;235.640
2014-11-03 18:42:00;236.790
2014-11-03 18:43:00;237.370
2014-11-03 18:44:00;231.460
2014-11-03 18:45:00;235.440
2014-11-03 18:46:00;236.090
2014-11-03 18:47:00;232.560
2014-11-03 18:48:00;232.540
2014-11-03 18:49:00;236.190
2014-11-03 18:50:00;239.120
2014-11-03 18:51:00;243.530
2014-11-03 18:52:00;235.690
2014-11-03 18:53:00;239.470
2014-11-03 18:54:00;239.670
2014-11-03 18:55:00;237.440
2014-11-03 18:56:00;237.490
2014-11-03 18:57:00;233.260
2014-11-03 18:58:00;238.870
2014-11-03 18:59:00;234.290
2014-11-03 19:00:00;233.990
2014-11-03 19:01:00;234.120
2014-11-03 19:02:00;233.060
2014-11-03 19:03:00;231.840
2014-11-03 19:04:00;230.890
2014-11-03 19:05:00;235.120
2014-11-03 19:06:00;234.240
2014-11-03 19:07:00;229.840
2014-11-03 19:08:00;232.790
2014-11-03 19:09:00;235.540
2014-11-03 19:10:00;237.470
2014-11-03 19:11:00;233.240
2014-11-03 19:12:00;232.290
2014-11-03 19:13:00;232.840
2014-11-03 19:14:00;238.720
2014-11-03 19:15:00;230.490
2014-11-03 19:16:00;234.740
2014-11-03 19:17:00;233.740
2014-11-03 19:18:00;233.760
2014-11-03 19:19:00;234.590
2014-11-03 19:20:00;231.760
2014-11-03 19:21:00;232.010
2014-11-03 19:22:00;238.190
2014-11-03 19:23:00;236.740
2014-11-03 19:24:00;232.560
2014-11-03 19:25:00;229.630
2014-11-03 19:26:00;239.850
2014-11-03 19:27:00;234.290
2014-11-03 19:28:00;234.440
2014-11-03 19:29:00;236.040
2014-11-03 19:30:00;244.300
2014-11-03 19:31:00;236.290
2014-11-03 19:32:00;236.640
2014-11-03 19:33:00;232.760
2014-11-03 19:34:00;235.320
2014-11-03 19:35:00;235.040
2014-11-03 19:36:00;234.520
2014-11-03 19:37:00;236.990
2014-11-03 19:38:00;233.560
2014-11-03 19:39:00;229.380
2014-11-03 19:40:00;237.640
2014-11-03 19:41:00;229.410
2014-11-03 19:42:00;235.740
2014-11-03 19:43:00;236.690
2014-11-03 19:44:00;237.490
2014-11-03 19:45:00;232.340
2014-11-03 19:46:00;233.760
2014-11-03 19:47:00;236.570
2014-11-03 19:48:00;231.460
2014-11-03 19:49:00;237.640
2014-11-03 19:50:00;236.690
2014-11-03 19:51:00;236.870
2014-11-03 19:52:00;236.240
2014-11-03 19:53:00;236.520
2014-11-03 19:54:00;237.570
2014-11-03 19:55:00;230.460
2014-11-03 19:56:00;229.080
2014-11-03 19:57:00;233.210
2014-11-03 19:58:00;235.190
2014-11-03 19:59:00;235.270
2014-11-03 20:00:00;231.010
2014-11-03 20:01:00;234.540
2014-11-03 20:02:00;234.920
2014-11-03 20:03:00;239.070
2014-11-03 20:04:00;239.220
2014-11-03 20:05:00;237.490
2014-11-03 20:06:00;233.790
2014-11-03 20:07:00;239.070
2014-11-03 20:08:00;236.520
2014-11-03 20:09:00;229.460
2014-11-03 20:10:00;235.170
2014-11-03 20:11:00;234.770
2014-11-03 20:12:00;234.570
2014-11-03 20:13:00;231.610
2014-11-03 20:14:00;233.290
2014-11-03 20:15:00;231.790
2014-11-03 20:16:00;233.140
2014-11-03 20:17:00;232.890
2014-11-03 20:18:00;234.060
2014-11-03 20:19:00;240.220
2014-11-03 20:20:00;237.670
2014-11-03 20:21:00;234.720
2014-11-03 20:22:00;231.590
2014-11-03 20:23:00;229.940
2014-11-03 20:24:00;236.690
2014-11-03 20:25:00;239.470
2014-11-03 20:26:00;236.190
2014-11-03 20:27:00;234.870
2014-11-03 20:28:00;239.400
2014-11-03 20:29:00;228.880
2014-11-03 20:30:00;234.970
2014-11-03 20:31:00;233.240
2014-11-03 20:32:00;238.820
2014-11-03 20:33:00;235.020
2014-11-03 20:34:00;237.170
2014-11-03 20:35:00;238.520
2014-11-03 20:36:00;235.740
2014-11-03 20:37:00;228.180
2014-11-03 20:38:00;238.770
2014-11-03 20:39:00;233.960
2014-11-03 20:40:00;235.040
2014-11-03 20:41:00;237.320
2014-11-03 20:42:00;230.640
2014-11-03 20:43:00;230.840
2014-11-03 20:44:00;237.840
2014-11-03 20:45:00;235.140
2014-11-03 20:46:00;234.740
2014-11-03 20:47:00;235.790
2014-11-03 20:48:00;235.070
2014-11-03 20:49:00;234.620
2014-11-03 20:50:00;232.690
2014-11-03 20:51:00;233.210
2014-11-03 20:52:00;236.390
2014-11-03 20:53:00;232.110
2014-11-03 20:54:00;231.610
2014-11-03 20:55:00;237.470
2014-11-03 20:56:00;235.940
2014-11-03 20:57:00;234.620
2014-11-03 20:58:00;236.070
2014-11-03 20:59:00;233.040
2014-11-03 21:00:00;235.120
2014-11-03 21:01:00;234.990
2014-11-03 21:02:00;237.940
2014-11-03 21:03:00;235.940
2014-11-03 21:04:00;232.810
2014-11-03 21:05:00;231.710
2014-11-03 21:06:00;233.440
2014-11-03 21:07:00;235.920
2014-11-03 21:08:00;239.350
2014-11-03 21:09:00;231.640
2014-11-03 21:10:00;231.990
2014-11-03 21:11:00;233.540
2014-11-03 21:12:00;236.590
2014-11-03 21:13:00;235.920
2014-11-03 21:14:00;235.220
2014-11-03 21:15:00;233.910
2014-11-03 21:16:00;233.710
2014-11-03 21:17:00;236.820
2014-11-03 21:18:00;229.630
2014-11-03 21:19:00;236.990
2014-11-03 21:20:00;230.910
2014-11-03 21:21:00;238.820
2014-11-03 21:22:00;239.320
2014-11-03 21:23:00;232.690
2014-11-03 21:24:00;239.700
2014-11-03 21:25:00;226.380
2014-11-03 21:26:00;234.090
2014-11-03 21:27:00;229.480
2014-11-03 21:28:00;233.860
2014-11-03 21:29:00;229.960
2014-11-03 21:30:00;234.010
2014-11-03 21:31:00;238.120
2014-11-03 21:32:00;229.180
2014-11-03 21:33:00;241.070
2014-11-03 21:34:00;236.040
2014-11-03 21:35:00;240.520
2014-11-03 21:36:00;233.860
2014-11-03 21:37:00;235.240
2014-11-03 21:38:00;234.590
2014-11-03 21:39:00;238.770
2014-11-03 21:40:00;232.910
2014-11-03 21:41:00;236.870
2014-11-03 21:42:00;227.510
2014-11-03 21:43:00;227.680
2014-11-03 21:44:00;236.820
2014-11-03 21:45:00;233.790
2014-11-03 21:46:00;230.740
2014-11-03 21:47:00;230.060
2014-11-03 21:48:00;233.960
2014-11-03 21:49:00;230.810
2014-11-03 21:50:00;233.360
2014-11-03 21:51:00;231.360
2014-11-03 21:52:00;235.590
2014-11-03 21:53:00;233.760
2014-11-03 21:54:00;232.160
2014-11-03 21:55:00;232.890
2014-11-03 21:56:00;232.540
2014-11-03 21:57:00;235.120
2014-11-03 21:58:00;231.290
2014-11-03 21:59:00;228.130
2014-11-03 22:00:00;234.440
2014-11-03 22:01:00;235.690
2014-11-03 22:02:00;236.190
2014-11-03 22:03:00;233.890
2014-11-03 22:04:00;230.610
2014-11-03 22:05:00;233.360
2014-11-03 22:06:00;236.390
2014-11-03 22:07:00;232.610
2014-11-03 22:08:00;233.860
2014-11-03 22:09:00;237.240
2014-11-03 22:10:00;231.490
2014-11-03 22:11:00;234.420
2014-11-03 22:12:00;236.570
2014-11-03 22:13:00;231.460
2014-11-03 22:14:00;240.720
2014-11-03 22:15:00;232.290
2014-11-03 22:16:00;234.920
2014-11-03 22:17:00;227.380
2014-11-03 22:18:00;233.540
2014-11-03 22:19:00;233.710
2014-11-03 22:20:00;226.310
2014-11-03 22:21:00;231.490
2014-11-03 22:22:00;234.690
2014-11-03 22:23:00;229.510
2014-11-03 22:24:00;237.240
2014-11-03 22:25:00;230.840
2014-11-03 22:26:00;232.160
2014-11-03 22:27:00;234.320
2014-11-03 22:28:00;236.020
2014-11-03 22:29:00;234.240
2014-11-03 22:30:00;239.250
2014-11-03 22:31:00;234.490
2014-11-03 22:32:00;234.340
2014-11-03 22:33:00;226.430
2014-11-03 22:34:00;233.040
2014-11-03 22:35:00;243.600
2014-11-03 22:36:00;233.690
2014-11-03 22:37:00;238.140
2014-11-03 22:38:00;230.160
2014-11-03 22:39:00;234.770
2014-11-03 22:40:00;239.400
2014-11-03 22:41:00;233.290
2014-11-03 22:42:00;234.940
2014-11-03 22:43:00;240.070
2014-11-03 22:44:00;236.290
2014-11-03 22:45:00;232.610
2014-11-03 22:46:00;234.060
2014-11-03 22:47:00;232.260
2014-11-03 22:48:00;231.690
2014-11-03 22:49:00;236.390
2014-11-03 22:50:00;229.410
2014-11-03 22:51:00;236.320
2014-11-03 22:52:00;232.990
2014-11-03 22:53:00;228.130
2014-11-03 22:54:00;232.690
2014-11-03 22:55:00;230.760
2014-11-03 22:56:00;229.760
2014-11-03 22:57:00;236.970
2014-11-03 22:58:00;235.220
2014-11-03 22:59:00;231.040
2014-11-03 23:00:00;234.220
2014-11-03 23:01:00;238.020
2014-11-03 23:02:00;232.510
2014-11-03 23:03:00;230.190
2014-11-03 23:04:00;238.600
2014-11-03 23:05:00;229.860
2014-11-03 23:06:00;231.860
2014-11-03 23:07:00;234.120
2014-11-03 23:08:00;231.390
2014-11-03 23:09:00;236.340
2014-11-03 23:10:00;232.790
2014-11-03 23:11:00;234.740
2014-11-03 23:12:00;233.410
2014-11-03 23:13:00;230.490
2014-11-03 23:14:00;233.560
2014-11-03 23:15:00;237.370
2014-11-03 23:16:00;237.870
2014-11-03 23:17:00;232.260
2014-11-03 23:18:00;235.270
2014-11-03 23:19:00;237.790
2014-11-03 23:20:00;236.940
2014-11-03 23:21:00;231.540
2014-11-03 23:22:00;235.420
2014-11-03 23:23:00;232.110
2014-11-03 23:24:00;232.960
2014-11-03 23:25:00;225.230
2014-11-03 23:26:00;236.070
2014-11-03 23:27:00;232.740
2014-11-03 23:28:00;232.090
2014-11-03 23:29:00;238.240
2014-11-03 23:30:00;232.840
2014-11-03 23:31:00;231.110
2014-11-03 23:32:00;233.240
2014-11-03 23:33:00;233.890
2014-11-03 23:34:00;231.660
2014-11-03 23:35:00;235.190
2014-11-03 23:36:00;233.060
2014-11-03 23:37:00;236.370
2014-11-03 23:38:00;236.340
2014-11-03 23:39:00;237.670
2014-11-03 23:40:00;231.390
2014-11-03 23:41:00;235.840
2014-11-03 23:42:00;231.860
2014-11-03 23:43:00;235.270
2014-11-03 23:44:00;236.120
2014-11-03 23:45:00;230.840
2014-11-03 23:46:00;237.920
2014-11-03 23:47:00;238.850
2014-11-03 23:48:00;234.570
2014-11-03 23:49:00;238.120
2014-11-03 23:50:00;233.560
2014-11-03 23:51:00;235.370
2014-11-03 23:52:00;230.710
2014-11-03 23:53:00;235.120
2014-11-03 23:54:00;230.090
2014-11-03 23:55:00;231.160
2014-11-03 23:56:00;236.940
2014-11-03 23:57:00;234.120
2014-11-03 23:58:00;230.360
2014-11-03 23:59:00;230.990
2014-11-04 00:00:00;238.420
2014-11-04 00:01:00;240.020
2014-11-04 00:02:00;232.040
2014-11-04 00:03:00;234.790
2014-11-04 00:04:00;235.020
2014-11-04 00:05:00;227.610
2014-11-04 00:06:00;225.230
2014-11-04 00:07:00;234.190
2014-11-04 00:08:00;228.480
2014-11-04 00:09:00;227.310
2014-11-04 00:10:00;232.260
2014-11-04 00:11:00;238.240
2014-11-04 00:12:00;231.910
2014-11-04 00:13:00;231.760
2014-11-04 00:14:00;232.740
2014-11-04 00:15:00;235.290
2014-11-04 00:16:00;236.020
2014-11-04 00:17:00;230.060
2014-11-04 00:18:00;236.490
2014-11-04 00:19:00;236.070
2014-11-04 00:20:00;239.450
2014-11-04 00:21:00;232.710
2014-11-04 00:22:00;238.090
2014-11-04 00:23:00;235.840
2014-11-04 00:24:00;239.350
2014-11-04 00:25:00;234.590
2014-11-04 00:26:00;235.740
2014-11-04 00:27:00;237.770
2014-11-04 00:28:00;235.420
2014-11-04 00:29:00;233.040
2014-11-04 00:30:00;234.770
2014-11-04 00:31:00;231.310
2014-11-04 00:32:00;233.510
2014-11-04 00:33:00;230.110
2014-11-04 00:34:00;229.560
2014-11-04 00:35:00;241.520
2014-11-04 00:36:00;230.510
2014-11-04 00:37:00;231.710
2014-11-04 00:38:00;228.960
2014-11-04 00:39:00;235.990
2014-11-04 00:40:00;234.010
2014-11-04 00:41:00;234.240
2014-11-04 00:42:00;227.580
2014-11-04 00:43:00;230.860
2014-11-04 00:44:00;235.940
2014-11-04 00:45:00;231.760
2014-11-04 00:46:00;233.990
2014-11-04 00:47:00;239.470
2014-11-04 00:48:00;232.810
2014-11-04 00:49:00;237.220
2014-11-04 00:50:00;235.120
2014-11-04 00:51:00;225.580
2014-11-04 00:52:00;235.370
2014-11-04 00:53:00;235.270
2014-11-04 00:54:00;236.370
2014-11-04 00:55:00;238.220
2014-11-04 00:56:00;226.630
2014-11-04 00:57:00;232.360
2014-11-04 00:58:00;231.360
2014-11-04 00:59:00;230.790
2014-11-04 01:00:00;227.760
2014-11-04 01:01:00;236.490
2014-11-04 01:02:00;234.120
2014-11-04 01:03:00;229.230
2014-11-04 01:04:00;235.020
2014-11-04 01:05:00;228.610
2014-11-04 01:06:00;234.870
2014-11-04 01:07:00;230.210
2014-11-04 01:08:00;228.960
2014-11-04 01:09:00;228.110
2014-11-04 01:10:00;229.380
2014-11-04 01:11:00;227.130
2014-11-04 01:12:00;236.940
2014-11-04 01:13:00;237.290
2014-11-04 01:14:00;233.360
2014-11-04 01:15:00;230.590
2014-11-04 01:16:00;237.870
2014-11-04 01:17:00;236.240
2014-11-04 01:18:00;232.410
2014-11-04 01:19:00;230.610
2014-11-04 01:20:00;233.810
2014-11-04 01:21:00;237.620
2014-11-04 01:22:00;234.340
2014-11-04 01:23:00;234.870
2014-11-04 01:24:00;236.120
2014-11-04 01:25:00;225.530
2014-11-04 01:26:00;234.520
2014-11-04 01:27:00;234.470
2014-11-04 01:28:00;234.370
2014-11-04 01:29:00;229.630
2014-11-04 01:30:00;231.340
2014-11-04 01:31:00;232.640
2014-11-04 01:32:00;237.640
2014-11-04 01:33:00;231.040
2014-11-04 01:34:00;233.360
2014-11-04 01:35:00;229.410
2014-11-04 01:36:00;236.040
2014-11-04 01:37:00;231.890
2014-11-04 01:38:00;231.860
2014-11-04 01:39:00;237.570
2014-11-04 01:40:00;231.990
2014-11-04 01:41:00;229.560
2014-11-04 01:42:00;236.990
2014-11-04 01:43:00;230.510
2014-11-04 01:44:00;233.610
2014-11-04 01:45:00;230.960
2014-11-04 01:46:00;233.240
2014-11-04 01:47:00;236.370
2014-11-04 01:48:00;231.760
2014-11-04 01:49:00;233.140
2014-11-04 01:50:00;231.140
2014-11-04 01:51:00;231.060
2014-11-04 01:52:00;236.270
2014-11-04 01:53:00;230.760
2014-11-04 01:54:00;236.940
2014-11-04 01:55:00;232.760
2014-11-04 01:56:00;234.290
2014-11-04 01:57:00;234.270
2014-11-04 01:58:00;236.170
2014-11-04 01:59:00;230.940
2014-11-04 02:00:00;235.740
2014-11-04 02:01:00;226.910
2014-11-04 02:02:00;232.210
2014-11-04 02:03:00;231.290
2014-11-04 02:04:00;230.160
2014-11-04 02:05:00;232.490
2014-11-04 02:06:00;224.500
2014-11-04 02:07:00;232.110
2014-11-04 02:08:00;233.810
2014-11-04 02:09:00;238.720
2014-11-04 02:10:00;233.190
2014-11-04 02:11:00;230.740
2014-11-04 02:12:00;231.510
2014-11-04 02:13:00;236.520
2014-11-04 02:14:00;229.280
2014-11-04 02:15:00;234.770
2014-11-04 02:16:00;237.920
2014-11-04 02:17:00;233.790
2014-11-04 02:18:00;229.310
2014-11-04 02:19:00;232.060
2014-11-04 02:20:00;228.080
2014-11-04 02:21:00;238.920
2014-11-04 02:22:00;230.460
2014-11-04 02:23:00;233.890
2014-11-04 02:24:00;231.710
2014-11-04 02:25:00;235.340
2014-11-04 02:26:00;231.760
2014-11-04 02:27:00;235.390
2014-11-04 02:28:00;233.690
2014-11-04 02:29:00;233.290
2014-11-04 02:30:00;233.990
2014-11-04 02:31:00;238.090
2014-11-04 02:32:00;229.940
2014-11-04 02:33:00;237.940
2014-11-04 02:34:00;236.420
2014-11-04 02:35:00;235.220
2014-11-04 02:36:00;233.810
2014-11-04 02:37:00;243.350
2014-11-04 02:38:00;231.040
2014-11-04 02:39:00;231.460
2014-11-04 02:40:00;234.290
2014-11-04 02:41:00;232.610
2014-11-04 02:42:00;231.040
2014-11-04 02:43:00;233.210
2014-11-04 02:44:00;237.940
2014-11-04 02:45:00;239.550
2014-11-04 02:46:00;235.570
2014-11-04 02:47:00;234.790
2014-11-04 02:48:00;234.440
2014-11-04 02:49:00;234.190
2014-11-04 02:50:00;230.440
2014-11-04 02:51:00;232.090
2014-11-04 02:52:00;233.840
2014-11-04 02:53:00;226.780
2014-11-04 02:54:00;232.760
2014-11-04 02:55:00;234.540
2014-11-04 02:56:00;232.990
2014-11-04 02:57:00;227.510
2014-11-04 02:58:00;237.590
2014-11-04 02:59:00;234.140
2014-11-04 03:00:00;239.720
2014-11-04 03:01:00;232.960
2014-11-04 03:02:00;232.040
2014-11-04 03:03:00;233.010
2014-11-04 03:04:00;232.640
2014-11-04 03:05:00;234.060
2014-11-04 03:06:00;236.040
2014-11-04 03:07:00;237.920
2014-11-04 03:08:00;232.010
2014-11-04 03:09:00;234.010
2014-11-04 03:10:00;232.290
2014-11-04 03:11:00;229.080
2014-11-04 03:12:00;237.290
2014-11-04 03:13:00;234.470
2014-11-04 03:14:00;234.940
2014-11-04 03:15:00;231.310
2014-11-04 03:16:00;232.540
2014-11-04 03:17:00;230.660
2014-11-04 03:18:00;232.940
2014-11-04 03:19:00;227.260
2014-11-04 03:20:00;235.390
2014-11-04 03:21:00;230.790
2014-11-04 03:22:00;231.310
2014-11-04 03:23:00;240.200
2014-11-04 03:24:00;229.910
2014-11-04 03:25:00;232.360
2014-11-04 03:26:00;233.660
2014-11-04 03:27:00;233.810
2014-11-04 03:28:00;239.900
2014-11-04 03:29:00;237.740
2014-11-04 03:30:00;236.020
2014-11-04 03:31:00;223.080
2014-11-04 03:32:00;226.480
2014-11-04 03:33:00;230.090
2014-11-04 03:34:00;228.580
2014-11-04 03:35:00;235.390
2014-11-04 03:36:00;232.960
2014-11-04 03:37:00;237.370
2014-11-04 03:38:00;235.240
2014-11-04 03:39:00;227.160
2014-11-04 03:40:00;230.590
2014-11-04 03:41:00;234.520
2014-11-04 03:42:00;231.610
2014-11-04 03:43:00;231.090
2014-11-04 03:44:00;239.270
2014-11-04 03:45:00;226.160
2014-11-04 03:46:00;226.460
2014-11-04 03:47:00;237.940
2014-11-04 03:48:00;236.590
2014-11-04 03:49:00;233.860
2014-11-04 03:50:00;231.240
2014-11-04 03:51:00;229.460
2014-11-04 03:52:00;236.570
2014-11-04 03:53:00;234.690
2014-11-04 03:54:00;233.490
2014-11-04 03:55:00;230.040
2014-11-04 03:56:00;238.340
2014-11-04 03:57:00;234.790
2014-11-04 03:58:00;238.950
2014-11-04 03:59:00;234.490
2014-11-04 04:00:00;232.860
2014-11-04 04:01:00;229.530
2014-11-04 04:02:00;229.160
2014-11-04 04:03:00;233.040
2014-11-04 04:04:00;234.170
2014-11-04 04:05:00;235.270
2014-11-04 04:06:00;236.070
2014-11-04 04:07:00;228.630
2014-11-04 04:08:00;228.660
2014-11-04 04:09:00;235.620
2014-11-04 04:10:00;234.390
2014-11-04 04:11:00;241.770
2014-11-04 04:12:00;232.790
2014-11-04 04:13:00;233.510
2014-11-04 04:14:00;237.040
2014-11-04 04:15:00;229.030
2014-11-04 04:16:00;236.790
2014-11-04 04:17:00;241.350
2014-11-04 04:18:00;236.620
2014-11-04 04:19:00;230.810
2014-11-04 04:20:00;226.110
2014-11-04 04:21:00;230.040
2014-11-04 04:22:00;239.200
2014-11-04 04:23:00;234.540
2014-11-04 04:24:00;235.070
2014-11-04 04:25:00;237.540
2014-11-04 04:26:00;239.520
2014-11-04 04:27:00;235.940
2014-11-04 04:28:00;234.790
2014-11-04 04:29:00;234.190
2014-11-04 04:30:00;235.740
2014-11-04 04:31:00;232.360
2014-11-04 04:32:00;235.270
2014-11-04 04:33:00;233.060
2014-11-04 04:34:00;231.440
2014-11-04 04:35:00;234.790
2014-11-04 04:36:00;228.880
2014-11-04 04:37:00;235.370
2014-11-04 04:38:00;232.640
2014-11-04 04:39:00;235.270
2014-11-04 04:40:00;234.640
2014-11-04 04:41:00;232.810
2014-11-04 04:42:00;240.720
2014-11-04 04:43:00;225.680
2014-11-04 04:44:00;232.560
2014-11-04 04:45:00;235.790
2014-11-04 04:46:00;226.860
2014-11-04 04:47:00;232.390
2014-11-04 04:48:00;230.440
2014-11-04 04:49:00;237.040
2014-11-04 04:50:00;231.410
2014-11-04 04:51:00;229.130
2014-11-04 04:52:00;235.890
2014-11-04 04:53:00;231.040
2014-11-04 04:54:00;229.890
2014-11-04 04:55:00;229.740
2014-11-04 04:56:00;229.460
2014-11-04 04:57:00;226.210
2014-11-04 04:58:00;229.760
2014-11-04 04:59:00;229.710
2014-11-04 05:00:00;234.570
2014-11-04 05:01:00;239.500
2014-11-04 05:02:00;232.890
2014-11-04 05:03:00;229.160
2014-11-04 05:04:00;230.810
2014-11-04 05:05:00;239.200
2014-11-04 05:06:00;237.540
2014-11-04 05:07:00;231.610
2014-11-04 05:08:00;225.150
2014-11-04 05:09:00;231.910
2014-11-04 05:10:00;231.940
2014-11-04 05:11:00;240.500
2014-11-04 05:12:00;236.990
2014-11-04 05:13:00;230.340
2014-11-04 05:14:00;227.430
2014-11-04 05:15:00;237.740
2014-11-04 05:16:00;228.260
2014-11-04 05:17:00;228.930
2014-11-04 05:18:00;238.040
2014-11-04 05:19:00;231.760
2014-11-04 05:20:00;227.380
2014-11-04 05:21:00;227.510
2014-11-04 05:22:00;235.720
2014-11-04 05:23:00;238.700
2014-11-04 05:24:00;230.860
2014-11-04 05:25:00;233.560
2014-11-04 05:26:00;235.670
2014-11-04 05:27:00;228.630
2014-11-04 05:28:00;233.590
2014-11-04 05:29:00;233.240
2014-11-04 05:30:00;234.270
2014-11-04 05:31:00;236.370
2014-11-04 05:32:00;234.140
2014-11-04 05:33:00;233.360
2014-11-04 05:34:00;235.440
2014-11-04 05:35:00;235.020
2014-11-04 05:36:00;228.430
2014-11-04 05:37:00;230.390
2014-11-04 05:38:00;234.870
2014-11-04 05:39:00;231.310
2014-11-04 05:40:00;232.960
2014-11-04 05:41:00;236.670
2014-11-04 05:42:00;229.460
2014-11-04 05:43:00;238.140
2014-11-04 05:44:00;233.660
2014-11-04 05:45:00;232.310
2014-11-04 05:46:00;237.320
2014-11-04 05:47:00;240.050
2014-11-04 05:48:00;239.300
2014-11-04 05:49:00;235.890
2014-11-04 05:50:00;232.940
2014-11-04 05:51:00;236.740
2014-11-04 05:52:00;235.240
2014-11-04 05:53:00;231.360
2014-11-04 05:54:00;235.920
2014-11-04 05:55:00;232.310
2014-11-04 05:56:00;232.710
2014-11-04 05:57:00;236.620
2014-11-04 05:58:00;232.390
2014-11-04 05:59:00;235.820
2014-11-04 06:00:00;229.260
2014-11-04 06:01:00;231.510
2014-11-04 06:02:00;233.940
2014-11-04 06:03:00;233.910
2014-11-04 06:04:00;229.160
2014-11-04 06:05:00;231.190
2014-11-04 06:06:00;237.620
2014-11-04 06:07:00;231.910
2014-11-04 06:08:00;232.560
2014-11-04 06:09:00;230.210
2014-11-04 06:10:00;239.070
2014-11-04 06:11:00;231.540
2014-11-04 06:12:00;226.210
2014-11-04 06:13:00;231.310
2014-11-04 06:14:00;233.260
2014-11-04 06:15:00;231.410
2014-11-04 06:16:00;233.840
2014-11-04 06:17:00;237.440
2014-11-04 06:18:00;229.380
2014-11-04 06:19:00;233.040
2014-11-04 06:20:00;232.710
2014-11-04 06:21:00;229.810
2014-11-04 06:22:00;230.860
2014-11-04 06:23:00;233.760
2014-11-04 06:24:00;228.510
2014-11-04 06:25:00;232.910
2014-11-04 06:26:00;228.310
2014-11-04 06:27:00;235.270
2014-11-04 06:28:00;231.990
2014-11-04 06:29:00;234.490
2014-11-04 06:30:00;227.860
2014-11-04 06:31:00;233.140
2014-11-04 06:32:00;235.990
2014-11-04 06:33:00;238.320
2014-11-04 06:34:00;235.220
2014-11-04 06:35:00;237.240
2014-11-04 06:36:00;238.040
2014-11-04 06:37:00;240.200
2014-11-04 06:38:00;238.820
2014-11-04 06:39:00;226.980
2014-11-04 06:40:00;231.910
2014-11-04 06:41:00;224.730
2014-11-04 06:42:00;233.890
2014-11-04 06:43:00;230.140
2014-11-04 06:44:00;234.820
2014-11-04 06:45:00;229.260
2014-11-04 06:46:00;229.960
2014-11-04 06:47:00;237.820
2014-11-04 06:48:00;226.780
2014-11-04 06:49:00;231.860
2014-11-04 06:50:00;233.790
2014-11-04 06:51:00;236.840
2014-11-04 06:52:00;229.180
2014-11-04 06:53:00;239.970
2014-11-04 06:54:00;231.190
2014-11-04 06:55:00;233.840
2014-11-04 06:56:00;233.790
2014-11-04 06:57:00;233.260
2014-11-04 06:58:00;232.640
2014-11-04 06:59:00;228.280
2014-11-04 07:00:00;232.460
2014-11-04 07:01:00;233.690
2014-11-04 07:02:00;232.710
2014-11-04 07:03:00;229.630
2014-11-04 07:04:00;234.290
2014-11-04 07:05:00;230.440
2014-11-04 07:06:00;231.890
2014-11-04 07:07:00;230.860
2014-11-04 07:08:00;236.390
2014-11-04 07:09:00;231.760
2014-11-04 07:10:00;229.610
2014-11-04 07:11:00;229.310
2014-11-04 07:12:00;232.810
2014-11-04 07:13:00;236.520
2014-11-04 07:14:00;231.840
2014-11-04 07:15:00;236.240
2014-11-04 07:16:00;229.160
2014-11-04 07:17:00;237.020
2014-11-04 07:18:00;233.540
2014-11-04 07:19:00;230.510
2014-11-04 07:20:00;230.610
2014-11-04 07:21:00;234.770
2014-11-04 07:22:00;232.940
2014-11-04 07:23:00;238.290
2014-11-04 07:24:00;233.760
2014-11-04 07:25:00;232.360
2014-11-04 07:26:00;232.860
2014-11-04 07:27:00;229.180
2014-11-04 07:28:00;234.490
2014-11-04 07:29:00;228.760
2014-11-04 07:30:00;239.300
2014-11-04 07:31:00;226.580
2014-11-04 07:32:00;234.390
2014-11-04 07:33:00;233.210
2014-11-04 07:34:00;234.540
2014-11-04 07:35:00;233.240
2014-11-04 07:36:00;234.190
2014-11-04 07:37:00;232.790
2014-11-04 07:38:00;226.130
2014-11-04 07:39:00;230.810
2014-11-04 07:40:00;236.520
2014-11-04 07:41:00;232.010
2014-11-04 07:42:00;235.820
2014-11-04 07:43:00;232.960
2014-11-04 07:44:00;239.770
2014-11-04 07:45:00;234.320
2014-11-04 07:46:00;234.220
2014-11-04 07:47:00;239.050
2014-11-04 07:48:00;235.820
2014-11-04 07:49:00;236.690
2014-11-04 07:50:00;238.520
2014-11-04 07:51:00;232.140
2014-11-04 07:52:00;226.910
2014-11-04 07:53:00;226.360
2014-11-04 07:54:00;232.240
2014-11-04 07:55:00;237.270
2014-11-04 07:56:00;237.340
2014-11-04 07:57:00;233.660
2014-11-04 07:58:00;240.370
2014-11-04 07:59:00;233.690
2014-11-04 08:00:00;232.310
2014-11-04 08:01:00;232.460
2014-11-04 08:02:00;231.140
2014-11-04 08:03:00;234.390
2014-11-04 08:04:00;236.390
2014-11-04 08:05:00;236.120
2014-11-04 08:06:00;238.040
2014-11-04 08:07:00;230.010
2014-11-04 08:08:00;232.890
2014-11-04 08:09:00;231.340
2014-11-04 08:10:00;235.640
2014-11-04 08:11:00;224.400
2014-11-04 08:12:00;228.730
2014-11-04 08:13:00;227.460
2014-11-04 08:14:00;239.350
2014-11-04 08:15:00;230.610
2014-11-04 08:16:00;235.040
2014-11-04 08:17:00;232.340
2014-11-04 08:18:00;230.740
2014-11-04 08:19:00;240.320
2014-11-04 08:20:00;231.960
2014-11-04 08:21:00;236.540
2014-11-04 08:22:00;229.230
2014-11-04 08:23:00;234.620
2014-11-04 08:24:00;232.790
2014-11-04 08:25:00;234.770
2014-11-04 08:26:00;228.060
2014-11-04 08:27:00;233.040
2014-11-04 08:28:00;230.290
2014-11-04 08:29:00;238.750
2014-11-04 08:30:00;232.460
2014-11-04 08:31:00;231.360
2014-11-04 08:32:00;236.170
2014-11-04 08:33:00;230.810
2014-11-04 08:34:00;235.890
2014-11-04 08:35:00;238.550
2014-11-04 08:36:00;232.910
2014-11-04 08:37:00;238.070
2014-11-04 08:38:00;232.260
2014-11-04 08:39:00;227.780
2014-11-04 08:40:00;232.990
2014-11-04 08:41:00;234.090
2014-11-04 08:42:00;231.790
2014-11-04 08:43:00;233.210
2014-11-04 08:44:00;235.940
2014-11-04 08:45:00;235.740
2014-11-04 08:46:00;236.120
2014-11-04 08:47:00;238.520
2014-11-04 08:48:00;231.810
2014-11-04 08:49:00;235.290
2014-11-04 08:50:00;228.230
2014-11-04 08:51:00;231.210
2014-11-04 08:52:00;232.490
2014-11-04 08:53:00;230.790
2014-11-04 08:54:00;229.130
2014-11-04 08:55:00;236.040
2014-11-04 08:56:00;231.210
2014-11-04 08:57:00;232.340
2014-11-04 08:58:00;238.970
2014-11-04 08:59:00;238.040
2014-11-04 09:00:00;231.960
2014-11-04 09:01:00;240.070
2014-11-04 09:02:00;234.120
2014-11-04 09:03:00;234.570
2014-11-04 09:04:00;228.760
2014-11-04 09:05:00;233.660
2014-11-04 09:06:00;236.020
2014-11-04 09:07:00;231.360
2014-11-04 09:08:00;232.060
2014-11-04 09:09:00;230.760
2014-11-04 09:10:00;228.880
2014-11-04 09:11:00;234.340
2014-11-04 09:12:00;228.130
2014-11-04 09:13:00;237.290
2014-11-04 09:14:00;231.110
2014-11-04 09:15:00;234.370
2014-11-04 09:16:00;235.620
2014-11-04 09:17:00;234.270
2014-11-04 09:18:00;229.210
2014-11-04 09:19:00;232.340
2014-11-04 09:20:00;224.880
2014-11-04 09:21:00;226.980
2014-11-04 09:22:00;229.740
2014-11-04 09:23:00;228.510
2014-11-04 09:24:00;231.690
2014-11-04 09:25:00;229.060
2014-11-04 09:26:00;228.280
2014-11-04 09:27:00;231.460
2014-11-04 09:28:00;234.590
2014-11-04 09:29:00;236.090
2014-11-04 09:30:00;233.460
2014-11-04 09:31:00;226.630
2014-11-04 09:32:00;232.910
2014-11-04 09:33:00;235.870
2014-11-04 09:34:00;237.190
2014-11-04 09:35:00;229.560
2014-11-04 09:36:00;227.260
2014-11-04 09:37:00;232.360
2014-11-04 09:38:00;234.770
2014-11-04 09:39:00;232.040
2014-11-04 09:40:00;234.490
2014-11-04 09:41:00;223.800
2014-11-04 09:42:00;231.290
2014-11-04 09:43:00;231.810
2014-11-04 09:44:00;234.340
2014-11-04 09:45:00;231.990
2014-11-04 09:46:00;228.080
2014-11-04 09:47:00;229.430
2014-11-04 09:48:00;240.000
2014-11-04 09:49:00;234.120
2014-11-04 09:50:00;237.270
2014-11-04 09:51:00;225.760
2014-11-04 09:52:00;229.330
2014-11-04 09:53:00;236.020
2014-11-04 09:54:00;232.810
2014-11-04 09:55:00;238.570
2014-11-04 09:56:00;234.320
2014-11-04 09:57:00;233.210
2014-11-04 09:58:00;233.710
2014-11-04 09:59:00;232.060
2014-11-04 10:00:00;229.260
2014-11-04 10:01:00;234.390
2014-11-04 10:02:00;233.190
2014-11-04 10:03:00;229.840
2014-11-04 10:04:00;231.840
2014-11-04 10:05:00;232.560
2014-11-04 10:06:00;236.990
2014-11-04 10:07:00;232.740
2014-11-04 10:08:00;236.990
2014-11-04 10:09:00;231.560
2014-11-04 10:10:00;233.310
2014-11-04 10:11:00;232.790
2014-11-04 10:12:00;236.290
2014-11-04 10:13:00;235.370
2014-11-04 10:14:00;232.440
2014-11-04 10:15:00;237.220
2014-11-04 10:16:00;234.840
2014-11-04 10:17:00;235.370
2014-11-04 10:18:00;227.330
2014-11-04 10:19:00;236.020
2014-11-04 10:20:00;234.390
2014-11-04 10:21:00;231.040
2014-11-04 10:22:00;234.820
2014-11-04 10:23:00;232.110
2014-11-04 10:24:00;234.820
2014-11-04 10:25:00;234.220
2014-11-04 10:26:00;232.640
2014-11-04 10:27:00;229.890
2014-11-04 10:28:00;238.600
2014-11-04 10:29:00;226.210
2014-11-04 10:30:00;229.260
2014-11-04 10:31:00;241.220
2014-11-04 10:32:00;239.900
2014-11-04 10:33:00;234.370
2014-11-04 10:34:00;232.010
2014-11-04 10:35:00;236.070
2014-11-04 10:36:00;230.690
2014-11-04 10:37:00;231.590
2014-11-04 10:38:00;236.420
2014-11-04 10:39:00;230.640
2014-11-04 10:40:00;230.810
2014-11-04 10:41:00;236.370
2014-11-04 10:42:00;231.810
2014-11-04 10:43:00;239.720
2014-11-04 10:44:00;237.720
2014-11-04 10:45:00;227.980
2014-11-04 10:46:00;230.190
2014-11-04 10:47:00;232.540
2014-11-04 10:48:00;230.340
2014-11-04 10:49:00;232.310
2014-11-04 10:50:00;229.790
2014-11-04 10:51:00;235.020
2014-11-04 10:52:00;231.410
2014-11-04 10:53:00;232.840
2014-11-04 10:54:00;234.320
2014-11-04 10:55:00;234.270
2014-11-04 10:56:00;225.050
2014-11-04 10:57:00;228.010
2014-11-04 10:58:00;231.810
2014-11-04 10:59:00;231.390
2014-11-04 11:00:00;231.310
2014-11-04 11:01:00;230.210
2014-11-04 11:02:00;234.890
2014-11-04 11:03:00;235.590
2014-11-04 11:04:00;231.440
2014-11-04 11:05:00;229.990
2014-11-04 11:06:00;228.510
2014-11-04 11:07:00;235.790
2014-11-04 11:08:00;230.710
2014-11-04 11:09:00;230.360
2014-11-04 11:10:00;234.320
2014-11-04 11:11:00;229.510
2014-11-04 11:12:00;229.360
2014-11-04 11:13:00;232.040
2014-11-04 11:14:00;232.360
2014-11-04 11:15:00;234.520
2014-11-04 11:16:00;228.780
2014-11-04 11:17:00;235.990
2014-11-04 11:18:00;234.420
2014-11-04 11:19:00;229.660
2014-11-04 11:20:00;237.620
2014-11-04 11:21:00;231.660
2014-11-04 11:22:00;230.640
2014-11-04 11:23:00;232.160
2014-11-04 11:24:00;231.010
2014-11-04 11:25:00;237.440
2014-11-04 11:26:00;230.840
2014-11-04 11:27:00;226.580
2014-11-04 11:28:00;232.690
2014-11-04 11:29:00;232.360
2014-11-04 11:30:00;235.520
2014-11-04 11:31:00;236.340
2014-11-04 11:32:00;233.460
2014-11-04 11:33:00;232.340
2014-11-04 11:34:00;231.140
2014-11-04 11:35:00;236.670
2014-11-04 11:36:00;235.970
2014-11-04 11:37:00;225.050
2014-11-04 11:38:00;233.240
2014-11-04 11:39:00;236.290
2014-11-04 11:40:00;231.260
2014-11-04 11:41:00;226.960
2014-11-04 11:42:00;234.170
2014-11-04 11:43:00;232.390
2014-11-04 11:44:00;231.760
2014-11-04 11:45:00;229.790
2014-11-04 11:46:00;232.260
2014-11-04 11:47:00;240.000
2014-11-04 11:48:00;227.610
2014-11-04 11:49:00;232.860
2014-11-04 11:50:00;238.600
2014-11-04 11:51:00;233.240
2014-11-04 11:52:00;227.580
2014-11-04 11:53:00;232.210
2014-11-04 11:54:00;233.410
2014-11-04 11:55:00;232.260
2014-11-04 11:56:00;233.790
2014-11-04 11:57:00;229.260
2014-11-04 11:58:00;230.110
2014-11-04 11:59:00;235.990
2014-11-04 12:00:00;240.450
2014-11-04 12:01:00;227.360
2014-11-04 12:02:00;233.410
2014-11-04 12:03:00;237.440
2014-11-04 12:04:00;232.760
2014-11-04 12:05:00;231.790
2014-11-04 12:06:00;226.530
2014-11-04 12:07:00;237.320
2014-11-04 12:08:00;235.520
2014-11-04 12:09:00;228.410
2014-11-04 12:10:00;227.360
2014-11-04 12:11:00;236.490
2014-11-04 12:12:00;227.830
2014-11-04 12:13:00;231.910
2014-11-04 12:14:00;230.040
2014-11-04 12:15:00;228.280
2014-11-04 12:16:00;231.460
2014-11-04 12:17:00;230.010
2014-11-04 12:18:00;228.830
2014-11-04 12:19:00;233.690
2014-11-04 12:20:00;239.620
2014-11-04 12:21:00;237.570
2014-11-04 12:22:00;224.700
2014-11-04 12:23:00;228.630
2014-11-04 12:24:00;231.890
2014-11-04 12:25:00;239.570
2014-11-04 12:26:00;238.770
2014-11-04 12:27:00;231.540
2014-11-04 12:28:00;228.610
2014-11-04 12:29:00;232.940
2014-11-04 12:30:00;231.140
2014-11-04 12:31:00;231.040
2014-11-04 12:32:00;235.490
2014-11-04 12:33:00;234.340
2014-11-04 12:34:00;229.790
2014-11-04 12:35:00;228.910
2014-11-04 12:36:00;235.920
2014-11-04 12:37:00;231.660
2014-11-04 12:38:00;230.310
2014-11-04 12:39:00;229.790
2014-11-04 12:40:00;222.450
2014-11-04 12:41:00;232.160
2014-11-04 12:42:00;233.110
2014-11-04 12:43:00;231.460
2014-11-04 12:44:00;234.060
2014-11-04 12:45:00;234.370
2014-11-04 12:46:00;235.070
2014-11-04 12:47:00;224.700
2014-11-04 12:48:00;232.310
2014-11-04 12:49:00;233.640
2014-11-04 12:50:00;232.760
2014-11-04 12:51:00;227.560
2014-11-04 12:52:00;228.680
2014-11-04 12:53:00;237.090
2014-11-04 12:54:00;232.840
2014-11-04 12:55:00;229.940
2014-11-04 12:56:00;234.590
2014-11-04 12:57:00;230.760
2014-11-04 12:58:00;232.990
2014-11-04 12:59:00;236.270
2014-11-04 13:00:00;233.790
2014-11-04 13:01:00;234.570
2014-11-04 13:02:00;231.990
2014-11-04 13:03:00;229.080
2014-11-04 13:04:00;234.060
2014-11-04 13:05:00;231.560
2014-11-04 13:06:00;230.540
2014-11-04 13:07:00;237.290
2014-11-04 13:08:00;228.660
2014-11-04 13:09:00;233.560
2014-11-04 13:10:00;226.680
2014-11-04 13:11:00;235.420
2014-11-04 13:12:00;229.180
2014-11-04 13:13:00;227.780
2014-11-04 13:14:00;232.410
2014-11-04 13:15:00;230.040
2014-11-04 13:16:00;234.940
2014-11-04 13:17:00;232.790
2014-11-04 13:18:00;231.590
2014-11-04 13:19:00;229.740
2014-11-04 13:20:00;228.680
2014-11-04 13:21:00;238.900
2014-11-04 13:22:00;229.360
2014-11-04 13:23:00;239.000
2014-11-04 13:24:00;229.380
2014-11-04 13:25:00;225.180
2014-11-04 13:26:00;234.270
2014-11-04 13:27:00;226.780
2014-11-04 13:28:00;234.320
2014-11-04 13:29:00;227.660
2014-11-04 13:30:00;236.840
2014-11-04 13:31:00;232.240
2014-11-04 13:32:00;232.690
2014-11-04 13:33:00;230.840
2014-11-04 13:34:00;224.500
2014-11-04 13:35:00;231.790
2014-11-04 13:36:00;230.140
2014-11-04 13:37:00;230.210
2014-11-04 13:38:00;230.390
2014-11-04 13:39:00;230.860
2014-11-04 13:40:00;227.530
2014-11-04 13:41:00;232.160
2014-11-04 13:42:00;231.840
2014-11-04 13:43:00;233.790
2014-11-04 13:44:00;234.620
2014-11-04 13:45:00;232.240
2014-11-04 13:46:00;239.670
2014-11-04 13:47:00;232.140
2014-11-04 13:48:00;235.990
2014-11-04 13:49:00;230.190
2014-11-04 13:50:00;227.780
2014-11-04 13:51:00;232.610
2014-11-04 13:52:00;228.510
2014-11-04 13:53:00;233.860
2014-11-04 13:54:00;236.770
2014-11-04 13:55:00;226.980
2014-11-04 13:56:00;231.890
2014-11-04 13:57:00;229.210
2014-11-04 13:58:00;233.060
2014-11-04 13:59:00;230.040
2014-11-04 14:00:00;234.490
2014-11-04 14:01:00;237.820
2014-11-04 14:02:00;232.590
2014-11-04 14:03:00;231.740
2014-11-04 14:04:00;230.610
2014-11-04 14:05:00;233.390
2014-11-04 14:06:00;231.040
2014-11-04 14:07:00;230.240
2014-11-04 14:08:00;229.180
2014-11-04 14:09:00;231.710
2014-11-04 14:10:00;233.010
2014-11-04 14:11:00;235.040
2014-11-04 14:12:00;228.110
2014-11-04 14:13:00;230.590
2014-11-04 14:14:00;231.110
2014-11-04 14:15:00;233.660
2014-11-04 14:16:00;235.140
2014-11-04 14:17:00;229.410
2014-11-04 14:18:00;228.110
2014-11-04 14:19:00;227.060
2014-11-04 14:20:00;229.990
2014-11-04 14:21:00;232.990
2014-11-04 14:22:00;229.860
2014-11-04 14:23:00;235.470
2014-11-04 14:24:00;231.790
2014-11-04 14:25:00;232.060
2014-11-04 14:26:00;230.540
2014-11-04 14:27:00;232.660
2014-11-04 14:28:00;234.060
2014-11-04 14:29:00;237.540
2014-11-04 14:30:00;230.760
2014-11-04 14:31:00;233.290
2014-11-04 14:32:00;234.870
2014-11-04 14:33:00;234.590
2014-11-04 14:34:00;228.410
2014-11-04 14:35:00;231.340
2014-11-04 14:36:00;232.310
2014-11-04 14:37:00;232.860
2014-11-04 14:38:00;230.090
2014-11-04 14:39:00;229.810
2014-11-04 14:40:00;232.590
2014-11-04 14:41:00;230.060
2014-11-04 14:42:00;234.720
2014-11-04 14:43:00;232.090
2014-11-04 14:44:00;235.240
2014-11-04 14:45:00;227.230
2014-11-04 14:46:00;236.140
2014-11-04 14:47:00;229.760
2014-11-04 14:48:00;231.860
2014-11-04 14:49:00;232.240
2014-11-04 14:50:00;229.310
2014-11-04 14:51:00;227.130
2014-11-04 14:52:00;232.610
2014-11-04 14:53:00;228.360
2014-11-04 14:54:00;229.330
2014-11-04 14:55:00;221.350
2014-11-04 14:56:00;227.680
2014-11-04 14:57:00;229.660
2014-11-04 14:58:00;228.010
2014-11-04 14:59:00;231.110
2014-11-04 15:00:00;234.870
2014-11-04 15:01:00;232.610
2014-11-04 15:02:00;234.390
2014-11-04 15:03:00;227.630
2014-11-04 15:04:00;229.630
2014-11-04 15:05:00;235.090
2014-11-04 15:06:00;221.980
2014-11-04 15:07:00;227.260
2014-11-04 15:08:00;229.610
2014-11-04 15:09:00;229.360
2014-11-04 15:10:00;235.370
2014-11-04 15:11:00;230.740
2014-11-04 15:12:00;231.460
2014-11-04 15:13:00;228.810
2014-11-04 15:14:00;233.960
2014-11-04 15:15:00;230.360
2014-11-04 15:16:00;230.890
2014-11-04 15:17:00;230.460
2014-11-04 15:18:00;223.450
2014-11-04 15:19:00;231.740
2014-11-04 15:20:00;228.860
2014-11-04 15:21:00;227.180
2014-11-04 15:22:00;233.510
2014-11-04 15:23:00;228.030
2014-11-04 15:24:00;231.510
2014-11-04 15:25:00;227.980
2014-11-04 15:26:00;230.190
2014-11-04 15:27:00;234.670
2014-11-04 15:28:00;229.790
2014-11-04 15:29:00;231.240
2014-11-04 15:30:00;232.040
2014-11-04 15:31:00;229.660
2014-11-04 15:32:00;228.080
2014-11-04 15:33:00;228.410
2014-11-04 15:34:00;231.990
2014-11-04 15:35:00;223.430
2014-11-04 15:36:00;228.710
2014-11-04 15:37:00;228.560
2014-11-04 15:38:00;228.860
2014-11-04 15:39:00;232.060
2014-11-04 15:40:00;226.080
2014-11-04 15:41:00;228.730
2014-11-04 15:42:00;235.620
2014-11-04 15:43:00;231.690
2014-11-04 15:44:00;229.710
2014-11-04 15:45:00;236.870
2014-11-04 15:46:00;230.040
2014-11-04 15:47:00;237.470
2014-11-04 15:48:00;234.040
2014-11-04 15:49:00;235.920
2014-11-04 15:50:00;234.620
2014-11-04 15:51:00;234.140
2014-11-04 15:52:00;231.340
2014-11-04 15:53:00;231.710
2014-11-04 15:54:00;229.690
2014-11-04 15:55:00;225.980
2014-11-04 15:56:00;228.830
2014-11-04 15:57:00;226.810
2014-11-04 15:58:00;228.680
2014-11-04 15:59:00;228.080
2014-11-04 16:00:00;232.890
2014-11-04 16:01:00;231.360
2014-11-04 16:02:00;222.800
2014-11-04 16:03:00;235.020
2014-11-04 16:04:00;229.160
2014-11-04 16:05:00;229.760
2014-11-04 16:06:00;238.490
2014-11-04 16:07:00;239.300
2014-11-04 16:08:00;235.520
2014-11-04 16:09:00;233.740
2014-11-04 16:10:00;231.660
2014-11-04 16:11:00;228.210
2014-11-04 16:12:00;231.060
2014-11-04 16:13:00;226.060
2014-11-04 16:14:00;228.230
2014-11-04 16:15:00;233.240
2014-11-04 16:16:00;235.240
2014-11-04 16:17:00;228.410
2014-11-04 16:18:00;229.760
2014-11-04 16:19:00;229.430
2014-11-04 16:20:00;233.160
2014-11-04 16:21:00;237.740
2014-11-04 16:22:00;237.070
2014-11-04 16:23:00;235.170
2014-11-04 16:24:00;233.660
2014-11-04 16:25:00;231.140
2014-11-04 16:26:00;235.920
2014-11-04 16:27:00;232.390
2014-11-04 16:28:00;240.000
2014-11-04 16:29:00;227.230
2014-11-04 16:30:00;231.810
2014-11-04 16:31:00;232.960
2014-11-04 16:32:00;229.380
2014-11-04 16:33:00;231.060
2014-11-04 16:34:00;229.740
2014-11-04 16:35:00;230.260
2014-11-04 16:36:00;228.530
2014-11-04 16:37:00;227.880
2014-11-04 16:38:00;228.830
2014-11-04 16:39:00;233.260
2014-11-04 16:40:00;231.190
2014-11-04 16:41:00;229.840
2014-11-04 16:42:00;234.220
2014-11-04 16:43:00;226.830
2014-11-04 16:44:00;226.710
2014-11-04 16:45:00;230.360
2014-11-04 16:46:00;231.960
2014-11-04 16:47:00;237.690
2014-11-04 16:48:00;234.190
2014-11-04 16:49:00;228.730
2014-11-04 16:50:00;234.690
2014-11-04 16:51:00;231.810
2014-11-04 16:52:00;234.010
2014-11-04 16:53:00;231.540
2014-11-04 16:54:00;231.540
2014-11-04 16:55:00;225.710
2014-11-04 16:56:00;229.580
2014-11-04 16:57:00;228.110
2014-11-04 16:58:00;233.340
2014-11-04 16:59:00;234.990
2014-11-04 17:00:00;233.240
2014-11-04 17:01:00;234.720
2014-11-04 17:02:00;231.340
2014-11-04 17:03:00;230.410
2014-11-04 17:04:00;227.110
2014-11-04 17:05:00;227.130
2014-11-04 17:06:00;226.380
2014-11-04 17:07:00;233.460
2014-11-04 17:08:00;231.190
2014-11-04 17:09:00;230.290
2014-11-04 17:10:00;234.520
2014-11-04 17:11:00;223.430
2014-11-04 17:12:00;235.320
2014-11-04 17:13:00;229.430
2014-11-04 17:14:00;233.040
2014-11-04 17:15:00;229.030
2014-11-04 17:16:00;235.420
2014-11-04 17:17:00;235.340
2014-11-04 17:18:00;237.040
2014-11-04 17:19:00;229.130
2014-11-04 17:20:00;227.830
2014-11-04 17:21:00;231.440
2014-11-04 17:22:00;225.860
2014-11-04 17:23:00;238.440
2014-11-04 17:24:00;227.380
2014-11-04 17:25:00;229.210
2014-11-04 17:26:00;233.610
2014-11-04 17:27:00;233.740
2014-11-04 17:28:00;227.260
2014-11-04 17:29:00;237.470
2014-11-04 17:30:00;229.960
2014-11-04 17:31:00;233.290
2014-11-04 17:32:00;231.640
2014-11-04 17:33:00;234.290
2014-11-04 17:34:00;231.410
2014-11-04 17:35:00;229.460
2014-11-04 17:36:00;234.640
2014-11-04 17:37:00;229.480
2014-11-04 17:38:00;227.710
2014-11-04 17:39:00;226.860
2014-11-04 17:40:00;229.910
2014-11-04 17:41:00;226.910
2014-11-04 17:42:00;230.690
2014-11-04 17:43:00;230.690
2014-11-04 17:44:00;237.840
2014-11-04 17:45:00;235.390
2014-11-04 17:46:00;232.140
2014-11-04 17:47:00;227.010
2014-11-04 17:48:00;231.510
2014-11-04 17:49:00;232.390
2014-11-04 17:50:00;227.160
2014-11-04 17:51:00;235.520
2014-11-04 17:52:00;225.310
2014-11-04 17:53:00;231.190
2014-11-04 17:54:00;235.390
2014-11-04 17:55:00;229.610
2014-11-04 17:56:00;229.160
2014-11-04 17:57:00;227.460
2014-11-04 17:58:00;235.690
2014-11-04 17:59:00;229.410
2014-11-04 18:00:00;231.460
2014-11-04 18:01:00;232.360
2014-11-04 18:02:00;227.830
2014-11-04 18:03:00;238.900
2014-11-04 18:04:00;226.510
2014-11-04 18:05:00;234.040
2014-11-04 18:06:00;234.920
2014-11-04 18:07:00;225.980
2014-11-04 18:08:00;223.730
2014-11-04 18:09:00;230.360
2014-11-04 18:10:00;232.040
2014-11-04 18:11:00;229.860
2014-11-04 18:12:00;236.420
2014-11-04 18:13:00;231.440
2014-11-04 18:14:00;231.410
2014-11-04 18:15:00;233.540
2014-11-04 18:16:00;233.490
2014-11-04 18:17:00;231.290
2014-11-04 18:18:00;229.430
2014-11-04 18:19:00;227.430
2014-11-04 18:20:00;226.610
2014-11-04 18:21:00;228.330
2014-11-04 18:22:00;228.580
2014-11-04 18:23:00;237.970
2014-11-04 18:24:00;229.480
2014-11-04 18:25:00;231.040
2014-11-04 18:26:00;230.010
2014-11-04 18:27:00;227.980
2014-11-04 18:28:00;226.430
2014-11-04 18:29:00;229.530
2014-11-04 18:30:00;232.840
2014-11-04 18:31:00;234.120
2014-11-04 18:32:00;227.660
2014-11-04 18:33:00;234.490
2014-11-04 18:34:00;235.890
2014-11-04 18:35:00;230.410
2014-11-04 18:36:00;226.110
2014-11-04 18:37:00;229.760
2014-11-04 18:38:00;227.710
2014-11-04 18:39:00;239.320
2014-11-04 18:40:00;230.540
2014-11-04 18:41:00;230.660
2014-11-04 18:42:00;227.180
2014-11-04 18:43:00;229.940
2014-11-04 18:44:00;236.940
2014-11-04 18:45:00;233.210
2014-11-04 18:46:00;227.860
2014-11-04 18:47:00;233.640
2014-11-04 18:48:00;231.490
2014-11-04 18:49:00;232.440
2014-11-04 18:50:00;231.710
2014-11-04 18:51:00;224.480
2014-11-04 18:52:00;231.590
2014-11-04 18:53:00;232.360
2014-11-04 18:54:00;233.460
2014-11-04 18:55:00;232.460
2014-11-04 18:56:00;228.380
2014-11-04 18:57:00;227.910
2014-11-04 18:58:00;227.380
2014-11-04 18:59:00;231.210
2014-11-04 19:00:00;226.810
2014-11-04 19:01:00;233.210
2014-11-04 19:02:00;233.890
2014-11-04 19:03:00;234.090
2014-11-04 19:04:00;230.810
2014-11-04 19:05:00;230.660
2014-11-04 19:06:00;231.790
2014-11-04 19:07:00;238.120
2014-11-04 19:08:00;229.530
2014-11-04 19:09:00;225.030
2014-11-04 19:10:00;230.590
2014-11-04 19:11:00;233.290
2014-11-04 19:12:00;227.880
2014-11-04 19:13:00;234.970
2014-11-04 19:14:00;230.660
2014-11-04 19:15:00;230.810
2014-11-04 19:16:00;227.310
2014-11-04 19:17:00;231.860
2014-11-04 19:18:00;234.320
2014-11-04 19:19:00;229.330
2014-11-04 19:20:00;227.410
2014-11-04 19:21:00;234.990
2014-11-04 19:22:00;229.160
2014-11-04 19:23:00;228.060
2014-11-04 19:24:00;231.790
2014-11-04 19:25:00;235.840
2014-11-04 19:26:00;230.440
2014-11-04 19:27:00;229.810
2014-11-04 19:28:00;237.340
2014-11-04 19:29:00;231.260
2014-11-04 19:30:00;236.970
2014-11-04 19:31:00;234.290
2014-11-04 19:32:00;229.630
2014-11-04 19:33:00;234.970
2014-11-04 19:34:00;231.540
2014-11-04 19:35:00;231.210
2014-11-04 19:36:00;228.730
2014-11-04 19:37:00;235.290
2014-11-04 19:38:00;232.690
2014-11-04 19:39:00;231.290
2014-11-04 19:40:00;231.610
2014-11-04 19:41:00;235.820
2014-11-04 19:42:00;233.810
2014-11-04 19:43:00;232.790
2014-11-04 19:44:00;232.510
2014-11-04 19:45:00;229.310
2014-11-04 19:46:00;230.760
2014-11-04 19:47:00;229.330
2014-11-04 19:48:00;234.540
2014-11-04 19:49:00;230.210
2014-11-04 19:50:00;233.010
2014-11-04 19:51:00;232.590
2014-11-04 19:52:00;234.220
2014-11-04 19:53:00;232.690
2014-11-04 19:54:00;231.790
2014-11-04 19:55:00;230.660
2014-11-04 19:56:00;230.990
2014-11-04 19:57:00;234.040
2014-11-04 19:58:00;229.260
2014-11-04 19:59:00;232.010
2014-11-04 20:00:00;240.920
2014-11-04 20:01:00;233.440
2014-11-04 20:02:00;234.290
2014-11-04 20:03:00;231.990
2014-11-04 20:04:00;231.440
2014-11-04 20:05:00;233.740
2014-11-04 20:06:00;235.140
2014-11-04 20:07:00;232.290
2014-11-04 20:08:00;233.790
2014-11-04 20:09:00;234.690
2014-11-04 20:10:00;233.390
2014-11-04 20:11:00;234.470
2014-11-04 20:12:00;230.890
2014-11-04 20:13:00;228.380
2014-11-04 20:14:00;237.170
2014-11-04 20:15:00;230.510
2014-11-04 20:16:00;235.140
2014-11-04 20:17:00;233.890
2014-11-04 20:18:00;232.610
2014-11-04 20:19:00;227.560
2014-11-04 20:20:00;233.160
2014-11-04 20:21:00;235.940
2014-11-04 20:22:00;237.120
2014-11-04 20:23:00;234.670
2014-11-04 20:24:00;230.190
2014-11-04 20:25:00;233.840
2014-11-04 20:26:00;231.610
2014-11-04 20:27:00;237.140
2014-11-04 20:28:00;229.130
2014-11-04 20:29:00;236.070
2014-11-04 20:30:00;230.860
2014-11-04 20:31:00;236.440
2014-11-04 20:32:00;226.430
2014-11-04 20:33:00;231.760
2014-11-04 20:34:00;237.690
2014-11-04 20:35:00;233.440
2014-11-04 20:36:00;235.520
2014-11-04 20:37:00;237.070
2014-11-04 20:38:00;234.190
2014-11-04 20:39:00;235.720
2014-11-04 20:40:00;231.940
2014-11-04 20:41:00;236.420
2014-11-04 20:42:00;231.340
2014-11-04 20:43:00;227.010
2014-11-04 20:44:00;233.740
2014-11-04 20:45:00;233.390
2014-11-04 20:46:00;229.960
2014-11-04 20:47:00;229.430
2014-11-04 20:48:00;233.190
2014-11-04 20:49:00;236.040
2014-11-04 20:50:00;229.460
2014-11-04 20:51:00;238.040
2014-11-04 20:52:00;230.810
2014-11-04 20:53:00;230.160
2014-11-04 20:54:00;234.690
2014-11-04 20:55:00;231.860
2014-11-04 20:56:00;235.090
2014-11-04 20:57:00;233.790
2014-11-04 20:58:00;230.860
2014-11-04 20:59:00;231.690
2014-11-04 21:00:00;236.490
2014-11-04 21:01:00;235.020
2014-11-04 21:02:00;228.960
2014-11-04 21:03:00;234.060
2014-11-04 21:04:00;234.340
2014-11-04 21:05:00;238.190
2014-11-04 21:06:00;227.810
2014-11-04 21:07:00;231.040
2014-11-04 21:08:00;230.190
2014-11-04 21:09:00;230.460
2014-11-04 21:10:00;238.570
2014-11-04 21:11:00;230.140
2014-11-04 21:12:00;230.740
2014-11-04 21:13:00;227.630
2014-11-04 21:14:00;234.240
2014-11-04 21:15:00;230.110
2014-11-04 21:16:00;227.060
2014-11-04 21:17:00;232.210
2014-11-04 21:18:00;231.760
2014-11-04 21:19:00;232.360
2014-11-04 21:20:00;230.390
2014-11-04 21:21:00;230.460
2014-11-04 21:22:00;238.290
2014-11-04 21:23:00;235.990
2014-11-04 21:24:00;234.520
2014-11-04 21:25:00;237.070
2014-11-04 21:26:00;232.690
2014-11-04 21:27:00;232.910
2014-11-04 21:28:00;230.590
2014-11-04 21:29:00;237.790
2014-11-04 21:30:00;232.160
2014-11-04 21:31:00;235.590
2014-11-04 21:32:00;229.210
2014-11-04 21:33:00;231.190
2014-11-04 21:34:00;226.130
2014-11-04 21:35:00;232.890
2014-11-04 21:36:00;234.540
2014-11-04 21:37:00;232.840
2014-11-04 21:38:00;233.560
2014-11-04 21:39:00;234.270
2014-11-04 21:40:00;231.690
2014-11-04 21:41:00;234.090
2014-11-04 21:42:00;236.940
2014-11-04 21:43:00;229.460
2014-11-04 21:44:00;229.080
2014-11-04 21:45:00;229.840
2014-11-04 21:46:00;231.060
2014-11-04 21:47:00;234.920
2014-11-04 21:48:00;233.240
2014-11-04 21:49:00;236.540
2014-11-04 21:50:00;236.040
2014-11-04 21:51:00;234.290
2014-11-04 21:52:00;238.440
2014-11-04 21:53:00;227.410
2014-11-04 21:54:00;238.440
2014-11-04 21:55:00;227.660
2014-11-04 21:56:00;236.990
2014-11-04 21:57:00;233.740
2014-11-04 21:58:00;231.990
2014-11-04 21:59:00;239.770
2014-11-04 22:00:00;227.480
2014-11-04 22:01:00;236.220
2014-11-04 22:02:00;236.190
2014-11-04 22:03:00;231.190
2014-11-04 22:04:00;232.990
2014-11-04 22:05:00;239.420
2014-11-04 22:06:00;232.210
2014-11-04 22:07:00;235.470
2014-11-04 22:08:00;231.640
2014-11-04 22:09:00;229.660
2014-11-04 22:10:00;239.570
2014-11-04 22:11:00;232.560
2014-11-04 22:12:00;236.870
2014-11-04 22:13:00;228.810
2014-11-04 22:14:00;236.590
2014-11-04 22:15:00;235.970
2014-11-04 22:16:00;231.590
2014-11-04 22:17:00;231.790
2014-11-04 22:18:00;234.090
2014-11-04 22:19:00;232.890
2014-11-04 22:20:00;232.090
2014-11-04 22:21:00;232.990
2014-11-04 22:22:00;231.740
2014-11-04 22:23:00;232.960
2014-11-04 22:24:00;238.040
2014-11-04 22:25:00;230.140
2014-11-04 22:26:00;232.260
2014-11-04 22:27:00;233.640
2014-11-04 22:28:00;232.040
2014-11-04 22:29:00;235.790
2014-11-04 22:30:00;239.950
2014-11-04 22:31:00;230.260
2014-11-04 22:32:00;235.470
2014-11-04 22:33:00;234.240
2014-11-04 22:34:00;230.890
2014-11-04 22:35:00;229.790
2014-11-04 22:36:00;234.120
2014-11-04 22:37:00;9164.470
2014-11-04 22:38:00;232.290
2014-11-04 22:39:00;231.190
2014-11-04 22:40:00;232.610
2014-11-04 22:41:00;229.180
2014-11-04 22:42:00;230.760
2014-11-04 22:43:00;230.340
2014-11-04 22:44:00;234.620
2014-11-04 22:45:00;230.460
2014-11-04 22:46:00;235.440
2014-11-04 22:47:00;233.710
2014-11-04 22:48:00;228.760
2014-11-04 22:49:00;229.610
2014-11-04 22:50:00;  0.000
2014-11-04 22:51:00;228.980
2014-11-04 22:52:00;238.520
2014-11-04 22:53:00;228.560
2014-11-04 22:54:00;235.090
2014-11-04 22:55:00;232.960
2014-11-04 22:56:00;231.840
2014-11-04 22:57:00;230.060
2014-11-04 22:58:00;228.730
2014-11-04 22:59:00;240.670
2014-11-04 23:00:00;232.910
2014-11-04 23:01:00;236.440
2014-11-04 23:02:00;229.710
2014-11-04 23:03:00;235.040
2014-11-04 23:04:00;226.580
2014-11-04 23:05:00;226.980
2014-11-04 23:06:00;231.190
2014-11-04 23:07:00;231.810
2014-11-04 23:08:00;232.310
2014-11-04 23:09:00;232.810
2014-11-04 23:10:00;227.210
2014-11-04 23:11:00;225.360
2014-11-04 23:12:00;229.480
2014-11-04 23:13:00;226.860
2014-11-04 23:14:00;232.540
2014-11-04 23:15:00;237.520
2014-11-04 23:16:00;227.610
2014-11-04 23:17:00;237.820
2014-11-04 23:18:00;230.240
2014-11-04 23:19:00;230.040
2014-11-04 23:20:00;232.240
2014-11-04 23:21:00;227.130
2014-11-04 23:22:00;235.540
2014-11-04 23:23:00;230.190
2014-11-04 23:24:00;223.630
2014-11-04 23:25:00;233.560
2014-11-04 23:26:00;227.680
2014-11-04 23:27:00;236.370
2014-11-04 23:28:00;231.310
2014-11-04 23:29:00;233.710
2014-11-04 23:30:00;232.510
2014-11-04 23:31:00;230.590
2014-11-04 23:32:00;234.720
2014-11-04 23:33:00;235.320
2014-11-04 23:34:00;239.100
2014-11-04 23:35:00;233.860
2014-11-04 23:36:00;234.120
2014-11-04 23:37:00;233.460
2014-11-04 23:38:00;226.160
2014-11-04 23:39:00;228.310
2014-11-04 23:40:00;228.110
2014-11-04 23:41:00;231.190
2014-11-04 23:42:00;230.090
2014-11-04 23:43:00;229.940
2014-11-04 23:44:00;228.130
2014-11-04 23:45:00;231.610
2014-11-04 23:46:00;227.510
2014-11-04 23:47:00;232.390
2014-11-04 23:48:00;232.640
2014-11-04 23:49:00;230.640
2014-11-04 23:50:00;230.040
2014-11-04 23:51:00;236.120
2014-11-04 23:52:00;228.080
2014-11-04 23:53:00;235.540
2014-11-04 23:54:00;232.910
2014-11-04 23:55:00;231.440
2014-11-04 23:56:00;237.270
2014-11-04 23:57:00;229.660
2014-11-04 23:58:00;234.120
2014-11-04 23:59:00;235.270
2014-11-05 00:00:00;228.910
2014-11-05 00:01:00;233.510
2014-11-05 00:02:00;229.740
2014-11-05 00:03:00;232.390
2014-11-05 00:04:00;234.390
2014-11-05 00:05:00;229.840
2014-11-05 00:06:00;233.810
2014-11-05 00:07:00;228.860
2014-11-05 00:08:00;234.470
2014-11-05 00:09:00;231.140
2014-11-05 00:10:00;228.960
2014-11-05 00:11:00;229.130
2014-11-05 00:12:00;231.840
2014-11-05 00:13:00;231.290
2014-11-05 00:14:00;231.110
2014-11-05 00:15:00;235.540
2014-11-05 00:16:00;236.540
2014-11-05 00:17:00;225.430
2014-11-05 00:18:00;232.090
2014-11-05 00:19:00;234.920
2014-11-05 00:20:00;234.690
2014-11-05 00:21:00;230.560
2014-11-05 00:22:00;236.020
2014-11-05 00:23:00;232.790
2014-11-05 00:24:00;231.090
2014-11-05 00:25:00;232.540
2014-11-05 00:26:00;232.360
2014-11-05 00:27:00;231.340
2014-11-05 00:28:00;232.090
2014-11-05 00:29:00;237.490
2014-11-05 00:30:00;229.990
2014-11-05 00:31:00;231.010
2014-11-05 00:32:00;235.540
2014-11-05 00:33:00;233.910
2014-11-05 00:34:00;233.510
2014-11-05 00:35:00;232.860
2014-11-05 00:36:00;230.090
2014-11-05 00:37:00;234.590
2014-11-05 00:38:00;233.910
2014-11-05 00:39:00;233.710
2014-11-05 00:40:00;228.930
2014-11-05 00:41:00;230.840
2014-11-05 00:42:00;232.310
2014-11-05 00:43:00;229.430
2014-11-05 00:44:00;234.240
2014-11-05 00:45:00;232.790
2014-11-05 00:46:00;236.740
2014-11-05 00:47:00;238.750
2014-11-05 00:48:00;233.310
2014-11-05 00:49:00;234.420
2014-11-05 00:50:00;231.210
2014-11-05 00:51:00;227.730
2014-11-05 00:52:00;234.140
2014-11-05 00:53:00;237.540
2014-11-05 00:54:00;230.390
2014-11-05 00:55:00;234.060
2014-11-05 00:56:00;235.020
2014-11-05 00:57:00;232.060
2014-11-05 00:58:00;234.470
2014-11-05 00:59:00;225.560
2014-11-05 01:00:00;237.890
2014-11-05 01:01:00;229.760
2014-11-05 01:02:00;227.380
2014-11-05 01:03:00;230.860
2014-11-05 01:04:00;233.290
2014-11-05 01:05:00;229.990
2014-11-05 01:06:00;236.540
2014-11-05 01:07:00;237.770
2014-11-05 01:08:00;234.290
2014-11-05 01:09:00;230.840
2014-11-05 01:10:00;232.860
2014-11-05 01:11:00;228.130
2014-11-05 01:12:00;231.660
2014-11-05 01:13:00;229.790
2014-11-05 01:14:00;233.340
2014-11-05 01:15:00;236.220
2014-11-05 01:16:00;228.380
2014-11-05 01:17:00;234.570
2014-11-05 01:18:00;230.360
2014-11-05 01:19:00;225.180
2014-11-05 01:20:00;230.640
2014-11-05 01:21:00;236.120
2014-11-05 01:22:00;233.060
2014-11-05 01:23:00;236.040
2014-11-05 01:24:00;232.160
2014-11-05 01:25:00;233.210
2014-11-05 01:26:00;231.960
2014-11-05 01:27:00;231.760
2014-11-05 01:28:00;231.560
2014-11-05 01:29:00;234.340
2014-11-05 01:30:00;235.470
2014-11-05 01:31:00;231.860
2014-11-05 01:32:00;229.710
2014-11-05 01:33:00;231.960
2014-11-05 01:34:00;234.190
2014-11-05 01:35:00;225.630
2014-11-05 01:36:00;231.190
2014-11-05 01:37:00;237.070
2014-11-05 01:38:00;234.820
2014-11-05 01:39:00;229.810
2014-11-05 01:40:00;241.870
2014-11-05 01:41:00;235.290
2014-11-05 01:42:00;232.890
2014-11-05 01:43:00;236.970
2014-11-05 01:44:00;230.990
2014-11-05 01:45:00;230.160
2014-11-05 01:46:00;234.040
2014-11-05 01:47:00;233.790
2014-11-05 01:48:00;236.620
2014-11-05 01:49:00;231.140
2014-11-05 01:50:00;229.180
2014-11-05 01:51:00;233.590
2014-11-05 01:52:00;229.530
2014-11-05 01:53:00;231.240
2014-11-05 01:54:00;229.710
2014-11-05 01:55:00;226.760
2014-11-05 01:56:00;232.110
2014-11-05 01:57:00;233.610
2014-11-05 01:58:00;236.670
2014-11-05 01:59:00;228.410
2014-11-05 02:00:00;229.810
2014-11-05 02:01:00;228.080
2014-11-05 02:02:00;236.070
2014-11-05 02:03:00;238.700
2014-11-05 02:04:00;231.360
2014-11-05 02:05:00;228.730
2014-11-05 02:06:00;240.150
2014-11-05 02:07:00;226.460
2014-11-05 02:08:00;231.140
2014-11-05 02:09:00;235.340
2014-11-05 02:10:00;235.040
2014-11-05 02:11:00;230.410
2014-11-05 02:12:00;228.760
2014-11-05 02:13:00;229.330
2014-11-05 02:14:00;233.410
2014-11-05 02:15:00;233.140
2014-11-05 02:16:00;230.210
2014-11-05 02:17:00;236.670
2014-11-05 02:18:00;238.670
2014-11-05 02:19:00;230.110
2014-11-05 02:20:00;231.860
2014-11-05 02:21:00;226.360
2014-11-05 02:22:00;233.560
2014-11-05 02:23:00;231.740
2014-11-05 02:24:00;234.920
2014-11-05 02:25:00;229.410
2014-11-05 02:26:00;237.520
2014-11-05 02:27:00;230.910
2014-11-05 02:28:00;230.560
2014-11-05 02:29:00;230.940
2014-11-05 02:30:00;227.010
2014-11-05 02:31:00;232.960
2014-11-05 02:32:00;235.770
2014-11-05 02:33:00;237.920
2014-11-05 02:34:00;232.690
2014-11-05 02:35:00;235.370
2014-11-05 02:36:00;231.390
2014-11-05 02:37:00;230.960
2014-11-05 02:38:00;227.080
2014-11-05 02:39:00;225.610
2014-11-05 02:40:00;230.640
2014-11-05 02:41:00;228.380
2014-11-05 02:42:00;230.210
2014-11-05 02:43:00;230.360
2014-11-05 02:44:00;226.130
2014-11-05 02:45:00;222.300
2014-11-05 02:46:00;235.320
2014-11-05 02:47:00;228.730
2014-11-05 02:48:00;228.710
2014-11-05 02:49:00;235.570
2014-11-05 02:50:00;228.610
2014-11-05 02:51:00;231.510
2014-11-05 02:52:00;233.240
2014-11-05 02:53:00;235.240
2014-11-05 02:54:00;227.530
2014-11-05 02:55:00;233.540
2014-11-05 02:56:00;232.610
2014-11-05 02:57:00;227.280
2014-11-05 02:58:00;232.860
2014-11-05 02:59:00;236.640
2014-11-05 03:00:00;231.160
2014-11-05 03:01:00;230.760
2014-11-05 03:02:00;235.040
2014-11-05 03:03:00;236.220
2014-11-05 03:04:00;230.740
2014-11-05 03:05:00;232.010
2014-11-05 03:06:00;234.770
2014-11-05 03:07:00;229.690
2014-11-05 03:08:00;236.490
2014-11-05 03:09:00;230.210
2014-11-05 03:10:00;234.390
2014-11-05 03:11:00;231.260
2014-11-05 03:12:00;228.630
2014-11-05 03:13:00;235.490
2014-11-05 03:14:00;231.790
2014-11-05 03:15:00;231.110
2014-11-05 03:16:00;237.840
2014-11-05 03:17:00;230.260
2014-11-05 03:18:00;233.740
2014-11-05 03:19:00;228.830
2014-11-05 03:20:00;230.460
2014-11-05 03:21:00;234.060
2014-11-05 03:22:00;232.360
2014-11-05 03:23:00;232.990
2014-11-05 03:24:00;242.250
2014-11-05 03:25:00;238.190
2014-11-05 03:26:00;237.070
2014-11-05 03:27:00;237.990
2014-11-05 03:28:00;227.430
2014-11-05 03:29:00;235.340
2014-11-05 03:30:00;229.790
2014-11-05 03:31:00;232.840
2014-11-05 03:32:00;234.170
2014-11-05 03:33:00;237.640
2014-11-05 03:34:00;235.320
2014-11-05 03:35:00;236.120
2014-11-05 03:36:00;228.010
2014-11-05 03:37:00;227.510
2014-11-05 03:38:00;231.740
2014-11-05 03:39:00;236.890
2014-11-05 03:40:00;230.840
2014-11-05 03:41:00;225.430
2014-11-05 03:42:00;228.830
2014-11-05 03:43:00;232.490
2014-11-05 03:44:00;227.360
2014-11-05 03:45:00;233.690
2014-11-05 03:46:00;236.720
2014-11-05 03:47:00;231.640
2014-11-05 03:48:00;234.570
2014-11-05 03:49:00;235.870
2014-11-05 03:50:00;229.760
2014-11-05 03:51:00;232.910
2014-11-05 03:52:00;227.280
2014-11-05 03:53:00;236.870
2014-11-05 03:54:00;238.750
2014-11-05 03:55:00;228.880
2014-11-05 03:56:00;224.850
2014-11-05 03:57:00;238.750
2014-11-05 03:58:00;232.310
2014-11-05 03:59:00;231.840
2014-11-05 04:00:00;232.510
2014-11-05 04:01:00;236.670
2014-11-05 04:02:00;232.360
2014-11-05 04:03:00;227.930
2014-11-05 04:04:00;236.820
2014-11-05 04:05:00;233.340
2014-11-05 04:06:00;226.060
2014-11-05 04:07:00;239.800
2014-11-05 04:08:00;234.390
2014-11-05 04:09:00;225.710
2014-11-05 04:10:00;236.690
2014-11-05 04:11:00;237.740
2014-11-05 04:12:00;238.490
2014-11-05 04:13:00;236.920
2014-11-05 04:14:00;227.910
2014-11-05 04:15:00;230.140
2014-11-05 04:16:00;236.470
2014-11-05 04:17:00;226.260
2014-11-05 04:18:00;236.790
2014-11-05 04:19:00;231.240
2014-11-05 04:20:00;234.620
2014-11-05 04:21:00;235.570
2014-11-05 04:22:00;233.690
2014-11-05 04:23:00;231.010
2014-11-05 04:24:00;231.810
2014-11-05 04:25:00;232.690
2014-11-05 04:26:00;233.610
2014-11-05 04:27:00;230.740
2014-11-05 04:28:00;234.140
2014-11-05 04:29:00;232.710
2014-11-05 04:30:00;238.490
2014-11-05 04:31:00;232.740
2014-11-05 04:32:00;232.410
2014-11-05 04:33:00;232.760
2014-11-05 04:34:00;226.810
2014-11-05 04:35:00;239.350
2014-11-05 04:36:00;235.970
2014-11-05 04:37:00;226.310
2014-11-05 04:38:00;234.770
2014-11-05 04:39:00;232.440
2014-11-05 04:40:00;234.040
2014-11-05 04:41:00;234.740
2014-11-05 04:42:00;230.360
2014-11-05 04:43:00;227.160
2014-11-05 04:44:00;228.380
2014-11-05 04:45:00;230.740
2014-11-05 04:46:00;240.120
2014-11-05 04:47:00;235.190
2014-11-05 04:48:00;229.860
2014-11-05 04:49:00;230.810
2014-11-05 04:50:00;235.340
2014-11-05 04:51:00;227.510
2014-11-05 04:52:00;241.970
2014-11-05 04:53:00;233.690
2014-11-05 04:54:00;232.610
2014-11-05 04:55:00;229.990
2014-11-05 04:56:00;233.540
2014-11-05 04:57:00;231.640
2014-11-05 04:58:00;234.690
2014-11-05 04:59:00;236.320
2014-11-05 05:00:00;229.910
2014-11-05 05:01:00;232.360
2014-11-05 05:02:00;238.340
2014-11-05 05:03:00;237.640
2014-11-05 05:04:00;233.410
2014-11-05 05:05:00;232.040
2014-11-05 05:06:00;233.090
2014-11-05 05:07:00;237.990
2014-11-05 05:08:00;243.000
2014-11-05 05:09:00;233.310
2014-11-05 05:10:00;235.990
2014-11-05 05:11:00;238.220
2014-11-05 05:12:00;238.440
2014-11-05 05:13:00;232.460
2014-11-05 05:14:00;229.360
2014-11-05 05:15:00;229.210
2014-11-05 05:16:00;229.010
2014-11-05 05:17:00;229.840
2014-11-05 05:18:00;233.960
2014-11-05 05:19:00;225.030
2014-11-05 05:20:00;235.120
2014-11-05 05:21:00;236.470
2014-11-05 05:22:00;232.110
2014-11-05 05:23:00;229.530
2014-11-05 05:24:00;238.320
2014-11-05 05:25:00;233.790
2014-11-05 05:26:00;229.110
2014-11-05 05:27:00;235.990
2014-11-05 05:28:00;236.020
2014-11-05 05:29:00;233.460
2014-11-05 05:30:00;226.910
2014-11-05 05:31:00;235.640
2014-11-05 05:32:00;231.060
2014-11-05 05:33:00;231.440
2014-11-05 05:34:00;237.240
2014-11-05 05:35:00;231.290
2014-11-05 05:36:00;229.630
2014-11-05 05:37:00;234.420
2014-11-05 05:38:00;234.670
2014-11-05 05:39:00;231.090
2014-11-05 05:40:00;237.540
2014-11-05 05:41:00;229.740
2014-11-05 05:42:00;231.040
2014-11-05 05:43:00;234.840
2014-11-05 05:44:00;231.390
2014-11-05 05:45:00;233.460
2014-11-05 05:46:00;231.060
2014-11-05 05:47:00;232.160
2014-11-05 05:48:00;233.590
2014-11-05 05:49:00;231.740
2014-11-05 05:50:00;233.290
2014-11-05 05:51:00;231.840
2014-11-05 05:52:00;235.640
2014-11-05 05:53:00;235.870
2014-11-05 05:54:00;237.990
2014-11-05 05:55:00;232.190
2014-11-05 05:56:00;231.160
2014-11-05 05:57:00;233.840
2014-11-05 05:58:00;234.720
2014-11-05 05:59:00;232.260
2014-11-05 06:00:00;232.760
2014-11-05 06:01:00;233.410
2014-11-05 06:02:00;231.340
2014-11-05 06:03:00;225.830
2014-11-05 06:04:00;233.010
2014-11-05 06:05:00;235.570
2014-11-05 06:06:00;232.910
2014-11-05 06:07:00;237.890
2014-11-05 06:08:00;230.060
2014-11-05 06:09:00;228.110
2014-11-05 06:10:00;236.540
2014-11-05 06:11:00;234.590
2014-11-05 06:12:00;233.510
2014-11-05 06:13:00;232.290
2014-11-05 06:14:00;231.560
2014-11-05 06:15:00;231.360
2014-11-05 06:16:00;235.090
2014-11-05 06:17:00;232.760
2014-11-05 06:18:00;227.410
2014-11-05 06:19:00;236.190
2014-11-05 06:20:00;229.860
2014-11-05 06:21:00;238.770
2014-11-05 06:22:00;236.740
2014-11-05 06:23:00;229.110
2014-11-05 06:24:00;231.510
2014-11-05 06:25:00;236.820
2014-11-05 06:26:00;230.310
2014-11-05 06:27:00;229.910
2014-11-05 06:28:00;233.410
2014-11-05 06:29:00;230.110
2014-11-05 06:30:00;238.600
2014-11-05 06:31:00;233.610
2014-11-05 06:32:00;235.970
2014-11-05 06:33:00;232.560
2014-11-05 06:34:00;237.590
2014-11-05 06:35:00;233.740
2014-11-05 06:36:00;229.740
2014-11-05 06:37:00;239.300
2014-11-05 06:38:00;231.790
2014-11-05 06:39:00;237.640
2014-11-05 06:40:00;238.750
2014-11-05 06:41:00;235.770
2014-11-05 06:42:00;236.420
2014-11-05 06:43:00;232.140
2014-11-05 06:44:00;233.540
2014-11-05 06:45:00;235.820
2014-11-05 06:46:00;237.220
2014-11-05 06:47:00;232.390
2014-11-05 06:48:00;224.150
2014-11-05 06:49:00;  0.000
2014-11-05 06:50:00;228.130
2014-11-05 06:51:00;233.740
2014-11-05 06:52:00;234.590
2014-11-05 06:53:00;230.160
2014-11-05 06:54:00;235.670
2014-11-05 06:55:00;238.190
2014-11-05 06:56:00;231.040
2014-11-05 06:57:00;236.390
2014-11-05 06:58:00;234.420
2014-11-05 06:59:00;234.440
2014-11-05 07:00:00;235.270
2014-11-05 07:01:00;236.070
2014-11-05 07:02:00;237.190
2014-11-05 07:03:00;237.140
2014-11-05 07:04:00;231.940
2014-11-05 07:05:00;232.440
2014-11-05 07:06:00;235.990
2014-11-05 07:07:00;231.490
2014-11-05 07:08:00;227.730
2014-11-05 07:09:00;229.710
2014-11-05 07:10:00;229.380
2014-11-05 07:11:00;230.460
2014-11-05 07:12:00;235.220
2014-11-05 07:13:00;235.270
2014-11-05 07:14:00;233.260
2014-11-05 07:15:00;233.590
2014-11-05 07:16:00;233.590
2014-11-05 07:17:00;230.710
2014-11-05 07:18:00;228.410
2014-11-05 07:19:00;233.190
2014-11-05 07:20:00;234.970
2014-11-05 07:21:00;237.720
2014-11-05 07:22:00;228.360
2014-11-05 07:23:00;229.030
2014-11-05 07:24:00;231.240
2014-11-05 07:25:00;229.660
2014-11-05 07:26:00;233.660
2014-11-05 07:27:00;237.290
2014-11-05 07:28:00;232.810
2014-11-05 07:29:00;229.210
2014-11-05 07:30:00;232.840
2014-11-05 07:31:00;231.890
2014-11-05 07:32:00;224.850
2014-11-05 07:33:00;241.250
2014-11-05 07:34:00;233.560
2014-11-05 07:35:00;230.440
2014-11-05 07:36:00;231.240
2014-11-05 07:37:00;232.490
2014-11-05 07:38:00;235.620
2014-11-05 07:39:00;229.480
2014-11-05 07:40:00;232.590
2014-11-05 07:41:00;230.390
2014-11-05 07:42:00;230.790
2014-11-05 07:43:00;230.040
2014-11-05 07:44:00;230.190
2014-11-05 07:45:00;231.010
2014-11-05 07:46:00;230.740
2014-11-05 07:47:00;230.740
2014-11-05 07:48:00;237.420
2014-11-05 07:49:00;235.070
2014-11-05 07:50:00;231.760
2014-11-05 07:51:00;233.710
2014-11-05 07:52:00;236.620
2014-11-05 07:53:00;229.480
2014-11-05 07:54:00;233.410
2014-11-05 07:55:00;232.910
2014-11-05 07:56:00;227.880
2014-11-05 07:57:00;242.570
2014-11-05 07:58:00;234.370
2014-11-05 07:59:00;228.630
2014-11-05 08:00:00;237.220
2014-11-05 08:01:00;229.660
2014-11-05 08:02:00;234.440
2014-11-05 08:03:00;237.990
2014-11-05 08:04:00;232.860
2014-11-05 08:05:00;231.410
2014-11-05 08:06:00;229.610
2014-11-05 08:07:00;235.370
2014-11-05 08:08:00;236.990
2014-11-05 08:09:00;228.180
2014-11-05 08:10:00;229.180
2014-11-05 08:11:00;238.620
2014-11-05 08:12:00;234.690
2014-11-05 08:13:00;231.560
2014-11-05 08:14:00;231.790
2014-11-05 08:15:00;235.920
2014-11-05 08:16:00;230.210
2014-11-05 08:17:00;241.520
2014-11-05 08:18:00;234.770
2014-11-05 08:19:00;227.960
2014-11-05 08:20:00;231.690
2014-11-05 08:21:00;232.190
2014-11-05 08:22:00;231.590
2014-11-05 08:23:00;226.410
2014-11-05 08:24:00;234.740
2014-11-05 08:25:00;234.370
2014-11-05 08:26:00;236.670
2014-11-05 08:27:00;230.210
2014-11-05 08:28:00;239.570
2014-11-05 08:29:00;231.510
2014-11-05 08:30:00;231.510
2014-11-05 08:31:00;231.590
2014-11-05 08:32:00;233.160
2014-11-05 08:33:00;228.280
2014-11-05 08:34:00;232.960
2014-11-05 08:35:00;235.270
2014-11-05 08:36:00;228.160
2014-11-05 08:37:00;230.690
2014-11-05 08:38:00;227.610
2014-11-05 08:39:00;238.850
2014-11-05 08:40:00;227.080
2014-11-05 08:41:00;233.140
2014-11-05 08:42:00;235.990
2014-11-05 08:43:00;232.760
2014-11-05 08:44:00;239.650
2014-11-05 08:45:00;234.390
2014-11-05 08:46:00;233.210
2014-11-05 08:47:00;240.550
2014-11-05 08:48:00;235.290
2014-11-05 08:49:00;236.190
2014-11-05 08:50:00;229.530
2014-11-05 08:51:00;236.420
2014-11-05 08:52:00;232.310
2014-11-05 08:53:00;233.340
2014-11-05 08:54:00;227.880
2014-11-05 08:55:00;232.840
2014-11-05 08:56:00;228.630
2014-11-05 08:57:00;231.960
2014-11-05 08:58:00;236.190
2014-11-05 08:59:00;232.090
2014-11-05 09:00:00;233.060
2014-11-05 09:01:00;232.940
2014-11-05 09:02:00;233.910
2014-11-05 09:03:00;230.790
2014-11-05 09:04:00;232.510
2014-11-05 09:05:00;232.060
2014-11-05 09:06:00;228.160
2014-11-05 09:07:00;231.710
2014-11-05 09:08:00;229.130
2014-11-05 09:09:00;233.210
2014-11-05 09:10:00;236.490
2014-11-05 09:11:00;237.320
2014-11-05 09:12:00;234.440
2014-11-05 09:13:00;235.270
2014-11-05 09:14:00;230.790
2014-11-05 09:15:00;230.240
2014-11-05 09:16:00;232.290
2014-11-05 09:17:00;234.770
2014-11-05 09:18:00;230.410
2014-11-05 09:19:00;233.190
2014-11-05 09:20:00;233.660
2014-11-05 09:21:00;230.940
2014-11-05 09:22:00;234.190
2014-11-05 09:23:00;232.660
2014-11-05 09:24:00;229.580
2014-11-05 09:25:00;234.010
2014-11-05 09:26:00;229.160
2014-11-05 09:27:00;233.110
2014-11-05 09:28:00;232.110
2014-11-05 09:29:00;236.520
2014-11-05 09:30:00;237.170
2014-11-05 09:31:00;229.840
2014-11-05 09:32:00;236.370
2014-11-05 09:33:00;233.310
2014-11-05 09:34:00;231.490
2014-11-05 09:35:00;233.310
2014-11-05 09:36:00;232.560
2014-11-05 09:37:00;229.480
2014-11-05 09:38:00;238.900
2014-11-05 09:39:00;235.690
2014-11-05 09:40:00;240.520
2014-11-05 09:41:00;235.970
2014-11-05 09:42:00;233.440
2014-11-05 09:43:00;235.570
2014-11-05 09:44:00;234.120
2014-11-05 09:45:00;235.020
2014-11-05 09:46:00;227.510
2014-11-05 09:47:00;228.980
2014-11-05 09:48:00;231.360
2014-11-05 09:49:00;229.260
2014-11-05 09:50:00;232.040
2014-11-05 09:51:00;230.610
2014-11-05 09:52:00;234.090
2014-11-05 09:53:00;234.440
2014-11-05 09:54:00;243.730
2014-11-05 09:55:00;237.070
2014-11-05 09:56:00;228.260
2014-11-05 09:57:00;233.060
2014-11-05 09:58:00;228.930
2014-11-05 09:59:00;235.290
2014-11-05 10:00:00;237.720
2014-11-05 10:01:00;235.240
2014-11-05 10:02:00;236.270
2014-11-05 10:03:00;234.140
2014-11-05 10:04:00;228.230
2014-11-05 10:05:00;233.760
2014-11-05 10:06:00;240.950
2014-11-05 10:07:00;229.740
2014-11-05 10:08:00;232.340
2014-11-05 10:09:00;236.620
2014-11-05 10:10:00;230.890
2014-11-05 10:11:00;233.060
2014-11-05 10:12:00;226.010
2014-11-05 10:13:00;230.940
2014-11-05 10:14:00;226.210
2014-11-05 10:15:00;231.740
2014-11-05 10:16:00;236.640
2014-11-05 10:17:00;223.600
2014-11-05 10:18:00;232.690
2014-11-05 10:19:00;228.980
2014-11-05 10:20:00;235.540
2014-11-05 10:21:00;235.890
2014-11-05 10:22:00;233.560
2014-11-05 10:23:00;235.020
2014-11-05 10:24:00;234.270
2014-11-05 10:25:00;230.890
2014-11-05 10:26:00;233.260
2014-11-05 10:27:00;232.040
2014-11-05 10:28:00;231.240
2014-11-05 10:29:00;232.740
2014-11-05 10:30:00;233.040
2014-11-05 10:31:00;232.710
2014-11-05 10:32:00;238.140
2014-11-05 10:33:00;230.990
2014-11-05 10:34:00;230.190
2014-11-05 10:35:00;228.830
2014-11-05 10:36:00;228.180
2014-11-05 10:37:00;233.860
2014-11-05 10:38:00;232.210
2014-11-05 10:39:00;232.440
2014-11-05 10:40:00;231.290
2014-11-05 10:41:00;229.790
2014-11-05 10:42:00;232.790
2014-11-05 10:43:00;229.280
2014-11-05 10:44:00;239.920
2014-11-05 10:45:00;233.740
2014-11-05 10:46:00;232.160
2014-11-05 10:47:00;228.730
2014-11-05 10:48:00;229.130
2014-11-05 10:49:00;224.330
2014-11-05 10:50:00;233.240
2014-11-05 10:51:00;232.160
2014-11-05 10:52:00;233.810
2014-11-05 10:53:00;231.290
2014-11-05 10:54:00;235.540
2014-11-05 10:55:00;224.600
2014-11-05 10:56:00;234.040
2014-11-05 10:57:00;235.920
2014-11-05 10:58:00;234.170
2014-11-05 10:59:00;229.060
2014-11-05 11:00:00;228.510
2014-11-05 11:01:00;232.540
2014-11-05 11:02:00;230.540
2014-11-05 11:03:00;232.490
2014-11-05 11:04:00;234.170
2014-11-05 11:05:00;234.690
2014-11-05 11:06:00;228.180
2014-11-05 11:07:00;231.960
2014-11-05 11:08:00;226.560
2014-11-05 11:09:00;232.210
2014-11-05 11:10:00;232.640
2014-11-05 11:11:00;237.470
2014-11-05 11:12:00;232.510
2014-11-05 11:13:00;232.540
2014-11-05 11:14:00;229.230
2014-11-05 11:15:00;227.230
2014-11-05 11:16:00;233.790
2014-11-05 11:17:00;232.640
2014-11-05 11:18:00;237.090
2014-11-05 11:19:00;228.380
2014-11-05 11:20:00;228.810
2014-11-05 11:21:00;230.390
2014-11-05 11:22:00;229.030
2014-11-05 11:23:00;237.220
2014-11-05 11:24:00;234.520
2014-11-05 11:25:00;227.180
2014-11-05 11:26:00;231.990
2014-11-05 11:27:00;231.390
2014-11-05 11:28:00;234.010
2014-11-05 11:29:00;227.180
2014-11-05 11:30:00;232.260
2014-11-05 11:31:00;233.840
2014-11-05 11:32:00;228.810
2014-11-05 11:33:00;233.360
2014-11-05 11:34:00;232.340
2014-11-05 11:35:00;233.460
2014-11-05 11:36:00;231.460
2014-11-05 11:37:00;234.340
2014-11-05 11:38:00;237.640
2014-11-05 11:39:00;236.970
2014-11-05 11:40:00;237.290
2014-11-05 11:41:00;241.070
2014-11-05 11:42:00;233.990
2014-11-05 11:43:00;234.440
2014-11-05 11:44:00;233.040
2014-11-05 11:45:00;232.460
2014-11-05 11:46:00;237.270
2014-11-05 11:47:00;227.310
2014-11-05 11:48:00;229.360
2014-11-05 11:49:00;229.380
2014-11-05 11:50:00;235.640
2014-11-05 11:51:00;235.970
2014-11-05 11:52:00;235.920
2014-11-05 11:53:00;230.510
2014-11-05 11:54:00;231.740
2014-11-05 11:55:00;234.940
2014-11-05 11:56:00;230.290
2014-11-05 11:57:00;233.490
2014-11-05 11:58:00;226.210
2014-11-05 11:59:00;227.360
2014-11-05 12:00:00;231.340
2014-11-05 12:01:00;229.230
2014-11-05 12:02:00;235.690
2014-11-05 12:03:00;230.360
2014-11-05 12:04:00;233.090
2014-11-05 12:05:00;238.040
2014-11-05 12:06:00;236.190
2014-11-05 12:07:00;234.270
2014-11-05 12:08:00;232.440
2014-11-05 12:09:00;229.530
2014-11-05 12:10:00;232.040
2014-11-05 12:11:00;229.410
2014-11-05 12:12:00;240.920
2014-11-05 12:13:00;235.940
2014-11-05 12:14:00;236.090
2014-11-05 12:15:00;234.540
2014-11-05 12:16:00;234.520
2014-11-05 12:17:00;227.110
2014-11-05 12:18:00;228.880
2014-11-05 12:19:00;236.320
2014-11-05 12:20:00;234.940
2014-11-05 12:21:00;234.940
2014-11-05 12:22:00;234.010
2014-11-05 12:23:00;234.190
2014-11-05 12:24:00;234.690
2014-11-05 12:25:00;230.240
2014-11-05 12:26:00;231.140
2014-11-05 12:27:00;231.040
2014-11-05 12:28:00;230.510
2014-11-05 12:29:00;230.790
2014-11-05 12:30:00;232.240
2014-11-05 12:31:00;229.580
2014-11-05 12:32:00;229.610
2014-11-05 12:33:00;226.710
2014-11-05 12:34:00;234.520
2014-11-05 12:35:00;236.220
2014-11-05 12:36:00;238.550
2014-11-05 12:37:00;232.540
2014-11-05 12:38:00;233.460
2014-11-05 12:39:00;233.210
2014-11-05 12:40:00;232.290
2014-11-05 12:41:00;233.590
2014-11-05 12:42:00;228.610
2014-11-05 12:43:00;234.940
2014-11-05 12:44:00;237.470
2014-11-05 12:45:00;230.060
2014-11-05 12:46:00;234.340
2014-11-05 12:47:00;230.490
2014-11-05 12:48:00;225.080
2014-11-05 12:49:00;232.660
2014-11-05 12:50:00;228.530
2014-11-05 12:51:00;230.990
2014-11-05 12:52:00;226.910
2014-11-05 12:53:00;226.510
2014-11-05 12:54:00;229.910
2014-11-05 12:55:00;235.440
2014-11-05 12:56:00;229.280
2014-11-05 12:57:00;232.290
2014-11-05 12:58:00;228.510
2014-11-05 12:59:00;234.920
2014-11-05 13:00:00;231.460
2014-11-05 13:01:00;234.340
2014-11-05 13:02:00;233.810
2014-11-05 13:03:00;235.320
2014-11-05 13:04:00;235.740
2014-11-05 13:05:00;232.440
2014-11-05 13:06:00;233.760
2014-11-05 13:07:00;232.340
2014-11-05 13:08:00;233.740
2014-11-05 13:09:00;233.990
2014-11-05 13:10:00;232.860
2014-11-05 13:11:00;230.540
2014-11-05 13:12:00;229.160
2014-11-05 13:13:00;238.290
2014-11-05 13:14:00;232.060
2014-11-05 13:15:00;230.460
2014-11-05 13:16:00;234.620
2014-11-05 13:17:00;231.060
2014-11-05 13:18:00;230.460
2014-11-05 13:19:00;231.840
2014-11-05 13:20:00;235.340
2014-11-05 13:21:00;230.860
2014-11-05 13:22:00;238.920
2014-11-05 13:23:00;236.920
2014-11-05 13:24:00;231.090
2014-11-05 13:25:00;230.040
2014-11-05 13:26:00;230.290
2014-11-05 13:27:00;232.060
2014-11-05 13:28:00;235.690
2014-11-05 13:29:00;234.290
2014-11-05 13:30:00;233.490
2014-11-05 13:31:00;234.440
2014-11-05 13:32:00;229.430
2014-11-05 13:33:00;235.740
2014-11-05 13:34:00;235.970
2014-11-05 13:35:00;236.670
2014-11-05 13:36:00;236.490
2014-11-05 13:37:00;230.760
2014-11-05 13:38:00;232.860
2014-11-05 13:39:00;233.340
2014-11-05 13:40:00;234.090
2014-11-05 13:41:00;232.040
2014-11-05 13:42:00;228.780
2014-11-05 13:43:00;229.630
2014-11-05 13:44:00;231.040
2014-11-05 13:45:00;230.140
2014-11-05 13:46:00;232.060
2014-11-05 13:47:00;238.120
2014-11-05 13:48:00;233.440
2014-11-05 13:49:00;233.210
2014-11-05 13:50:00;234.490
2014-11-05 13:51:00;233.490
2014-11-05 13:52:00;237.340
2014-11-05 13:53:00;232.010
2014-11-05 13:54:00;230.210
2014-11-05 13:55:00;234.420
2014-11-05 13:56:00;229.860
2014-11-05 13:57:00;231.440
2014-11-05 13:58:00;236.370
2014-11-05 13:59:00;230.610
2014-11-05 14:00:00;235.420
2014-11-05 14:01:00;230.890
2014-11-05 14:02:00;231.440
2014-11-05 14:03:00;232.640
2014-11-05 14:04:00;233.840
2014-11-05 14:05:00;232.260
2014-11-05 14:06:00;239.720
2014-11-05 14:07:00;230.810
2014-11-05 14:08:00;235.270
2014-11-05 14:09:00;228.860
2014-11-05 14:10:00;233.490
2014-11-05 14:11:00;232.610
2014-11-05 14:12:00;229.360
2014-11-05 14:13:00;233.210
2014-11-05 14:14:00;236.420
2014-11-05 14:15:00;233.340
2014-11-05 14:16:00;230.660
2014-11-05 14:17:00;231.590
2014-11-05 14:18:00;229.960
2014-11-05 14:19:00;235.940
2014-11-05 14:20:00;228.580
2014-11-05 14:21:00;224.430
2014-11-05 14:22:00;229.560
2014-11-05 14:23:00;233.810
2014-11-05 14:24:00;226.780
2014-11-05 14:25:00;227.880
2014-11-05 14:26:00;230.110
2014-11-05 14:27:00;229.210
2014-11-05 14:28:00;235.590
2014-11-05 14:29:00;232.960
2014-11-05 14:30:00;234.890
2014-11-05 14:31:00;236.440
2014-11-05 14:32:00;233.760
2014-11-05 14:33:00;228.680
2014-11-05 14:34:00;230.560
2014-11-05 14:35:00;229.910
2014-11-05 14:36:00;232.110
2014-11-05 14:37:00;232.390
2014-11-05 14:38:00;227.760
2014-11-05 14:39:00;231.790
2014-11-05 14:40:00;231.560
2014-11-05 14:41:00;227.060
2014-11-05 14:42:00;234.740
2014-11-05 14:43:00;235.240
2014-11-05 14:44:00;230.510
2014-11-05 14:45:00;226.980
2014-11-05 14:46:00;233.560
2014-11-05 14:47:00;226.160
2014-11-05 14:48:00;229.360
2014-11-05 14:49:00;231.810
2014-11-05 14:50:00;233.740
2014-11-05 14:51:00;239.800
2014-11-05 14:52:00;234.090
2014-11-05 14:53:00;232.290
2014-11-05 14:54:00;229.560
2014-11-05 14:55:00;237.770
2014-11-05 14:56:00;235.640
2014-11-05 14:57:00;231.840
2014-11-05 14:58:00;239.700
2014-11-05 14:59:00;234.690
2014-11-05 15:00:00;234.720
2014-11-05 15:01:00;235.290
2014-11-05 15:02:00;231.560
2014-11-05 15:03:00;234.060
2014-11-05 15:04:00;231.660
2014-11-05 15:05:00;229.790
2014-11-05 15:06:00;237.020
2014-11-05 15:07:00;241.800
2014-11-05 15:08:00;232.640
2014-11-05 15:09:00;229.610
2014-11-05 15:10:00;231.340
2014-11-05 15:11:00;231.260
2014-11-05 15:12:00;229.740
2014-11-05 15:13:00;229.180
2014-11-05 15:14:00;233.090
2014-11-05 15:15:00;231.710
2014-11-05 15:16:00;234.010
2014-11-05 15:17:00;233.260
2014-11-05 15:18:00;229.380
2014-11-05 15:19:00;229.860
2014-11-05 15:20:00;228.230
2014-11-05 15:21:00;232.840
2014-11-05 15:22:00;237.820
2014-11-05 15:23:00;234.770
2014-11-05 15:24:00;228.510
2014-11-05 15:25:00;232.510
2014-11-05 15:26:00;229.180
2014-11-05 15:27:00;232.760
2014-11-05 15:28:00;232.640
2014-11-05 15:29:00;235.620
2014-11-05 15:30:00;228.280
2014-11-05 15:31:00;237.690
2014-11-05 15:32:00;232.510
2014-11-05 15:33:00;221.330
2014-11-05 15:34:00;230.360
2014-11-05 15:35:00;238.040
2014-11-05 15:36:00;233.290
2014-11-05 15:37:00;232.390
2014-11-05 15:38:00;232.410
2014-11-05 15:39:00;233.090
2014-11-05 15:40:00;234.820
2014-11-05 15:41:00;235.790
2014-11-05 15:42:00;238.190
2014-11-05 15:43:00;231.090
2014-11-05 15:44:00;232.140
2014-11-05 15:45:00;237.320
2014-11-05 15:46:00;235.420
2014-11-05 15:47:00;230.610
2014-11-05 15:48:00;229.810
2014-11-05 15:49:00;231.260
2014-11-05 15:50:00;236.740
2014-11-05 15:51:00;232.890
2014-11-05 15:52:00;224.400
2014-11-05 15:53:00;238.550
2014-11-05 15:54:00;228.860
2014-11-05 15:55:00;234.720
2014-11-05 15:56:00;233.110
2014-11-05 15:57:00;238.600
2014-11-05 15:58:00;235.490
2014-11-05 15:59:00;229.990
2014-11-05 16:00:00;235.840
2014-11-05 16:01:00;226.630
2014-11-05 16:02:00;234.590
2014-11-05 16:03:00;229.010
2014-11-05 16:04:00;237.070
2014-11-05 16:05:00;229.380
2014-11-05 16:06:00;234.490
2014-11-05 16:07:00;231.860
2014-11-05 16:08:00;235.220
2014-11-05 16:09:00;228.230
2014-11-05 16:10:00;230.810
2014-11-05 16:11:00;233.140
2014-11-05 16:12:00;232.760
2014-11-05 16:13:00;233.560
2014-11-05 16:14:00;231.290
2014-11-05 16:15:00;233.060
2014-11-05 16:16:00;231.090
2014-11-05 16:17:00;236.490
2014-11-05 16:18:00;230.090
2014-11-05 16:19:00;237.370
2014-11-05 16:20:00;233.190
2014-11-05 16:21:00;227.180
2014-11-05 16:22:00;227.560
2014-11-05 16:23:00;231.610
2014-11-05 16:24:00;227.160
2014-11-05 16:25:00;234.520
2014-11-05 16:26:00;232.560
2014-11-05 16:27:00;236.290
2014-11-05 16:28:00;230.660
2014-11-05 16:29:00;224.580
2014-11-05 16:30:00;233.260
2014-11-05 16:31:00;230.640
2014-11-05 16:32:00;231.790
2014-11-05 16:33:00;229.210
2014-11-05 16:34:00;234.240
2014-11-05 16:35:00;227.060
2014-11-05 16:36:00;232.440
2014-11-05 16:37:00;231.690
2014-11-05 16:38:00;231.440
2014-11-05 16:39:00;234.420
2014-11-05 16:40:00;228.130
2014-11-05 16:41:00;234.870
2014-11-05 16:42:00;231.290
2014-11-05 16:43:00;234.170
2014-11-05 16:44:00;232.810
2014-11-05 16:45:00;232.960
2014-11-05 16:46:00;233.090
2014-11-05 16:47:00;230.690
2014-11-05 16:48:00;233.190
2014-11-05 16:49:00;228.460
2014-11-05 16:50:00;228.260
2014-11-05 16:51:00;234.090
2014-11-05 16:52:00;226.260
2014-11-05 16:53:00;229.160
2014-11-05 16:54:00;227.280
2014-11-05 16:55:00;234.270
2014-11-05 16:56:00;227.610
2014-11-05 16:57:00;230.790
2014-11-05 16:58:00;233.510
2014-11-05 16:59:00;232.690
2014-11-05 17:00:00;231.960
2014-11-05 17:01:00;234.090
2014-11-05 17:02:00;231.410
2014-11-05 17:03:00;230.990
2014-11-05 17:04:00;238.270
2014-11-05 17:05:00;233.210
2014-11-05 17:06:00;230.790
2014-11-05 17:07:00;231.410
2014-11-05 17:08:00;226.780
2014-11-05 17:09:00;231.490
2014-11-05 17:10:00;231.790
2014-11-05 17:11:00;234.040
2014-11-05 17:12:00;230.640
2014-11-05 17:13:00;228.030
2014-11-05 17:14:00;233.590
2014-11-05 17:15:00;230.390
2014-11-05 17:16:00;236.070
2014-11-05 17:17:00;233.310
2014-11-05 17:18:00;232.390
2014-11-05 17:19:00;224.500
2014-11-05 17:20:00;237.670
2014-11-05 17:21:00;232.740
2014-11-05 17:22:00;228.760
2014-11-05 17:23:00;227.010
2014-11-05 17:24:00;233.960
2014-11-05 17:25:00;229.030
2014-11-05 17:26:00;229.030
2014-11-05 17:27:00;232.290
2014-11-05 17:28:00;235.620
2014-11-05 17:29:00;236.170
2014-11-05 17:30:00;235.840
2014-11-05 17:31:00;232.140
2014-11-05 17:32:00;238.220
2014-11-05 17:33:00;233.560
2014-11-05 17:34:00;230.010
2014-11-05 17:35:00;238.320
2014-11-05 17:36:00;234.060
2014-11-05 17:37:00;230.990
2014-11-05 17:38:00;235.290
2014-11-05 17:39:00;230.160
2014-11-05 17:40:00;229.760
2014-11-05 17:41:00;231.860
2014-11-05 17:42:00;234.540
2014-11-05 17:43:00;229.630
2014-11-05 17:44:00;231.440
2014-11-05 17:45:00;233.360
2014-11-05 17:46:00;227.560
2014-11-05 17:47:00;231.560
2014-11-05 17:48:00;233.560
2014-11-05 17:49:00;234.920
2014-11-05 17:50:00;230.090
2014-11-05 17:51:00;228.930
2014-11-05 17:52:00;230.190
2014-11-05 17:53:00;225.410
2014-11-05 17:54:00;228.910
2014-11-05 17:55:00;227.280
2014-11-05 17:56:00;231.940
2014-11-05 17:57:00;232.910
2014-11-05 17:58:00;231.340
2014-11-05 17:59:00;228.080
2014-11-05 18:00:00;235.240
2014-11-05 18:01:00;234.770
2014-11-05 18:02:00;230.660
2014-11-05 18:03:00;230.510
2014-11-05 18:04:00;229.860
2014-11-05 18:05:00;235.440
2014-11-05 18:06:00;237.190
2014-11-05 18:07:00;235.090
2014-11-05 18:08:00;230.740
2014-11-05 18:09:00;235.070
2014-11-05 18:10:00;237.070
2014-11-05 18:11:00;230.490
2014-11-05 18:12:00;231.390
2014-11-05 18:13:00;225.710
2014-11-05 18:14:00;226.810
2014-11-05 18:15:00;227.760
2014-11-05 18:16:00;228.760
2014-11-05 18:17:00;233.810
2014-11-05 18:18:00;236.120
2014-11-05 18:19:00;230.010
2014-11-05 18:20:00;231.360
2014-11-05 18:21:00;230.940
2014-11-05 18:22:00;229.530
2014-11-05 18:23:00;231.340
2014-11-05 18:24:00;223.250
2014-11-05 18:25:00;238.170
2014-11-05 18:26:00;230.740
2014-11-05 18:27:00;232.360
2014-11-05 18:28:00;222.950
2014-11-05 18:29:00;226.010
2014-11-05 18:30:00;231.160
2014-11-05 18:31:00;226.810
2014-11-05 18:32:00;228.010
2014-11-05 18:33:00;236.540
2014-11-05 18:34:00;236.420
2014-11-05 18:35:00;231.140
2014-11-05 18:36:00;222.230
2014-11-05 18:37:00;228.230
2014-11-05 18:38:00;226.080
2014-11-05 18:39:00;227.630
2014-11-05 18:40:00;230.140
2014-11-05 18:41:00;234.870
2014-11-05 18:42:00;232.640
2014-11-05 18:43:00;232.690
2014-11-05 18:44:00;230.210
2014-11-05 18:45:00;225.660
2014-11-05 18:46:00;229.790
2014-11-05 18:47:00;229.530
2014-11-05 18:48:00;233.540
2014-11-05 18:49:00;228.430
2014-11-05 18:50:00;228.880
2014-11-05 18:51:00;228.760
2014-11-05 18:52:00;228.630
2014-11-05 18:53:00;228.210
2014-11-05 18:54:00;233.790
2014-11-05 18:55:00;233.340
2014-11-05 18:56:00;225.680
2014-11-05 18:57:00;230.090
2014-11-05 18:58:00;230.610
2014-11-05 18:59:00;232.610
2014-11-05 19:00:00;230.760
2014-11-05 19:01:00;231.340
2014-11-05 19:02:00;231.660
2014-11-05 19:03:00;234.840
2014-11-05 19:04:00;226.830
2014-11-05 19:05:00;228.980
2014-11-05 19:06:00;228.710
2014-11-05 19:07:00;232.840
2014-11-05 19:08:00;232.190
2014-11-05 19:09:00;224.530
2014-11-05 19:10:00;235.390
2014-11-05 19:11:00;234.320
2014-11-05 19:12:00;234.340
2014-11-05 19:13:00;232.440
2014-11-05 19:14:00;234.540
2014-11-05 19:15:00;230.210
2014-11-05 19:16:00;226.480
2014-11-05 19:17:00;229.130
2014-11-05 19:18:00;232.860
2014-11-05 19:19:00;229.160
2014-11-05 19:20:00;233.110
2014-11-05 19:21:00;230.990
2014-11-05 19:22:00;233.640
2014-11-05 19:23:00;234.010
2014-11-05 19:24:00;230.640
2014-11-05 19:25:00;224.650
2014-11-05 19:26:00;232.890
2014-11-05 19:27:00;225.530
2014-11-05 19:28:00;224.050
2014-11-05 19:29:00;228.910
2014-11-05 19:30:00;227.910
2014-11-05 19:31:00;231.090
2014-11-05 19:32:00;230.760
2014-11-05 19:33:00;231.090
2014-11-05 19:34:00;230.090
2014-11-05 19:35:00;232.440
2014-11-05 19:36:00;226.660
2014-11-05 19:37:00;230.540
2014-11-05 19:38:00;231.390
2014-11-05 19:39:00;229.110
2014-11-05 19:40:00;232.990
2014-11-05 19:41:00;223.980
2014-11-05 19:42:00;231.160
2014-11-05 19:43:00;233.360
2014-11-05 19:44:00;230.010
2014-11-05 19:45:00;232.660
2014-11-05 19:46:00;229.760
2014-11-05 19:47:00;232.290
2014-11-05 19:48:00;226.880
2014-11-05 19:49:00;228.280
2014-11-05 19:50:00;232.510
2014-11-05 19:51:00;234.640
2014-11-05 19:52:00;230.360
2014-11-05 19:53:00;228.660
2014-11-05 19:54:00;233.310
2014-11-05 19:55:00;234.320
2014-11-05 19:56:00;231.410
2014-11-05 19:57:00;230.590
2014-11-05 19:58:00;223.950
2014-11-05 19:59:00;233.210
2014-11-05 20:00:00;230.840
2014-11-05 20:01:00;228.710
2014-11-05 20:02:00;226.980
2014-11-05 20:03:00;232.090
2014-11-05 20:04:00;230.940
2014-11-05 20:05:00;228.460
2014-11-05 20:06:00;224.880
2014-11-05 20:07:00;235.770
2014-11-05 20:08:00;237.740
2014-11-05 20:09:00;237.270
2014-11-05 20:10:00;228.410
2014-11-05 20:11:00;230.540
2014-11-05 20:12:00;229.660
2014-11-05 20:13:00;232.110
2014-11-05 20:14:00;223.380
2014-11-05 20:15:00;228.960
2014-11-05 20:16:00;234.190
2014-11-05 20:17:00;231.890
2014-11-05 20:18:00;226.830
2014-11-05 20:19:00;228.610
2014-11-05 20:20:00;231.760
2014-11-05 20:21:00;238.920
2014-11-05 20:22:00;228.610
2014-11-05 20:23:00;232.090
2014-11-05 20:24:00;232.910
2014-11-05 20:25:00;230.410
2014-11-05 20:26:00;233.610
2014-11-05 20:27:00;229.080
2014-11-05 20:28:00;230.640
2014-11-05 20:29:00;236.740
2014-11-05 20:30:00;230.360
2014-11-05 20:31:00;234.190
2014-11-05 20:32:00;233.960
2014-11-05 20:33:00;231.690
2014-11-05 20:34:00;234.540
2014-11-05 20:35:00;232.940
2014-11-05 20:36:00;232.640
2014-11-05 20:37:00;233.560
2014-11-05 20:38:00;228.910
2014-11-05 20:39:00;229.860
2014-11-05 20:40:00;230.690
2014-11-05 20:41:00;227.310
2014-11-05 20:42:00;233.960
2014-11-05 20:43:00;226.680
2014-11-05 20:44:00;230.940
2014-11-05 20:45:00;234.140
2014-11-05 20:46:00;229.110
2014-11-05 20:47:00;228.360
2014-11-05 20:48:00;231.310
2014-11-05 20:49:00;227.760
2014-11-05 20:50:00;229.410
2014-11-05 20:51:00;228.160
2014-11-05 20:52:00;233.440
2014-11-05 20:53:00;235.320
2014-11-05 20:54:00;230.740
2014-11-05 20:55:00;233.110
2014-11-05 20:56:00;236.370
2014-11-05 20:57:00;223.330
2014-11-05 20:58:00;230.460
2014-11-05 20:59:00;231.090
2014-11-05 21:00:00;232.140
2014-11-05 21:01:00;230.410
2014-11-05 21:02:00;227.780
2014-11-05 21:03:00;225.930
2014-11-05 21:04:00;225.180
2014-11-05 21:05:00;229.840
2014-11-05 21:06:00;228.160
2014-11-05 21:07:00;229.080
2014-11-05 21:08:00;233.890
2014-11-05 21:09:00;228.680
2014-11-05 21:10:00;226.180
2014-11-05 21:11:00;227.530
2014-11-05 21:12:00;230.060
2014-11-05 21:13:00;234.790
2014-11-05 21:14:00;229.260
2014-11-05 21:15:00;228.130
2014-11-05 21:16:00;223.200
2014-11-05 21:17:00;234.520
2014-11-05 21:18:00;239.220
2014-11-05 21:19:00;231.060
2014-11-05 21:20:00;224.830
2014-11-05 21:21:00;226.910
2014-11-05 21:22:00;227.010
2014-11-05 21:23:00;224.830
2014-11-05 21:24:00;226.380
2014-11-05 21:25:00;230.860
2014-11-05 21:26:00;231.060
2014-11-05 21:27:00;232.440
2014-11-05 21:28:00;231.840
2014-11-05 21:29:00;223.400
2014-11-05 21:30:00;233.260
2014-11-05 21:31:00;223.700
2014-11-05 21:32:00;234.590
2014-11-05 21:33:00;231.160
2014-11-05 21:34:00;229.630
2014-11-05 21:35:00;226.110
2014-11-05 21:36:00;228.680
2014-11-05 21:37:00;226.310
2014-11-05 21:38:00;225.810
2014-11-05 21:39:00;220.930
2014-11-05 21:40:00;225.230
2014-11-05 21:41:00;231.360
2014-11-05 21:42:00;223.830
2014-11-05 21:43:00;236.020
2014-11-05 21:44:00;227.580
2014-11-05 21:45:00;228.130
2014-11-05 21:46:00;232.990
2014-11-05 21:47:00;233.240
2014-11-05 21:48:00;237.470
2014-11-05 21:49:00;228.710
2014-11-05 21:50:00;228.230
2014-11-05 21:51:00;226.780
2014-11-05 21:52:00;228.960
2014-11-05 21:53:00;231.860
2014-11-05 21:54:00;235.420
2014-11-05 21:55:00;233.740
2014-11-05 21:56:00;235.120
2014-11-05 21:57:00;230.660
2014-11-05 21:58:00;230.010
2014-11-05 21:59:00;231.910
2014-11-05 22:00:00;224.530
2014-11-05 22:01:00;232.210
2014-11-05 22:02:00;235.640
2014-11-05 22:03:00;230.090
2014-11-05 22:04:00;228.410
2014-11-05 22:05:00;237.840
2014-11-05 22:06:00;228.960
2014-11-05 22:07:00;228.330
2014-11-05 22:08:00;233.790
2014-11-05 22:09:00;228.380
2014-11-05 22:10:00;229.960
2014-11-05 22:11:00;234.170
2014-11-05 22:12:00;225.100
2014-11-05 22:13:00;228.480
2014-11-05 22:14:00;233.140
2014-11-05 22:15:00;230.740
2014-11-05 22:16:00;226.860
2014-11-05 22:17:00;227.610
2014-11-05 22:18:00;230.790
2014-11-05 22:19:00;228.730
2014-11-05 22:20:00;229.210
2014-11-05 22:21:00;229.810
2014-11-05 22:22:00;235.990
2014-11-05 22:23:00;231.260
2014-11-05 22:24:00;226.880
2014-11-05 22:25:00;222.900
2014-11-05 22:26:00;236.120
2014-11-05 22:27:00;226.630
2014-11-05 22:28:00;229.360
2014-11-05 22:29:00;230.060
2014-11-05 22:30:00;230.340
2014-11-05 22:31:00;231.990
2014-11-05 22:32:00;230.810
2014-11-05 22:33:00;231.390
2014-11-05 22:34:00;228.760
2014-11-05 22:35:00;228.060
2014-11-05 22:36:00;230.260
2014-11-05 22:37:00;229.210
2014-11-05 22:38:00;223.300
2014-11-05 22:39:00;228.110
2014-11-05 22:40:00;231.410
2014-11-05 22:41:00;228.260
2014-11-05 22:42:00;227.710
2014-11-05 22:43:00;231.440
2014-11-05 22:44:00;237.490
2014-11-05 22:45:00;228.130
2014-11-05 22:46:00;226.630
2014-11-05 22:47:00;227.860
2014-11-05 22:48:00;229.460
2014-11-05 22:49:00;223.480
2014-11-05 22:50:00;234.490
2014-11-05 22:51:00;232.940
2014-11-05 22:52:00;228.310
2014-11-05 22:53:00;227.210
2014-11-05 22:54:00;227.010
2014-11-05 22:55:00;229.860
2014-11-05 22:56:00;233.790
2014-11-05 22:57:00;234.890
2014-11-05 22:58:00;231.760
2014-11-05 22:59:00;235.470
2014-11-05 23:00:00;227.110
2014-11-05 23:01:00;231.490
2014-11-05 23:02:00;230.690
2014-11-05 23:03:00;227.030
2014-11-05 23:04:00;228.180
2014-11-05 23:05:00;226.810
2014-11-05 23:06:00;231.160
2014-11-05 23:07:00;225.830
2014-11-05 23:08:00;236.870
2014-11-05 23:09:00;236.690
2014-11-05 23:10:00;237.340
2014-11-05 23:11:00;230.140
2014-11-05 23:12:00;228.510
2014-11-05 23:13:00;229.310
2014-11-05 23:14:00;236.140
2014-11-05 23:15:00;230.610
2014-11-05 23:16:00;229.890
2014-11-05 23:17:00;228.760
2014-11-05 23:18:00;236.090
2014-11-05 23:19:00;228.430
2014-11-05 23:20:00;233.260
2014-11-05 23:21:00;227.480
2014-11-05 23:22:00;231.710
2014-11-05 23:23:00;230.740
2014-11-05 23:24:00;228.860
2014-11-05 23:25:00;225.330
2014-11-05 23:26:00;237.590
2014-11-05 23:27:00;231.960
2014-11-05 23:28:00;235.370
2014-11-05 23:29:00;226.730
2014-11-05 23:30:00;230.040
2014-11-05 23:31:00;232.860
2014-11-05 23:32:00;228.480
2014-11-05 23:33:00;228.860
2014-11-05 23:34:00;229.230
2014-11-05 23:35:00;227.830
2014-11-05 23:36:00;232.810
2014-11-05 23:37:00;238.240
2014-11-05 23:38:00;236.270
2014-11-05 23:39:00;225.830
2014-11-05 23:40:00;227.710
2014-11-05 23:41:00;225.510
2014-11-05 23:42:00;237.220
2014-11-05 23:43:00;233.160
2014-11-05 23:44:00;233.390
2014-11-05 23:45:00;230.460
2014-11-05 23:46:00;231.260
2014-11-05 23:47:00;237.420
2014-11-05 23:48:00;237.340
2014-11-05 23:49:00;226.630
2014-11-05 23:50:00;229.560
2014-11-05 23:51:00;234.720
2014-11-05 23:52:00;229.560
2014-11-05 23:53:00;233.640
2014-11-05 23:54:00;233.640
2014-11-05 23:55:00;229.610
2014-11-05 23:56:00;232.190
2014-11-05 23:57:00;231.390
2014-11-05 23:58:00;233.960
2014-11-05 23:59:00;229.460
2014-11-06 00:00:00;227.160
2014-11-06 00:01:00;230.460
2014-11-06 00:02:00;226.410
2014-11-06 00:03:00;229.210
2014-11-06 00:04:00;229.630
2014-11-06 00:05:00;236.990
2014-11-06 00:06:00;232.010
2014-11-06 00:07:00;231.110
2014-11-06 00:08:00;229.330
2014-11-06 00:09:00;230.260
2014-11-06 00:10:00;226.980
2014-11-06 00:11:00;234.010
2014-11-06 00:12:00;229.110
2014-11-06 00:13:00;235.090
2014-11-06 00:14:00;234.060
2014-11-06 00:15:00;232.090
2014-11-06 00:16:00;228.160
2014-11-06 00:17:00;226.730
2014-11-06 00:18:00;230.060
2014-11-06 00:19:00;229.060
2014-11-06 00:20:00;231.110
2014-11-06 00:21:00;230.260
2014-11-06 00:22:00;232.210
2014-11-06 00:23:00;231.160
2014-11-06 00:24:00;225.910
2014-11-06 00:25:00;232.190
2014-11-06 00:26:00;236.390
2014-11-06 00:27:00;231.840
2014-11-06 00:28:00;231.210
2014-11-06 00:29:00;232.640
2014-11-06 00:30:00;229.280
2014-11-06 00:31:00;230.090
2014-11-06 00:32:00;231.460
2014-11-06 00:33:00;239.450
2014-11-06 00:34:00;226.660
2014-11-06 00:35:00;233.010
2014-11-06 00:36:00;231.340
2014-11-06 00:37:00;235.120
2014-11-06 00:38:00;228.080
2014-11-06 00:39:00;227.510
2014-11-06 00:40:00;237.720
2014-11-06 00:41:00;227.810
2014-11-06 00:42:00;232.060
2014-11-06 00:43:00;232.160
2014-11-06 00:44:00;232.840
2014-11-06 00:45:00;230.090
2014-11-06 00:46:00;229.430
2014-11-06 00:47:00;233.890
2014-11-06 00:48:00;236.020
2014-11-06 00:49:00;228.510
2014-11-06 00:50:00;233.440
2014-11-06 00:51:00;229.480
2014-11-06 00:52:00;238.320
2014-11-06 00:53:00;228.230
2014-11-06 00:54:00;236.040
2014-11-06 00:55:00;228.260
2014-11-06 00:56:00;226.960
2014-11-06 00:57:00;230.910
2014-11-06 00:58:00;230.990
2014-11-06 00:59:00;227.860
2014-11-06 01:00:00;227.010
2014-11-06 01:01:00;234.840
2014-11-06 01:02:00;233.210
2014-11-06 01:03:00;229.480
2014-11-06 01:04:00;229.210
2014-11-06 01:05:00;233.290
2014-11-06 01:06:00;230.510
2014-11-06 01:07:00;231.460
2014-11-06 01:08:00;237.140
2014-11-06 01:09:00;233.410
2014-11-06 01:10:00;232.340
2014-11-06 01:11:00;230.610
2014-11-06 01:12:00;235.070
2014-11-06 01:13:00;228.560
2014-11-06 01:14:00;229.840
2014-11-06 01:15:00;229.610
2014-11-06 01:16:00;230.640
2014-11-06 01:17:00;230.710
2014-11-06 01:18:00;227.810
2014-11-06 01:19:00;234.060
2014-11-06 01:20:00;237.120
2014-11-06 01:21:00;227.480
2014-11-06 01:22:00;235.170
2014-11-06 01:23:00;229.710
2014-11-06 01:24:00;229.580
2014-11-06 01:25:00;232.760
2014-11-06 01:26:00;231.090
2014-11-06 01:27:00;228.030
2014-11-06 01:28:00;234.440
2014-11-06 01:29:00;231.810
2014-11-06 01:30:00;228.710
2014-11-06 01:31:00;234.620
2014-11-06 01:32:00;227.710
2014-11-06 01:33:00;231.340
2014-11-06 01:34:00;226.030
2014-11-06 01:35:00;232.590
2014-11-06 01:36:00;228.780
2014-11-06 01:37:00;233.390
2014-11-06 01:38:00;224.050
2014-11-06 01:39:00;227.080
2014-11-06 01:40:00;235.370
2014-11-06 01:41:00;243.250
2014-11-06 01:42:00;235.020
2014-11-06 01:43:00;230.490
2014-11-06 01:44:00;233.110
2014-11-06 01:45:00;230.760
2014-11-06 01:46:00;230.310
2014-11-06 01:47:00;233.790
2014-11-06 01:48:00;230.290
2014-11-06 01:49:00;232.760
2014-11-06 01:50:00;235.270
2014-11-06 01:51:00;233.590
2014-11-06 01:52:00;228.180
2014-11-06 01:53:00;230.460
2014-11-06 01:54:00;235.520
2014-11-06 01:55:00;234.090
2014-11-06 01:56:00;232.410
2014-11-06 01:57:00;230.960
2014-11-06 01:58:00;230.060
2014-11-06 01:59:00;232.740
2014-11-06 02:00:00;235.220
2014-11-06 02:01:00;235.690
2014-11-06 02:02:00;236.140
2014-11-06 02:03:00;233.010
2014-11-06 02:04:00;225.330
2014-11-06 02:05:00;230.910
2014-11-06 02:06:00;229.910
2014-11-06 02:07:00;234.120
2014-11-06 02:08:00;230.860
2014-11-06 02:09:00;229.310
2014-11-06 02:10:00;229.740
2014-11-06 02:11:00;226.030
2014-11-06 02:12:00;233.860
2014-11-06 02:13:00;227.630
2014-11-06 02:14:00;235.740
2014-11-06 02:15:00;229.430
2014-11-06 02:16:00;231.510
2014-11-06 02:17:00;234.990
2014-11-06 02:18:00;226.560
2014-11-06 02:19:00;236.220
2014-11-06 02:20:00;228.260
2014-11-06 02:21:00;225.030
2014-11-06 02:22:00;228.410
2014-11-06 02:23:00;227.930
2014-11-06 02:24:00;238.770
2014-11-06 02:25:00;230.440
2014-11-06 02:26:00;229.840
2014-11-06 02:27:00;231.860
2014-11-06 02:28:00;229.430
2014-11-06 02:29:00;229.080
2014-11-06 02:30:00;234.890
2014-11-06 02:31:00;233.760
2014-11-06 02:32:00;233.690
2014-11-06 02:33:00;224.650
2014-11-06 02:34:00;236.190
2014-11-06 02:35:00;226.730
2014-11-06 02:36:00;229.610
2014-11-06 02:37:00;229.310
2014-11-06 02:38:00;227.260
2014-11-06 02:39:00;227.680
2014-11-06 02:40:00;237.770
2014-11-06 02:41:00;239.250
2014-11-06 02:42:00;234.190
2014-11-06 02:43:00;235.370
2014-11-06 02:44:00;232.660
2014-11-06 02:45:00;226.960
2014-11-06 02:46:00;228.910
2014-11-06 02:47:00;232.240
2014-11-06 02:48:00;230.960
2014-11-06 02:49:00;232.410
2014-11-06 02:50:00;232.440
2014-11-06 02:51:00;229.740
2014-11-06 02:52:00;233.590
2014-11-06 02:53:00;235.470
2014-11-06 02:54:00;235.720
2014-11-06 02:55:00;230.710
2014-11-06 02:56:00;231.790
2014-11-06 02:57:00;231.990
2014-11-06 02:58:00;233.640
2014-11-06 02:59:00;230.890
2014-11-06 03:00:00;229.130
2014-11-06 03:01:00;232.410
2014-11-06 03:02:00;226.780
2014-11-06 03:03:00;232.040
2014-11-06 03:04:00;232.410
2014-11-06 03:05:00;239.600
2014-11-06 03:06:00;233.040
2014-11-06 03:07:00;233.760
2014-11-06 03:08:00;235.170
2014-11-06 03:09:00;237.090
2014-11-06 03:10:00;229.960
2014-11-06 03:11:00;226.910
2014-11-06 03:12:00;233.790
2014-11-06 03:13:00;227.080
2014-11-06 03:14:00;232.460
2014-11-06 03:15:00;229.010
2014-11-06 03:16:00;227.310
2014-11-06 03:17:00;235.570
2014-11-06 03:18:00;234.240
2014-11-06 03:19:00;237.820
2014-11-06 03:20:00;233.260
2014-11-06 03:21:00;227.860
2014-11-06 03:22:00;224.580
2014-11-06 03:23:00;232.160
2014-11-06 03:24:00;234.570
2014-11-06 03:25:00;235.570
2014-11-06 03:26:00;239.820
2014-11-06 03:27:00;226.660
2014-11-06 03:28:00;230.940
2014-11-06 03:29:00;228.830
2014-11-06 03:30:00;230.460
2014-11-06 03:31:00;231.790
2014-11-06 03:32:00;231.260
2014-11-06 03:33:00;237.770
2014-11-06 03:34:00;229.860
2014-11-06 03:35:00;228.380
2014-11-06 03:36:00;229.410
2014-11-06 03:37:00;229.410
2014-11-06 03:38:00;235.440
2014-11-06 03:39:00;229.810
2014-11-06 03:40:00;233.140
2014-11-06 03:41:00;234.790
2014-11-06 03:42:00;233.240
2014-11-06 03:43:00;235.140
2014-11-06 03:44:00;232.310
2014-11-06 03:45:00;226.110
2014-11-06 03:46:00;230.390
2014-11-06 03:47:00;231.210
2014-11-06 03:48:00;232.260
2014-11-06 03:49:00;238.670
2014-11-06 03:50:00;234.790
2014-11-06 03:51:00;236.640
2014-11-06 03:52:00;231.190
2014-11-06 03:53:00;229.840
2014-11-06 03:54:00;230.560
2014-11-06 03:55:00;228.160
2014-11-06 03:56:00;229.990
2014-11-06 03:57:00;232.860
2014-11-06 03:58:00;225.660
2014-11-06 03:59:00;231.510
2014-11-06 04:00:00;234.740
2014-11-06 04:01:00;228.460
2014-11-06 04:02:00;230.660
2014-11-06 04:03:00;233.790
2014-11-06 04:04:00;235.640
2014-11-06 04:05:00;236.870
2014-11-06 04:06:00;236.720
2014-11-06 04:07:00;232.060
2014-11-06 04:08:00;230.740
2014-11-06 04:09:00;232.660
2014-11-06 04:10:00;233.260
2014-11-06 04:11:00;232.610
2014-11-06 04:12:00;235.190
2014-11-06 04:13:00;227.830
2014-11-06 04:14:00;231.490
2014-11-06 04:15:00;233.540
2014-11-06 04:16:00;226.130
2014-11-06 04:17:00;231.360
2014-11-06 04:18:00;234.340
2014-11-06 04:19:00;228.210
2014-11-06 04:20:00;227.560
2014-11-06 04:21:00;236.690
2014-11-06 04:22:00;229.010
2014-11-06 04:23:00;230.190
2014-11-06 04:24:00;232.460
2014-11-06 04:25:00;236.340
2014-11-06 04:26:00;233.690
2014-11-06 04:27:00;230.890
2014-11-06 04:28:00;232.690
2014-11-06 04:29:00;227.260
2014-11-06 04:30:00;232.490
2014-11-06 04:31:00;230.390
2014-11-06 04:32:00;233.760
2014-11-06 04:33:00;223.800
2014-11-06 04:34:00;227.860
2014-11-06 04:35:00;226.860
2014-11-06 04:36:00;233.840
2014-11-06 04:37:00;234.320
2014-11-06 04:38:00;236.470
2014-11-06 04:39:00;234.620
2014-11-06 04:40:00;232.190
2014-11-06 04:41:00;229.940
2014-11-06 04:42:00;237.820
2014-11-06 04:43:00;234.010
2014-11-06 04:44:00;234.340
2014-11-06 04:45:00;229.710
2014-11-06 04:46:00;237.020
2014-11-06 04:47:00;220.500
2014-11-06 04:48:00;228.760
2014-11-06 04:49:00;227.330
2014-11-06 04:50:00;227.460
2014-11-06 04:51:00;232.960
2014-11-06 04:52:00;236.570
2014-11-06 04:53:00;230.740
2014-11-06 04:54:00;231.490
2014-11-06 04:55:00;234.240
2014-11-06 04:56:00;230.960
2014-11-06 04:57:00;231.960
2014-11-06 04:58:00;238.470
2014-11-06 04:59:00;230.690
2014-11-06 05:00:00;234.090
2014-11-06 05:01:00;235.970
2014-11-06 05:02:00;231.290
2014-11-06 05:03:00;239.550
2014-11-06 05:04:00;232.490
2014-11-06 05:05:00;225.130
2014-11-06 05:06:00;234.520
2014-11-06 05:07:00;226.780
2014-11-06 05:08:00;229.030
2014-11-06 05:09:00;231.060
2014-11-06 05:10:00;234.060
2014-11-06 05:11:00;227.560
2014-11-06 05:12:00;231.260
2014-11-06 05:13:00;229.380
2014-11-06 05:14:00;234.270
2014-11-06 05:15:00;229.310
2014-11-06 05:16:00;234.290
2014-11-06 05:17:00;232.410
2014-11-06 05:18:00;235.870
2014-11-06 05:19:00;229.230
2014-11-06 05:20:00;235.570
2014-11-06 05:21:00;229.280
2014-11-06 05:22:00;230.640
2014-11-06 05:23:00;234.290
2014-11-06 05:24:00;225.960
2014-11-06 05:25:00;235.470
2014-11-06 05:26:00;235.240
2014-11-06 05:27:00;235.520
2014-11-06 05:28:00;236.820
2014-11-06 05:29:00;229.460
2014-11-06 05:30:00;226.810
2014-11-06 05:31:00;233.110
2014-11-06 05:32:00;240.050
2014-11-06 05:33:00;236.240
2014-11-06 05:34:00;233.910
2014-11-06 05:35:00;230.260
2014-11-06 05:36:00;236.170
2014-11-06 05:37:00;228.730
2014-11-06 05:38:00;235.420
2014-11-06 05:39:00;226.010
2014-11-06 05:40:00;228.660
2014-11-06 05:41:00;236.870
2014-11-06 05:42:00;228.780
2014-11-06 05:43:00;231.390
2014-11-06 05:44:00;225.230
2014-11-06 05:45:00;226.630
2014-11-06 05:46:00;232.740
2014-11-06 05:47:00;235.770
2014-11-06 05:48:00;231.060
2014-11-06 05:49:00;229.760
2014-11-06 05:50:00;233.860
2014-11-06 05:51:00;234.920
2014-11-06 05:52:00;233.210
2014-11-06 05:53:00;233.040
2014-11-06 05:54:00;226.610
2014-11-06 05:55:00;236.020
2014-11-06 05:56:00;233.490
2014-11-06 05:57:00;230.390
2014-11-06 05:58:00;234.620
2014-11-06 05:59:00;227.230
2014-11-06 06:00:00;229.080
2014-11-06 06:01:00;225.710
2014-11-06 06:02:00;233.160
2014-11-06 06:03:00;231.510
2014-11-06 06:04:00;234.140
2014-11-06 06:05:00;230.410
2014-11-06 06:06:00;231.260
2014-11-06 06:07:00;232.310
2014-11-06 06:08:00;235.340
2014-11-06 06:09:00;234.140
2014-11-06 06:10:00;233.110
2014-11-06 06:11:00;232.960
2014-11-06 06:12:00;237.620
2014-11-06 06:13:00;234.220
2014-11-06 06:14:00;233.560
2014-11-06 06:15:00;230.910
2014-11-06 06:16:00;231.890
2014-11-06 06:17:00;233.460
2014-11-06 06:18:00;231.410
2014-11-06 06:19:00;235.470
2014-11-06 06:20:00;236.970
2014-11-06 06:21:00;230.190
2014-11-06 06:22:00;229.410
2014-11-06 06:23:00;234.440
2014-11-06 06:24:00;234.920
2014-11-06 06:25:00;229.580
2014-11-06 06:26:00;231.610
2014-11-06 06:27:00;239.820
2014-11-06 06:28:00;228.310
2014-11-06 06:29:00;226.510
2014-11-06 06:30:00;236.820
2014-11-06 06:31:00;229.890
2014-11-06 06:32:00;232.240
2014-11-06 06:33:00;238.620
2014-11-06 06:34:00;229.330
2014-11-06 06:35:00;229.030
2014-11-06 06:36:00;229.080
2014-11-06 06:37:00;232.610
2014-11-06 06:38:00;232.440
2014-11-06 06:39:00;235.040
2014-11-06 06:40:00;234.060
2014-11-06 06:41:00;232.240
2014-11-06 06:42:00;233.990
2014-11-06 06:43:00;232.040
2014-11-06 06:44:00;227.380
2014-11-06 06:45:00;234.190
2014-11-06 06:46:00;229.330
2014-11-06 06:47:00;232.890
2014-11-06 06:48:00;226.030
2014-11-06 06:49:00;234.670
2014-11-06 06:50:00;233.560
2014-11-06 06:51:00;236.470
2014-11-06 06:52:00;227.810
2014-11-06 06:53:00;236.090
2014-11-06 06:54:00;230.960
2014-11-06 06:55:00;235.690
2014-11-06 06:56:00;232.260
2014-11-06 06:57:00;228.860
2014-11-06 06:58:00;229.810
2014-11-06 06:59:00;234.920
2014-11-06 07:00:00;232.340
2014-11-06 07:01:00;230.010
2014-11-06 07:02:00;235.740
2014-11-06 07:03:00;225.580
2014-11-06 07:04:00;230.140
2014-11-06 07:05:00;229.160
2014-11-06 07:06:00;234.970
2014-11-06 07:07:00;230.760
2014-11-06 07:08:00;227.030
2014-11-06 07:09:00;233.660
2014-11-06 07:10:00;231.990
2014-11-06 07:11:00;230.640
2014-11-06 07:12:00;228.610
2014-11-06 07:13:00;235.620
2014-11-06 07:14:00;225.460
2014-11-06 07:15:00;228.580
2014-11-06 07:16:00;231.060
2014-11-06 07:17:00;231.260
2014-11-06 07:18:00;233.540
2014-11-06 07:19:00;230.790
2014-11-06 07:20:00;230.910
2014-11-06 07:21:00;229.940
2014-11-06 07:22:00;227.910
2014-11-06 07:23:00;232.310
2014-11-06 07:24:00;230.160
2014-11-06 07:25:00;225.710
2014-11-06 07:26:00;238.440
2014-11-06 07:27:00;233.040
2014-11-06 07:28:00;231.710
2014-11-06 07:29:00;233.690
2014-11-06 07:30:00;226.530
2014-11-06 07:31:00;229.380
2014-11-06 07:32:00;230.790
2014-11-06 07:33:00;232.190
2014-11-06 07:34:00;227.110
2014-11-06 07:35:00;233.560
2014-11-06 07:36:00;230.360
2014-11-06 07:37:00;233.090
2014-11-06 07:38:00;235.770
2014-11-06 07:39:00;234.040
2014-11-06 07:40:00;233.340
2014-11-06 07:41:00;236.890
2014-11-06 07:42:00;236.320
2014-11-06 07:43:00;231.640
2014-11-06 07:44:00;233.890
2014-11-06 07:45:00;229.890
2014-11-06 07:46:00;232.140
2014-11-06 07:47:00;228.330
2014-11-06 07:48:00;224.450
2014-11-06 07:49:00;229.610
2014-11-06 07:50:00;230.190
2014-11-06 07:51:00;238.220
2014-11-06 07:52:00;234.520
2014-11-06 07:53:00;232.810
2014-11-06 07:54:00;234.010
2014-11-06 07:55:00;235.290
2014-11-06 07:56:00;239.300
2014-11-06 07:57:00;228.660
2014-11-06 07:58:00;226.080
2014-11-06 07:59:00;227.910
2014-11-06 08:00:00;228.980
2014-11-06 08:01:00;233.390
2014-11-06 08:02:00;237.340
2014-11-06 08:03:00;234.240
2014-11-06 08:04:00;228.530
2014-11-06 08:05:00;230.540
2014-11-06 08:06:00;233.390
2014-11-06 08:07:00;236.020
2014-11-06 08:08:00;231.640
2014-11-06 08:09:00;230.640
2014-11-06 08:10:00;234.390
2014-11-06 08:11:00;231.760
2014-11-06 08:12:00;231.690
2014-11-06 08:13:00;237.920
2014-11-06 08:14:00;233.910
2014-11-06 08:15:00;236.190
2014-11-06 08:16:00;235.790
2014-11-06 08:17:00;232.210
2014-11-06 08:18:00;227.860
2014-11-06 08:19:00;236.640
2014-11-06 08:20:00;231.890
2014-11-06 08:21:00;229.210
2014-11-06 08:22:00;233.360
2014-11-06 08:23:00;232.240
2014-11-06 08:24:00;230.790
2014-11-06 08:25:00;233.760
2014-11-06 08:26:00;230.160
2014-11-06 08:27:00;237.440
2014-11-06 08:28:00;228.310
2014-11-06 08:29:00;239.400
2014-11-06 08:30:00;236.140
2014-11-06 08:31:00;232.110
2014-11-06 08:32:00;234.690
2014-11-06 08:33:00;232.840
2014-11-06 08:34:00;229.160
2014-11-06 08:35:00;235.920
2014-11-06 08:36:00;233.760
2014-11-06 08:37:00;229.110
2014-11-06 08:38:00;229.160
2014-11-06 08:39:00;231.740
2014-11-06 08:40:00;232.010
2014-11-06 08:41:00;233.210
2014-11-06 08:42:00;235.020
2014-11-06 08:43:00;228.210
2014-11-06 08:44:00;234.140
2014-11-06 08:45:00;231.060
2014-11-06 08:46:00;234.370
2014-11-06 08:47:00;233.490
2014-11-06 08:48:00;235.670
2014-11-06 08:49:00;225.730
2014-11-06 08:50:00;235.640
2014-11-06 08:51:00;232.040
2014-11-06 08:52:00;228.160
2014-11-06 08:53:00;236.770
2014-11-06 08:54:00;237.640
2014-11-06 08:55:00;236.320
2014-11-06 08:56:00;231.940
2014-11-06 08:57:00;235.870
2014-11-06 08:58:00;234.490
2014-11-06 08:59:00;224.680
2014-11-06 09:00:00;231.940
2014-11-06 09:01:00;234.570
2014-11-06 09:02:00;233.440
2014-11-06 09:03:00;231.110
2014-11-06 09:04:00;233.890
2014-11-06 09:05:00;231.390
2014-11-06 09:06:00;232.260
2014-11-06 09:07:00;237.820
2014-11-06 09:08:00;235.190
2014-11-06 09:09:00;231.990
2014-11-06 09:10:00;230.090
2014-11-06 09:11:00;235.570
2014-11-06 09:12:00;239.050
2014-11-06 09:13:00;229.630
2014-11-06 09:14:00;236.720
2014-11-06 09:15:00;236.820
2014-11-06 09:16:00;235.770
2014-11-06 09:17:00;229.030
2014-11-06 09:18:00;227.730
2014-11-06 09:19:00;237.640
2014-11-06 09:20:00;230.910
2014-11-06 09:21:00;232.990
2014-11-06 09:22:00;232.910
2014-11-06 09:23:00;245.450
2014-11-06 09:24:00;230.040
2014-11-06 09:25:00;232.540
2014-11-06 09:26:00;232.310
2014-11-06 09:27:00;228.260
2014-11-06 09:28:00;233.840
2014-11-06 09:29:00;228.930
2014-11-06 09:30:00;229.940
2014-11-06 09:31:00;233.240
2014-11-06 09:32:00;225.330
2014-11-06 09:33:00;237.940
2014-11-06 09:34:00;229.130
2014-11-06 09:35:00;233.760
2014-11-06 09:36:00;231.190
2014-11-06 09:37:00;232.740
2014-11-06 09:38:00;229.330
2014-11-06 09:39:00;230.760
2014-11-06 09:40:00;236.590
2014-11-06 09:41:00;227.880
2014-11-06 09:42:00;233.240
2014-11-06 09:43:00;230.810
2014-11-06 09:44:00;233.310
2014-11-06 09:45:00;233.890
2014-11-06 09:46:00;227.260
2014-11-06 09:47:00;230.790
2014-11-06 09:48:00;230.860
2014-11-06 09:49:00;230.890
2014-11-06 09:50:00;235.990
2014-11-06 09:51:00;230.610
2014-11-06 09:52:00;235.140
2014-11-06 09:53:00;230.610
2014-11-06 09:54:00;232.640
2014-11-06 09:55:00;228.660
2014-11-06 09:56:00;237.440
2014-11-06 09:57:00;238.220
2014-11-06 09:58:00;228.760
2014-11-06 09:59:00;237.440
2014-11-06 10:00:00;227.530
2014-11-06 10:01:00;230.790
2014-11-06 10:02:00;230.610
2014-11-06 10:03:00;234.670
2014-11-06 10:04:00;237.540
2014-11-06 10:05:00;234.040
2014-11-06 10:06:00;235.620
2014-11-06 10:07:00;231.640
2014-11-06 10:08:00;231.990
2014-11-06 10:09:00;235.320
2014-11-06 10:10:00;239.000
2014-11-06 10:11:00;232.510
2014-11-06 10:12:00;229.940
2014-11-06 10:13:00;234.470
2014-11-06 10:14:00;234.060
2014-11-06 10:15:00;237.590
2014-11-06 10:16:00;233.710
2014-11-06 10:17:00;230.810
2014-11-06 10:18:00;237.020
2014-11-06 10:19:00;234.990
2014-11-06 10:20:00;229.690
2014-11-06 10:21:00;231.440
2014-11-06 10:22:00;233.310
2014-11-06 10:23:00;233.840
2014-11-06 10:24:00;236.540
2014-11-06 10:25:00;232.340
2014-11-06 10:26:00;241.250
2014-11-06 10:27:00;232.090
2014-11-06 10:28:00;230.910
2014-11-06 10:29:00;235.770
2014-11-06 10:30:00;233.810
2014-11-06 10:31:00;237.520
2014-11-06 10:32:00;233.460
2014-11-06 10:33:00;232.360
2014-11-06 10:34:00;232.510
2014-11-06 10:35:00;234.820
2014-11-06 10:36:00;233.060
2014-11-06 10:37:00;230.990
2014-11-06 10:38:00;231.090
2014-11-06 10:39:00;231.410
2014-11-06 10:40:00;239.050
2014-11-06 10:41:00;233.640
2014-11-06 10:42:00;233.560
2014-11-06 10:43:00;228.930
2014-11-06 10:44:00;233.810
2014-11-06 10:45:00;232.810
2014-11-06 10:46:00;234.990
2014-11-06 10:47:00;233.210
2014-11-06 10:48:00;238.720
2014-11-06 10:49:00;235.440
2014-11-06 10:50:00;235.490
2014-11-06 10:51:00;239.870
2014-11-06 10:52:00;238.040
2014-11-06 10:53:00;232.610
2014-11-06 10:54:00;235.890
2014-11-06 10:55:00;235.870
2014-11-06 10:56:00;231.610
2014-11-06 10:57:00;229.030
2014-11-06 10:58:00;235.070
2014-11-06 10:59:00;234.770
2014-11-06 11:00:00;233.060
2014-11-06 11:01:00;231.060
2014-11-06 11:02:00;229.430
2014-11-06 11:03:00;232.160
2014-11-06 11:04:00;231.640
2014-11-06 11:05:00;233.890
2014-11-06 11:06:00;231.760
2014-11-06 11:07:00;231.060
2014-11-06 11:08:00;231.460
2014-11-06 11:09:00;234.420
2014-11-06 11:10:00;232.960
2014-11-06 11:11:00;231.910
2014-11-06 11:12:00;234.040
2014-11-06 11:13:00;231.640
2014-11-06 11:14:00;238.770
2014-11-06 11:15:00;232.010
2014-11-06 11:16:00;227.560
2014-11-06 11:17:00;228.830
2014-11-06 11:18:00;235.140
2014-11-06 11:19:00;232.040
2014-11-06 11:20:00;231.290
2014-11-06 11:21:00;236.290
2014-11-06 11:22:00;234.820
2014-11-06 11:23:00;231.290
2014-11-06 11:24:00;234.320
2014-11-06 11:25:00;235.820
2014-11-06 11:26:00;239.770
2014-11-06 11:27:00;231.690
2014-11-06 11:28:00;238.650
2014-11-06 11:29:00;230.610
2014-11-06 11:30:00;228.830
2014-11-06 11:31:00;230.760
2014-11-06 11:32:00;231.340
2014-11-06 11:33:00;237.140
2014-11-06 11:34:00;231.560
2014-11-06 11:35:00;233.260
2014-11-06 11:36:00;227.130
2014-11-06 11:37:00;228.510
2014-11-06 11:38:00;231.710
2014-11-06 11:39:00;234.840
2014-11-06 11:40:00;232.010
2014-11-06 11:41:00;231.160
2014-11-06 11:42:00;233.010
2014-11-06 11:43:00;232.840
2014-11-06 11:44:00;235.340
2014-11-06 11:45:00;238.190
2014-11-06 11:46:00;229.110
2014-11-06 11:47:00;233.610
2014-11-06 11:48:00;230.740
2014-11-06 11:49:00;230.940
2014-11-06 11:50:00;234.120
2014-11-06 11:51:00;234.040
2014-11-06 11:52:00;230.490
2014-11-06 11:53:00;228.060
2014-11-06 11:54:00;224.850
2014-11-06 11:55:00;235.070
2014-11-06 11:56:00;231.910
2014-11-06 11:57:00;228.210
2014-11-06 11:58:00;231.660
2014-11-06 11:59:00;228.580
2014-11-06 12:00:00;234.170
2014-11-06 12:01:00;225.410
2014-11-06 12:02:00;232.990
2014-11-06 12:03:00;230.310
2014-11-06 12:04:00;229.530
2014-11-06 12:05:00;234.670
2014-11-06 12:06:00;228.480
2014-11-06 12:07:00;233.060
2014-11-06 12:08:00;229.790
2014-11-06 12:09:00;236.740
2014-11-06 12:10:00;231.410
2014-11-06 12:11:00;235.120
2014-11-06 12:12:00;231.240
2014-11-06 12:13:00;232.740
2014-11-06 12:14:00;226.510
2014-11-06 12:15:00;231.860
2014-11-06 12:16:00;233.360
2014-11-06 12:17:00;228.430
2014-11-06 12:18:00;234.420
2014-11-06 12:19:00;237.370
2014-11-06 12:20:00;232.210
2014-11-06 12:21:00;233.210
2014-11-06 12:22:00;240.450
2014-11-06 12:23:00;233.210
2014-11-06 12:24:00;233.890
2014-11-06 12:25:00;229.890
2014-11-06 12:26:00;228.510
2014-11-06 12:27:00;231.340
2014-11-06 12:28:00;237.120
2014-11-06 12:29:00;237.240
2014-11-06 12:30:00;234.890
2014-11-06 12:31:00;227.880
2014-11-06 12:32:00;234.690
2014-11-06 12:33:00;230.760
2014-11-06 12:34:00;228.110
2014-11-06 12:35:00;233.040
2014-11-06 12:36:00;236.820
2014-11-06 12:37:00;239.920
2014-11-06 12:38:00;231.510
2014-11-06 12:39:00;232.990
2014-11-06 12:40:00;229.210
2014-11-06 12:41:00;236.790
2014-11-06 12:42:00;235.920
2014-11-06 12:43:00;232.240
2014-11-06 12:44:00;229.130
2014-11-06 12:45:00;235.890
2014-11-06 12:46:00;233.540
2014-11-06 12:47:00;234.240
2014-11-06 12:48:00;232.510
2014-11-06 12:49:00;228.880
2014-11-06 12:50:00;237.890
2014-11-06 12:51:00;236.270
2014-11-06 12:52:00;233.110
2014-11-06 12:53:00;237.740
2014-11-06 12:54:00;233.890
2014-11-06 12:55:00;233.540
2014-11-06 12:56:00;233.390
2014-11-06 12:57:00;235.770
2014-11-06 12:58:00;231.810
2014-11-06 12:59:00;232.810
2014-11-06 13:00:00;233.590
2014-11-06 13:01:00;241.420
2014-11-06 13:02:00;233.990
2014-11-06 13:03:00;234.470
2014-11-06 13:04:00;227.530
2014-11-06 13:05:00;233.390
2014-11-06 13:06:00;229.530
2014-11-06 13:07:00;226.930
2014-11-06 13:08:00;231.510
2014-11-06 13:09:00;226.160
2014-11-06 13:10:00;237.640
2014-11-06 13:11:00;231.740
2014-11-06 13:12:00;229.660
2014-11-06 13:13:00;231.860
2014-11-06 13:14:00;229.380
2014-11-06 13:15:00;231.590
2014-11-06 13:16:00;233.240
2014-11-06 13:17:00;229.110
2014-11-06 13:18:00;230.990
2014-11-06 13:19:00;231.990
2014-11-06 13:20:00;233.140
2014-11-06 13:21:00;235.070
2014-11-06 13:22:00;225.760
2014-11-06 13:23:00;228.830
2014-11-06 13:24:00;232.440
2014-11-06 13:25:00;233.140
2014-11-06 13:26:00;234.620
2014-11-06 13:27:00;230.790
2014-11-06 13:28:00;235.990
2014-11-06 13:29:00;228.210
2014-11-06 13:30:00;237.390
2014-11-06 13:31:00;232.060
2014-11-06 13:32:00;231.260
2014-11-06 13:33:00;232.360
2014-11-06 13:34:00;230.690
2014-11-06 13:35:00;237.520
2014-11-06 13:36:00;232.160
2014-11-06 13:37:00;231.840
2014-11-06 13:38:00;230.760
2014-11-06 13:39:00;227.180
2014-11-06 13:40:00;231.490
2014-11-06 13:41:00;229.710
2014-11-06 13:42:00;227.560
2014-11-06 13:43:00;237.370
2014-11-06 13:44:00;234.770
2014-11-06 13:45:00;231.710
2014-11-06 13:46:00;233.760
2014-11-06 13:47:00;224.000
2014-11-06 13:48:00;233.960
2014-11-06 13:49:00;236.390
2014-11-06 13:50:00;231.110
2014-11-06 13:51:00;231.590
2014-11-06 13:52:00;236.840
2014-11-06 13:53:00;229.330
2014-11-06 13:54:00;226.210
2014-11-06 13:55:00;235.520
2014-11-06 13:56:00;233.560
2014-11-06 13:57:00;233.410
2014-11-06 13:58:00;228.460
2014-11-06 13:59:00;232.360
2014-11-06 14:00:00;230.990
2014-11-06 14:01:00;233.460
2014-11-06 14:02:00;231.990
2014-11-06 14:03:00;233.890
2014-11-06 14:04:00;229.080
2014-11-06 14:05:00;232.560
2014-11-06 14:06:00;233.860
2014-11-06 14:07:00;231.490
2014-11-06 14:08:00;231.110
2014-11-06 14:09:00;233.040
2014-11-06 14:10:00;232.560
2014-11-06 14:11:00;235.920
2014-11-06 14:12:00;232.440
2014-11-06 14:13:00;235.470
2014-11-06 14:14:00;229.230
2014-11-06 14:15:00;226.980
2014-11-06 14:16:00;228.430
2014-11-06 14:17:00;235.590
2014-11-06 14:18:00;236.870
2014-11-06 14:19:00;233.010
2014-11-06 14:20:00;235.290
2014-11-06 14:21:00;231.390
2014-11-06 14:22:00;229.060
2014-11-06 14:23:00;231.190
2014-11-06 14:24:00;229.890
2014-11-06 14:25:00;231.160
2014-11-06 14:26:00;233.260
2014-11-06 14:27:00;228.830
2014-11-06 14:28:00;237.240
2014-11-06 14:29:00;224.000
2014-11-06 14:30:00;237.490
2014-11-06 14:31:00;230.240
2014-11-06 14:32:00;231.810
2014-11-06 14:33:00;229.460
2014-11-06 14:34:00;233.190
2014-11-06 14:35:00;227.530
2014-11-06 14:36:00;236.720
2014-11-06 14:37:00;231.890
2014-11-06 14:38:00;233.040
2014-11-06 14:39:00;235.420
2014-11-06 14:40:00;232.610
2014-11-06 14:41:00;235.490
2014-11-06 14:42:00;231.790
2014-11-06 14:43:00;234.140
2014-11-06 14:44:00;237.640
2014-11-06 14:45:00;235.540
2014-11-06 14:46:00;235.840
2014-11-06 14:47:00;229.110
2014-11-06 14:48:00;233.140
2014-11-06 14:49:00;230.040
2014-11-06 14:50:00;231.860
2014-11-06 14:51:00;229.010
2014-11-06 14:52:00;227.680
2014-11-06 14:53:00;230.110
2014-11-06 14:54:00;229.480
2014-11-06 14:55:00;230.040
2014-11-06 14:56:00;234.140
2014-11-06 14:57:00;232.960
2014-11-06 14:58:00;231.290
2014-11-06 14:59:00;232.910
2014-11-06 15:00:00;231.040
2014-11-06 15:01:00;235.740
2014-11-06 15:02:00;227.230
2014-11-06 15:03:00;232.690
2014-11-06 15:04:00;228.280
2014-11-06 15:05:00;228.780
2014-11-06 15:06:00;230.710
2014-11-06 15:07:00;234.590
2014-11-06 15:08:00;233.340
2014-11-06 15:09:00;228.460
2014-11-06 15:10:00;231.140
2014-11-06 15:11:00;225.130
2014-11-06 15:12:00;235.320
2014-11-06 15:13:00;228.930
2014-11-06 15:14:00;232.240
2014-11-06 15:15:00;230.260
2014-11-06 15:16:00;234.010
2014-11-06 15:17:00;232.890
2014-11-06 15:18:00;226.760
2014-11-06 15:19:00;234.240
2014-11-06 15:20:00;235.690
2014-11-06 15:21:00;226.910
2014-11-06 15:22:00;229.380
2014-11-06 15:23:00;228.810
2014-11-06 15:24:00;234.590
2014-11-06 15:25:00;229.180
2014-11-06 15:26:00;230.890
2014-11-06 15:27:00;232.840
2014-11-06 15:28:00;233.360
2014-11-06 15:29:00;231.490
2014-11-06 15:30:00;229.010
2014-11-06 15:31:00;231.860
2014-11-06 15:32:00;229.380
2014-11-06 15:33:00;232.010
2014-11-06 15:34:00;233.710
2014-11-06 15:35:00;230.860
2014-11-06 15:36:00;230.760
2014-11-06 15:37:00;226.160
2014-11-06 15:38:00;227.260
2014-11-06 15:39:00;227.660
2014-11-06 15:40:00;227.510
2014-11-06 15:41:00;226.980
2014-11-06 15:42:00;235.570
2014-11-06 15:43:00;234.120
2014-11-06 15:44:00;229.310
2014-11-06 15:45:00;233.710
2014-11-06 15:46:00;230.940
2014-11-06 15:47:00;230.490
2014-11-06 15:48:00;227.380
2014-11-06 15:49:00;231.360
2014-11-06 15:50:00;228.710
2014-11-06 15:51:00;227.630
2014-11-06 15:52:00;231.910
2014-11-06 15:53:00;229.210
2014-11-06 15:54:00;233.860
2014-11-06 15:55:00;229.810
2014-11-06 15:56:00;231.540
2014-11-06 15:57:00;232.460
2014-11-06 15:58:00;227.660
2014-11-06 15:59:00;226.910
2014-11-06 16:00:00;229.630
2014-11-06 16:01:00;230.610
2014-11-06 16:02:00;231.240
2014-11-06 16:03:00;233.160
2014-11-06 16:04:00;228.410
2014-11-06 16:05:00;236.890
2014-11-06 16:06:00;227.130
2014-11-06 16:07:00;230.440
2014-11-06 16:08:00;235.840
2014-11-06 16:09:00;233.610
2014-11-06 16:10:00;231.110
2014-11-06 16:11:00;232.590
2014-11-06 16:12:00;223.880
2014-11-06 16:13:00;228.180
2014-11-06 16:14:00;229.430
2014-11-06 16:15:00;224.680
2014-11-06 16:16:00;228.810
2014-11-06 16:17:00;235.670
2014-11-06 16:18:00;229.160
2014-11-06 16:19:00;234.040
2014-11-06 16:20:00;229.580
2014-11-06 16:21:00;231.760
2014-11-06 16:22:00;232.940
2014-11-06 16:23:00;235.440
2014-11-06 16:24:00;230.610
2014-11-06 16:25:00;230.490
2014-11-06 16:26:00;235.490
2014-11-06 16:27:00;230.860
2014-11-06 16:28:00;231.110
2014-11-06 16:29:00;229.840
2014-11-06 16:30:00;230.410
2014-11-06 16:31:00;231.790
2014-11-06 16:32:00;232.010
2014-11-06 16:33:00;224.950
2014-11-06 16:34:00;229.430
2014-11-06 16:35:00;232.590
2014-11-06 16:36:00;234.420
2014-11-06 16:37:00;229.660
2014-11-06 16:38:00;226.410
2014-11-06 16:39:00;230.090
2014-11-06 16:40:00;228.730
2014-11-06 16:41:00;228.310
2014-11-06 16:42:00;229.480
2014-11-06 16:43:00;238.550
2014-11-06 16:44:00;237.170
2014-11-06 16:45:00;230.090
2014-11-06 16:46:00;229.510
2014-11-06 16:47:00;230.060
2014-11-06 16:48:00;233.460
2014-11-06 16:49:00;230.390
2014-11-06 16:50:00;229.410
2014-11-06 16:51:00;227.880
2014-11-06 16:52:00;230.960
2014-11-06 16:53:00;228.760
2014-11-06 16:54:00;235.290
2014-11-06 16:55:00;233.310
2014-11-06 16:56:00;230.090
2014-11-06 16:57:00;227.630
2014-11-06 16:58:00;224.330
2014-11-06 16:59:00;231.260
2014-11-06 17:00:00;231.760
2014-11-06 17:01:00;235.740
2014-11-06 17:02:00;224.530
2014-11-06 17:03:00;229.940
2014-11-06 17:04:00;229.630
2014-11-06 17:05:00;230.190
2014-11-06 17:06:00;233.690
2014-11-06 17:07:00;224.230
2014-11-06 17:08:00;222.150
2014-11-06 17:09:00;228.610
2014-11-06 17:10:00;230.710
2014-11-06 17:11:00;237.320
2014-11-06 17:12:00;231.790
2014-11-06 17:13:00;238.550
2014-11-06 17:14:00;228.610
2014-11-06 17:15:00;234.040
2014-11-06 17:16:00;234.170
2014-11-06 17:17:00;229.030
2014-11-06 17:18:00;228.010
2014-11-06 17:19:00;229.660
2014-11-06 17:20:00;236.240
2014-11-06 17:21:00;231.140
2014-11-06 17:22:00;225.530
2014-11-06 17:23:00;235.040
2014-11-06 17:24:00;229.060
2014-11-06 17:25:00;222.800
2014-11-06 17:26:00;233.160
2014-11-06 17:27:00;231.390
2014-11-06 17:28:00;230.160
2014-11-06 17:29:00;232.960
2014-11-06 17:30:00;235.240
2014-11-06 17:31:00;228.680
2014-11-06 17:32:00;232.210
2014-11-06 17:33:00;229.280
2014-11-06 17:34:00;228.180
2014-11-06 17:35:00;229.630
2014-11-06 17:36:00;233.690
2014-11-06 17:37:00;231.110
2014-11-06 17:38:00;227.510
2014-11-06 17:39:00;230.010
2014-11-06 17:40:00;227.180
2014-11-06 17:41:00;229.110
2014-11-06 17:42:00;227.380
2014-11-06 17:43:00;235.240
2014-11-06 17:44:00;233.990
2014-11-06 17:45:00;229.560
2014-11-06 17:46:00;226.630
2014-11-06 17:47:00;230.610
2014-11-06 17:48:00;234.010
2014-11-06 17:49:00;230.510
2014-11-06 17:50:00;227.360
2014-11-06 17:51:00;225.830
2014-11-06 17:52:00;234.290
2014-11-06 17:53:00;227.880
2014-11-06 17:54:00;234.120
2014-11-06 17:55:00;231.710
2014-11-06 17:56:00;232.710
2014-11-06 17:57:00;226.360
2014-11-06 17:58:00;229.840
2014-11-06 17:59:00;225.610
2014-11-06 18:00:00;227.930
2014-11-06 18:01:00;227.710
2014-11-06 18:02:00;235.390
2014-11-06 18:03:00;227.110
2014-11-06 18:04:00;231.460
2014-11-06 18:05:00;231.940
2014-11-06 18:06:00;226.230
2014-11-06 18:07:00;230.410
2014-11-06 18:08:00;233.790
2014-11-06 18:09:00;223.350
2014-11-06 18:10:00;228.780
2014-11-06 18:11:00;230.690
2014-11-06 18:12:00;231.690
2014-11-06 18:13:00;231.040
2014-11-06 18:14:00;234.470
2014-11-06 18:15:00;223.730
2014-11-06 18:16:00;226.860
2014-11-06 18:17:00;231.810
2014-11-06 18:18:00;230.310
2014-11-06 18:19:00;234.320
2014-11-06 18:20:00;229.660
2014-11-06 18:21:00;228.880
2014-11-06 18:22:00;237.940
2014-11-06 18:23:00;223.980
2014-11-06 18:24:00;230.560
2014-11-06 18:25:00;223.550
2014-11-06 18:26:00;231.860
2014-11-06 18:27:00;224.700
2014-11-06 18:28:00;239.370
2014-11-06 18:29:00;226.680
2014-11-06 18:30:00;230.310
2014-11-06 18:31:00;234.010
2014-11-06 18:32:00;230.560
2014-11-06 18:33:00;230.660
2014-11-06 18:34:00;228.780
2014-11-06 18:35:00;232.390
2014-11-06 18:36:00;228.430
2014-11-06 18:37:00;229.840
2014-11-06 18:38:00;226.330
2014-11-06 18:39:00;230.590
2014-11-06 18:40:00;227.080
2014-11-06 18:41:00;233.710
2014-11-06 18:42:00;232.190
2014-11-06 18:43:00;229.460
2014-11-06 18:44:00;223.600
2014-11-06 18:45:00;230.060
2014-11-06 18:46:00;226.080
2014-11-06 18:47:00;229.410
2014-11-06 18:48:00;232.840
2014-11-06 18:49:00;231.390
2014-11-06 18:50:00;227.680
2014-11-06 18:51:00;236.990
2014-11-06 18:52:00;231.860
2014-11-06 18:53:00;228.630
2014-11-06 18:54:00;230.640
2014-11-06 18:55:00;231.740
2014-11-06 18:56:00;229.210
2014-11-06 18:57:00;225.230
2014-11-06 18:58:00;236.620
2014-11-06 18:59:00;230.340
2014-11-06 19:00:00;236.270
2014-11-06 19:01:00;232.210
2014-11-06 19:02:00;233.590
2014-11-06 19:03:00;231.060
2014-11-06 19:04:00;236.520
2014-11-06 19:05:00;229.790
2014-11-06 19:06:00;232.660
2014-11-06 19:07:00;226.480
2014-11-06 19:08:00;233.640
2014-11-06 19:09:00;230.660
2014-11-06 19:10:00;229.790
2014-11-06 19:11:00;225.730
2014-11-06 19:12:00;229.760
2014-11-06 19:13:00;230.010
2014-11-06 19:14:00;228.880
2014-11-06 19:15:00;230.640
2014-11-06 19:16:00;232.440
2014-11-06 19:17:00;234.490
2014-11-06 19:18:00;227.680
2014-11-06 19:19:00;229.530
2014-11-06 19:20:00;231.910
2014-11-06 19:21:00;235.570
2014-11-06 19:22:00;230.310
2014-11-06 19:23:00;230.060
2014-11-06 19:24:00;225.630
2014-11-06 19:25:00;225.460
2014-11-06 19:26:00;228.960
2014-11-06 19:27:00;230.740
2014-11-06 19:28:00;230.360
2014-11-06 19:29:00;230.840
2014-11-06 19:30:00;232.240
2014-11-06 19:31:00;234.220
2014-11-06 19:32:00;234.170
2014-11-06 19:33:00;234.270
2014-11-06 19:34:00;227.410
2014-11-06 19:35:00;231.310
2014-11-06 19:36:00;232.690
2014-11-06 19:37:00;229.030
2014-11-06 19:38:00;233.390
2014-11-06 19:39:00;227.910
2014-11-06 19:40:00;232.360
2014-11-06 19:41:00;236.920
2014-11-06 19:42:00;232.910
2014-11-06 19:43:00;233.090
2014-11-06 19:44:00;226.730
2014-11-06 19:45:00;227.810
2014-11-06 19:46:00;229.860
2014-11-06 19:47:00;228.230
2014-11-06 19:48:00;228.930
2014-11-06 19:49:00;233.240
2014-11-06 19:50:00;233.660
2014-11-06 19:51:00;229.060
2014-11-06 19:52:00;223.350
2014-11-06 19:53:00;231.110
2014-11-06 19:54:00;234.720
2014-11-06 19:55:00;227.730
2014-11-06 19:56:00;231.460
2014-11-06 19:57:00;229.990
2014-11-06 19:58:00;228.230
2014-11-06 19:59:00;231.510
2014-11-06 20:00:00;231.510
2014-11-06 20:01:00;230.510
2014-11-06 20:02:00;223.050
2014-11-06 20:03:00;227.360
2014-11-06 20:04:00;226.860
2014-11-06 20:05:00;228.260
2014-11-06 20:06:00;237.140
2014-11-06 20:07:00;225.380
2014-11-06 20:08:00;231.240
2014-11-06 20:09:00;226.510
2014-11-06 20:10:00;228.680
2014-11-06 20:11:00;228.880
2014-11-06 20:12:00;231.740
2014-11-06 20:13:00;229.130
2014-11-06 20:14:00;234.090
2014-11-06 20:15:00;228.880
2014-11-06 20:16:00;226.610
2014-11-06 20:17:00;232.310
2014-11-06 20:18:00;230.490
2014-11-06 20:19:00;225.760
2014-11-06 20:20:00;234.140
2014-11-06 20:21:00;228.960
2014-11-06 20:22:00;232.760
2014-11-06 20:23:00;225.930
2014-11-06 20:24:00;230.360
2014-11-06 20:25:00;234.870
2014-11-06 20:26:00;236.240
2014-11-06 20:27:00;223.700
2014-11-06 20:28:00;231.810
2014-11-06 20:29:00;233.960
2014-11-06 20:30:00;230.660
2014-11-06 20:31:00;233.560
2014-11-06 20:32:00;229.210
2014-11-06 20:33:00;230.760
2014-11-06 20:34:00;224.080
2014-11-06 20:35:00;229.630
2014-11-06 20:36:00;232.660
2014-11-06 20:37:00;227.710
2014-11-06 20:38:00;228.430
2014-11-06 20:39:00;233.610
2014-11-06 20:40:00;228.610
2014-11-06 20:41:00;230.840
2014-11-06 20:42:00;221.280
2014-11-06 20:43:00;229.110
2014-11-06 20:44:00;231.790
2014-11-06 20:45:00;231.240
2014-11-06 20:46:00;235.420
2014-11-06 20:47:00;229.910
2014-11-06 20:48:00;230.860
2014-11-06 20:49:00;228.310
2014-11-06 20:50:00;228.130
2014-11-06 20:51:00;230.490
2014-11-06 20:52:00;231.260
2014-11-06 20:53:00;226.560
2014-11-06 20:54:00;231.060
2014-11-06 20:55:00;237.440
2014-11-06 20:56:00;225.630
2014-11-06 20:57:00;227.610
2014-11-06 20:58:00;226.780
2014-11-06 20:59:00;231.590
2014-11-06 21:00:00;231.640
2014-11-06 21:01:00;230.140
2014-11-06 21:02:00;226.230
2014-11-06 21:03:00;230.910
2014-11-06 21:04:00;228.160
2014-11-06 21:05:00;236.990
2014-11-06 21:06:00;227.830
2014-11-06 21:07:00;233.210
2014-11-06 21:08:00;227.880
2014-11-06 21:09:00;225.360
2014-11-06 21:10:00;227.360
2014-11-06 21:11:00;233.390
2014-11-06 21:12:00;230.260
2014-11-06 21:13:00;233.840
2014-11-06 21:14:00;228.530
2014-11-06 21:15:00;227.760
2014-11-06 21:16:00;239.770
2014-11-06 21:17:00;228.610
2014-11-06 21:18:00;229.760
2014-11-06 21:19:00;222.150
2014-11-06 21:20:00;237.840
2014-11-06 21:21:00;234.670
2014-11-06 21:22:00;226.410
2014-11-06 21:23:00;230.110
2014-11-06 21:24:00;226.480
2014-11-06 21:25:00;224.250
2014-11-06 21:26:00;224.150
2014-11-06 21:27:00;230.640
2014-11-06 21:28:00;233.640
2014-11-06 21:29:00;232.610
2014-11-06 21:30:00;227.110
2014-11-06 21:31:00;227.280
2014-11-06 21:32:00;228.780
2014-11-06 21:33:00;236.540
2014-11-06 21:34:00;233.210
2014-11-06 21:35:00;229.080
2014-11-06 21:36:00;227.360
2014-11-06 21:37:00;223.150
2014-11-06 21:38:00;229.210
2014-11-06 21:39:00;228.930
2014-11-06 21:40:00;229.060
2014-11-06 21:41:00;227.310
2014-11-06 21:42:00;237.440
2014-11-06 21:43:00;233.660
2014-11-06 21:44:00;231.640
2014-11-06 21:45:00;232.890
2014-11-06 21:46:00;234.620
2014-11-06 21:47:00;231.460
2014-11-06 21:48:00;231.440
2014-11-06 21:49:00;230.160
2014-11-06 21:50:00;230.110
2014-11-06 21:51:00;231.840
2014-11-06 21:52:00;229.790
2014-11-06 21:53:00;226.830
2014-11-06 21:54:00;233.240
2014-11-06 21:55:00;230.260
2014-11-06 21:56:00;226.880
2014-11-06 21:57:00;226.430
2014-11-06 21:58:00;232.340
2014-11-06 21:59:00;225.680
2014-11-06 22:00:00;224.950
2014-11-06 22:01:00;228.710
2014-11-06 22:02:00;227.060
2014-11-06 22:03:00;231.190
2014-11-06 22:04:00;226.530
2014-11-06 22:05:00;228.960
2014-11-06 22:06:00;224.050
2014-11-06 22:07:00;225.760
2014-11-06 22:08:00;225.710
2014-11-06 22:09:00;233.360
2014-11-06 22:10:00;228.930
2014-11-06 22:11:00;233.710
2014-11-06 22:12:00;224.680
2014-11-06 22:13:00;228.830
2014-11-06 22:14:00;231.090
2014-11-06 22:15:00;232.040
2014-11-06 22:16:00;221.930
2014-11-06 22:17:00;233.440
2014-11-06 22:18:00;230.960
2014-11-06 22:19:00;225.460
2014-11-06 22:20:00;236.790
2014-11-06 22:21:00;225.760
2014-11-06 22:22:00;229.740
2014-11-06 22:23:00;226.830
2014-11-06 22:24:00;226.560
2014-11-06 22:25:00;230.710
2014-11-06 22:26:00;228.710
2014-11-06 22:27:00;232.140
2014-11-06 22:28:00;232.810
2014-11-06 22:29:00;236.640
2014-11-06 22:30:00;231.360
2014-11-06 22:31:00;228.110
2014-11-06 22:32:00;235.040
2014-11-06 22:33:00;232.490
2014-11-06 22:34:00;234.140
2014-11-06 22:35:00;234.490
2014-11-06 22:36:00;230.290
2014-11-06 22:37:00;232.460
2014-11-06 22:38:00;234.240
2014-11-06 22:39:00;227.210
2014-11-06 22:40:00;229.710
2014-11-06 22:41:00;228.980
2014-11-06 22:42:00;229.460
2014-11-06 22:43:00;236.540
2014-11-06 22:44:00;228.230
2014-11-06 22:45:00;230.290
2014-11-06 22:46:00;232.340
2014-11-06 22:47:00;229.130
2014-11-06 22:48:00;231.710
2014-11-06 22:49:00;232.160
2014-11-06 22:50:00;228.510
2014-11-06 22:51:00;223.850
2014-11-06 22:52:00;231.710
2014-11-06 22:53:00;230.910
2014-11-06 22:54:00;228.530
2014-11-06 22:55:00;230.360
2014-11-06 22:56:00;233.990
2014-11-06 22:57:00;230.960
2014-11-06 22:58:00;225.230
2014-11-06 22:59:00;235.670
2014-11-06 23:00:00;226.860
2014-11-06 23:01:00;233.360
2014-11-06 23:02:00;229.010
2014-11-06 23:03:00;232.010
2014-11-06 23:04:00;232.490
2014-11-06 23:05:00;233.090
2014-11-06 23:06:00;230.490
2014-11-06 23:07:00;232.990
2014-11-06 23:08:00;228.730
2014-11-06 23:09:00;236.840
2014-11-06 23:10:00;230.490
2014-11-06 23:11:00;235.240
2014-11-06 23:12:00;230.540
2014-11-06 23:13:00;230.590
2014-11-06 23:14:00;229.610
2014-11-06 23:15:00;227.410
2014-11-06 23:16:00;234.820
2014-11-06 23:17:00;227.530
2014-11-06 23:18:00;231.990
2014-11-06 23:19:00;229.860
2014-11-06 23:20:00;232.610
2014-11-06 23:21:00;235.920
2014-11-06 23:22:00;234.540
2014-11-06 23:23:00;236.070
2014-11-06 23:24:00;228.960
2014-11-06 23:25:00;235.720
2014-11-06 23:26:00;222.880
2014-11-06 23:27:00;228.510
2014-11-06 23:28:00;234.370
2014-11-06 23:29:00;233.510
2014-11-06 23:30:00;229.860
2014-11-06 23:31:00;230.660
2014-11-06 23:32:00;232.360
2014-11-06 23:33:00;228.980
2014-11-06 23:34:00;232.510
2014-11-06 23:35:00;235.440
2014-11-06 23:36:00;228.360
2014-11-06 23:37:00;234.040
2014-11-06 23:38:00;234.010
2014-11-06 23:39:00;232.340
2014-11-06 23:40:00;227.480
2014-11-06 23:41:00;235.520
2014-11-06 23:42:00;229.030
2014-11-06 23:43:00;228.460
2014-11-06 23:44:00;228.610
2014-11-06 23:45:00;227.910
2014-11-06 23:46:00;224.880
2014-11-06 23:47:00;227.810
2014-11-06 23:48:00;226.930
2014-11-06 23:49:00;225.260
2014-11-06 23:50:00;233.690
2014-11-06 23:51:00;229.280
2014-11-06 23:52:00;226.910
2014-11-06 23:53:00;227.910
2014-11-06 23:54:00;232.840
2014-11-06 23:55:00;231.690
2014-11-06 23:56:00;228.480
2014-11-06 23:57:00;229.530
2014-11-06 23:58:00;238.290
2014-11-06 23:59:00;231.990
2014-11-07 00:00:00;226.810
2014-11-07 00:01:00;232.360
2014-11-07 00:02:00;228.080
2014-11-07 00:03:00;233.310
2014-11-07 00:04:00;223.650
2014-11-07 00:05:00;226.030
2014-11-07 00:06:00;231.060
2014-11-07 00:07:00;237.190
2014-11-07 00:08:00;226.080
2014-11-07 00:09:00;235.140
2014-11-07 00:10:00;227.510
2014-11-07 00:11:00;233.540
2014-11-07 00:12:00;234.420
2014-11-07 00:13:00;234.010
2014-11-07 00:14:00;234.790
2014-11-07 00:15:00;223.080
2014-11-07 00:16:00;233.440
2014-11-07 00:17:00;232.740
2014-11-07 00:18:00;233.560
2014-11-07 00:19:00;228.810
2014-11-07 00:20:00;234.010
2014-11-07 00:21:00;232.740
2014-11-07 00:22:00;233.540
2014-11-07 00:23:00;232.190
2014-11-07 00:24:00;228.910
2014-11-07 00:25:00;235.920
2014-11-07 00:26:00;227.210
2014-11-07 00:27:00;236.690
2014-11-07 00:28:00;227.710
2014-11-07 00:29:00;226.280
2014-11-07 00:30:00;225.980
2014-11-07 00:31:00;232.440
2014-11-07 00:32:00;232.640
2014-11-07 00:33:00;227.610
2014-11-07 00:34:00;230.460
2014-11-07 00:35:00;229.460
2014-11-07 00:36:00;228.230
2014-11-07 00:37:00;231.010
2014-11-07 00:38:00;231.710
2014-11-07 00:39:00;229.180
2014-11-07 00:40:00;235.790
2014-11-07 00:41:00;228.780
2014-11-07 00:42:00;228.530
2014-11-07 00:43:00;232.660
2014-11-07 00:44:00;230.540
2014-11-07 00:45:00;234.720
2014-11-07 00:46:00;228.280
2014-11-07 00:47:00;226.930
2014-11-07 00:48:00;231.460
2014-11-07 00:49:00;231.790
2014-11-07 00:50:00;229.460
2014-11-07 00:51:00;227.310
2014-11-07 00:52:00;231.190
2014-11-07 00:53:00;225.460
2014-11-07 00:54:00;220.570
2014-11-07 00:55:00;230.890
2014-11-07 00:56:00;232.960
2014-11-07 00:57:00;223.400
2014-11-07 00:58:00;231.160
2014-11-07 00:59:00;230.540
2014-11-07 01:00:00;232.860
2014-11-07 01:01:00;231.010
2014-11-07 01:02:00;235.170
2014-11-07 01:03:00;236.170
2014-11-07 01:04:00;232.540
2014-11-07 01:05:00;229.460
2014-11-07 01:06:00;235.970
2014-11-07 01:07:00;230.260
2014-11-07 01:08:00;234.390
2014-11-07 01:09:00;232.340
2014-11-07 01:10:00;228.430
2014-11-07 01:11:00;228.810
2014-11-07 01:12:00;225.930
2014-11-07 01:13:00;229.960
2014-11-07 01:14:00;232.710
2014-11-07 01:15:00;230.860
2014-11-07 01:16:00;236.940
2014-11-07 01:17:00;232.990
2014-11-07 01:18:00;227.880
2014-11-07 01:19:00;230.760
2014-11-07 01:20:00;230.390
2014-11-07 01:21:00;227.380
2014-11-07 01:22:00;232.790
2014-11-07 01:23:00;226.130
2014-11-07 01:24:00;238.140
2014-11-07 01:25:00;228.980
2014-11-07 01:26:00;233.560
2014-11-07 01:27:00;232.940
2014-11-07 01:28:00;232.690
2014-11-07 01:29:00;232.210
2014-11-07 01:30:00;227.360
2014-11-07 01:31:00;231.310
2014-11-07 01:32:00;236.090
2014-11-07 01:33:00;227.160
2014-11-07 01:34:00;227.610
2014-11-07 01:35:00;230.890
2014-11-07 01:36:00;231.960
2014-11-07 01:37:00;237.690
2014-11-07 01:38:00;232.710
2014-11-07 01:39:00;228.030
2014-11-07 01:40:00;228.610
2014-11-07 01:41:00;228.680
2014-11-07 01:42:00;233.260
2014-11-07 01:43:00;234.190
2014-11-07 01:44:00;232.440
2014-11-07 01:45:00;237.270
2014-11-07 01:46:00;229.410
2014-11-07 01:47:00;234.540
2014-11-07 01:48:00;227.730
2014-11-07 01:49:00;233.010
2014-11-07 01:50:00;234.990
2014-11-07 01:51:00;230.740
2014-11-07 01:52:00;231.010
2014-11-07 01:53:00;233.140
2014-11-07 01:54:00;236.290
2014-11-07 01:55:00;228.860
2014-11-07 01:56:00;234.140
2014-11-07 01:57:00;232.590
2014-11-07 01:58:00;230.890
2014-11-07 01:59:00;234.690
2014-11-07 02:00:00;235.920
2014-11-07 02:01:00;230.610
2014-11-07 02:02:00;230.940
2014-11-07 02:03:00;231.710
2014-11-07 02:04:00;233.560
2014-11-07 02:05:00;233.140
2014-11-07 02:06:00;224.900
2014-11-07 02:07:00;231.840
2014-11-07 02:08:00;235.990
2014-11-07 02:09:00;235.570
2014-11-07 02:10:00;224.530
2014-11-07 02:11:00;232.190
2014-11-07 02:12:00;229.560
2014-11-07 02:13:00;228.780
2014-11-07 02:14:00;232.040
2014-11-07 02:15:00;234.790
2014-11-07 02:16:00;233.190
2014-11-07 02:17:00;233.490
2014-11-07 02:18:00;227.830
2014-11-07 02:19:00;231.190
2014-11-07 02:20:00;230.640
2014-11-07 02:21:00;236.940
2014-11-07 02:22:00;238.090
2014-11-07 02:23:00;237.390
2014-11-07 02:24:00;232.540
2014-11-07 02:25:00;233.010
2014-11-07 02:26:00;228.230
2014-11-07 02:27:00;237.270
2014-11-07 02:28:00;231.290
2014-11-07 02:29:00;229.330
2014-11-07 02:30:00;227.960
2014-11-07 02:31:00;231.560
2014-11-07 02:32:00;235.370
2014-11-07 02:33:00;229.460
2014-11-07 02:34:00;226.080
2014-11-07 02:35:00;234.990
2014-11-07 02:36:00;228.530
2014-11-07 02:37:00;228.280
2014-11-07 02:38:00;232.390
2014-11-07 02:39:00;228.530
2014-11-07 02:40:00;229.380
2014-11-07 02:41:00;230.760
2014-11-07 02:42:00;231.760
2014-11-07 02:43:00;232.190
2014-11-07 02:44:00;226.180
2014-11-07 02:45:00;240.200
2014-11-07 02:46:00;230.810
2014-11-07 02:47:00;231.990
2014-11-07 02:48:00;235.740
2014-11-07 02:49:00;232.360
2014-11-07 02:50:00;235.240
2014-11-07 02:51:00;232.760
2014-11-07 02:52:00;237.090
2014-11-07 02:53:00;231.640
2014-11-07 02:54:00;229.710
2014-11-07 02:55:00;225.380
2014-11-07 02:56:00;230.740
2014-11-07 02:57:00;236.120
2014-11-07 02:58:00;240.870
2014-11-07 02:59:00;229.560
2014-11-07 03:00:00;237.220
2014-11-07 03:01:00;231.840
2014-11-07 03:02:00;233.760
2014-11-07 03:03:00;231.090
2014-11-07 03:04:00;231.390
2014-11-07 03:05:00;231.640
2014-11-07 03:06:00;233.440
2014-11-07 03:07:00;241.300
2014-11-07 03:08:00;234.640
2014-11-07 03:09:00;230.440
2014-11-07 03:10:00;234.970
2014-11-07 03:11:00;229.840
2014-11-07 03:12:00;232.890
2014-11-07 03:13:00;226.710
2014-11-07 03:14:00;234.290
2014-11-07 03:15:00;235.840
2014-11-07 03:16:00;236.590
2014-11-07 03:17:00;235.940
2014-11-07 03:18:00;232.610
2014-11-07 03:19:00;232.610
2014-11-07 03:20:00;233.010
2014-11-07 03:21:00;226.980
2014-11-07 03:22:00;229.210
2014-11-07 03:23:00;229.910
2014-11-07 03:24:00;229.890
2014-11-07 03:25:00;232.960
2014-11-07 03:26:00;232.560
2014-11-07 03:27:00;231.590
2014-11-07 03:28:00;233.610
2014-11-07 03:29:00;234.140
2014-11-07 03:30:00;231.060
2014-11-07 03:31:00;234.940
2014-11-07 03:32:00;228.260
2014-11-07 03:33:00;229.610
2014-11-07 03:34:00;231.910
2014-11-07 03:35:00;237.090
2014-11-07 03:36:00;228.630
2014-11-07 03:37:00;236.790
2014-11-07 03:38:00;233.690
2014-11-07 03:39:00;232.740
2014-11-07 03:40:00;231.890
2014-11-07 03:41:00;232.810
2014-11-07 03:42:00;235.070
2014-11-07 03:43:00;239.120
2014-11-07 03:44:00;231.860
2014-11-07 03:45:00;235.620
2014-11-07 03:46:00;235.690
2014-11-07 03:47:00;227.780
2014-11-07 03:48:00;234.890
2014-11-07 03:49:00;226.560
2014-11-07 03:50:00;235.570
2014-11-07 03:51:00;232.910
2014-11-07 03:52:00;236.220
2014-11-07 03:53:00;229.560
2014-11-07 03:54:00;234.040
2014-11-07 03:55:00;231.590
2014-11-07 03:56:00;225.430
2014-11-07 03:57:00;232.060
2014-11-07 03:58:00;234.720
2014-11-07 03:59:00;235.840
2014-11-07 04:00:00;235.770
2014-11-07 04:01:00;229.380
2014-11-07 04:02:00;235.190
2014-11-07 04:03:00;228.780
2014-11-07 04:04:00;233.410
2014-11-07 04:05:00;233.590
2014-11-07 04:06:00;231.410
2014-11-07 04:07:00;232.690
2014-11-07 04:08:00;234.240
2014-11-07 04:09:00;235.990
2014-11-07 04:10:00;236.490
2014-11-07 04:11:00;231.310
2014-11-07 04:12:00;232.510
2014-11-07 04:13:00;238.370
2014-11-07 04:14:00;237.640
2014-11-07 04:15:00;232.490
2014-11-07 04:16:00;235.440
2014-11-07 04:17:00;234.740
2014-11-07 04:18:00;227.030
2014-11-07 04:19:00;241.370
2014-11-07 04:20:00;230.610
2014-11-07 04:21:00;236.390
2014-11-07 04:22:00;234.010
2014-11-07 04:23:00;228.780
2014-11-07 04:24:00;230.390
2014-11-07 04:25:00;231.710
2014-11-07 04:26:00;229.430
2014-11-07 04:27:00;233.540
2014-11-07 04:28:00;233.590
2014-11-07 04:29:00;225.150
2014-11-07 04:30:00;231.960
2014-11-07 04:31:00;231.390
2014-11-07 04:32:00;241.970
2014-11-07 04:33:00;235.570
2014-11-07 04:34:00;232.790
2014-11-07 04:35:00;230.040
2014-11-07 04:36:00;229.080
2014-11-07 04:37:00;233.860
2014-11-07 04:38:00;233.410
2014-11-07 04:39:00;232.860
2014-11-07 04:40:00;233.340
2014-11-07 04:41:00;236.840
2014-11-07 04:42:00;230.160
2014-11-07 04:43:00;233.790
2014-11-07 04:44:00;233.990
2014-11-07 04:45:00;233.040
2014-11-07 04:46:00;233.240
2014-11-07 04:47:00;232.060
2014-11-07 04:48:00;238.120
2014-11-07 04:49:00;232.290
2014-11-07 04:50:00;235.370
2014-11-07 04:51:00;235.590
2014-11-07 04:52:00;234.640
2014-11-07 04:53:00;237.220
2014-11-07 04:54:00;231.590
2014-11-07 04:55:00;234.390
2014-11-07 04:56:00;238.870
2014-11-07 04:57:00;226.160
2014-11-07 04:58:00;235.720
2014-11-07 04:59:00;232.710
2014-11-07 05:00:00;229.010
2014-11-07 05:01:00;236.690
2014-11-07 05:02:00;236.570
2014-11-07 05:03:00;233.060
2014-11-07 05:04:00;236.240
2014-11-07 05:05:00;235.870
2014-11-07 05:06:00;233.640
2014-11-07 05:07:00;233.160
2014-11-07 05:08:00;237.140
2014-11-07 05:09:00;233.190
2014-11-07 05:10:00;232.340
2014-11-07 05:11:00;231.960
2014-11-07 05:12:00;229.080
2014-11-07 05:13:00;233.010
2014-11-07 05:14:00;236.440
2014-11-07 05:15:00;233.760
2014-11-07 05:16:00;227.410
2014-11-07 05:17:00;235.740
2014-11-07 05:18:00;232.940
2014-11-07 05:19:00;236.670
2014-11-07 05:20:00;234.010
2014-11-07 05:21:00;238.090
2014-11-07 05:22:00;231.910
2014-11-07 05:23:00;233.140
2014-11-07 05:24:00;233.910
2014-11-07 05:25:00;227.760
2014-11-07 05:26:00;235.990
2014-11-07 05:27:00;229.960
2014-11-07 05:28:00;236.420
2014-11-07 05:29:00;229.810
2014-11-07 05:30:00;239.370
2014-11-07 05:31:00;235.320
2014-11-07 05:32:00;234.170
2014-11-07 05:33:00;237.690
2014-11-07 05:34:00;242.400
2014-11-07 05:35:00;233.910
2014-11-07 05:36:00;235.090
2014-11-07 05:37:00;235.290
2014-11-07 05:38:00;236.570
2014-11-07 05:39:00;237.340
2014-11-07 05:40:00;233.940
2014-11-07 05:41:00;232.760
2014-11-07 05:42:00;237.820
2014-11-07 05:43:00;236.640
2014-11-07 05:44:00;233.510
2014-11-07 05:45:00;233.290
2014-11-07 05:46:00;233.460
2014-11-07 05:47:00;233.260
2014-11-07 05:48:00;230.960
2014-11-07 05:49:00;230.060
2014-11-07 05:50:00;233.290
2014-11-07 05:51:00;233.010
2014-11-07 05:52:00;231.690
2014-11-07 05:53:00;233.340
2014-11-07 05:54:00;232.660
2014-11-07 05:55:00;235.870
2014-11-07 05:56:00;232.590
2014-11-07 05:57:00;234.370
2014-11-07 05:58:00;227.060
2014-11-07 05:59:00;224.730
2014-11-07 06:00:00;234.990
2014-11-07 06:01:00;229.380
2014-11-07 06:02:00;231.510
2014-11-07 06:03:00;233.990
2014-11-07 06:04:00;232.660
2014-11-07 06:05:00;232.010
2014-11-07 06:06:00;231.290
2014-11-07 06:07:00;231.260
2014-11-07 06:08:00;231.690
2014-11-07 06:09:00;233.160
2014-11-07 06:10:00;234.090
2014-11-07 06:11:00;235.370
2014-11-07 06:12:00;234.820
2014-11-07 06:13:00;236.470
2014-11-07 06:14:00;227.610
2014-11-07 06:15:00;237.770
2014-11-07 06:16:00;231.010
2014-11-07 06:17:00;229.330
2014-11-07 06:18:00;237.370
2014-11-07 06:19:00;236.490
2014-11-07 06:20:00;234.540
2014-11-07 06:21:00;238.820
2014-11-07 06:22:00;236.670
2014-11-07 06:23:00;233.140
2014-11-07 06:24:00;233.240
2014-11-07 06:25:00;236.090
2014-11-07 06:26:00;232.810
2014-11-07 06:27:00;235.320
2014-11-07 06:28:00;233.710
2014-11-07 06:29:00;233.710
2014-11-07 06:30:00;239.170
2014-11-07 06:31:00;235.940
2014-11-07 06:32:00;239.400
2014-11-07 06:33:00;232.660
2014-11-07 06:34:00;229.990
2014-11-07 06:35:00;236.990
2014-11-07 06:36:00;238.120
2014-11-07 06:37:00;232.610
2014-11-07 06:38:00;232.790
2014-11-07 06:39:00;231.510
2014-11-07 06:40:00;236.770
2014-11-07 06:41:00;233.840
2014-11-07 06:42:00;239.500
2014-11-07 06:43:00;230.740
2014-11-07 06:44:00;237.970
2014-11-07 06:45:00;236.420
2014-11-07 06:46:00;230.540
2014-11-07 06:47:00;232.940
2014-11-07 06:48:00;239.770
2014-11-07 06:49:00;236.190
2014-11-07 06:50:00;236.470
2014-11-07 06:51:00;236.890
2014-11-07 06:52:00;231.840
2014-11-07 06:53:00;232.110
2014-11-07 06:54:00;232.040
2014-11-07 06:55:00;237.220
2014-11-07 06:56:00;233.060
2014-11-07 06:57:00;231.640
2014-11-07 06:58:00;235.340
2014-11-07 06:59:00;233.960
2014-11-07 07:00:00;235.190
2014-11-07 07:01:00;232.660
2014-11-07 07:02:00;231.510
2014-11-07 07:03:00;236.490
2014-11-07 07:04:00;234.790
2014-11-07 07:05:00;231.340
2014-11-07 07:06:00;234.840
2014-11-07 07:07:00;237.520
2014-11-07 07:08:00;240.670
2014-11-07 07:09:00;239.550
2014-11-07 07:10:00;233.360
2014-11-07 07:11:00;234.670
2014-11-07 07:12:00;225.610
2014-11-07 07:13:00;230.110
2014-11-07 07:14:00;235.470
2014-11-07 07:15:00;235.340
2014-11-07 07:16:00;236.770
2014-11-07 07:17:00;230.790
2014-11-07 07:18:00;234.390
2014-11-07 07:19:00;237.790
2014-11-07 07:20:00;229.860
2014-11-07 07:21:00;227.730
2014-11-07 07:22:00;236.670
2014-11-07 07:23:00;233.810
2014-11-07 07:24:00;234.970
2014-11-07 07:25:00;235.020
2014-11-07 07:26:00;240.200
2014-11-07 07:27:00;234.470
2014-11-07 07:28:00;232.260
2014-11-07 07:29:00;233.210
2014-11-07 07:30:00;232.560
2014-11-07 07:31:00;238.140
2014-11-07 07:32:00;231.790
2014-11-07 07:33:00;236.490
2014-11-07 07:34:00;235.290
2014-11-07 07:35:00;235.470
2014-11-07 07:36:00;233.840
2014-11-07 07:37:00;237.890
2014-11-07 07:38:00;238.520
2014-11-07 07:39:00;228.110
2014-11-07 07:40:00;232.740
2014-11-07 07:41:00;232.260
2014-11-07 07:42:00;230.940
2014-11-07 07:43:00;235.520
2014-11-07 07:44:00;232.610
2014-11-07 07:45:00;234.470
2014-11-07 07:46:00;237.040
2014-11-07 07:47:00;235.990
2014-11-07 07:48:00;229.160
2014-11-07 07:49:00;230.460
2014-11-07 07:50:00;236.770
2014-11-07 07:51:00;238.020
2014-11-07 07:52:00;231.860
2014-11-07 07:53:00;239.170
2014-11-07 07:54:00;231.860
2014-11-07 07:55:00;238.040
2014-11-07 07:56:00;233.160
2014-11-07 07:57:00;235.170
2014-11-07 07:58:00;231.360
2014-11-07 07:59:00;234.970
2014-11-07 08:00:00;230.190
2014-11-07 08:01:00;236.840
2014-11-07 08:02:00;233.040
2014-11-07 08:03:00;231.340
2014-11-07 08:04:00;238.170
2014-11-07 08:05:00;234.740
2014-11-07 08:06:00;233.140
2014-11-07 08:07:00;241.300
2014-11-07 08:08:00;230.410
2014-11-07 08:09:00;231.960
2014-11-07 08:10:00;236.040
2014-11-07 08:11:00;235.690
2014-11-07 08:12:00;232.210
2014-11-07 08:13:00;236.440
2014-11-07 08:14:00;239.170
2014-11-07 08:15:00;237.940
2014-11-07 08:16:00;234.490
2014-11-07 08:17:00;243.300
2014-11-07 08:18:00;237.690
2014-11-07 08:19:00;230.240
2014-11-07 08:20:00;233.290
2014-11-07 08:21:00;234.440
2014-11-07 08:22:00;236.670
2014-11-07 08:23:00;233.960
2014-11-07 08:24:00;235.240
2014-11-07 08:25:00;233.810
2014-11-07 08:26:00;235.290
2014-11-07 08:27:00;233.590
2014-11-07 08:28:00;233.840
2014-11-07 08:29:00;240.020
2014-11-07 08:30:00;231.340
2014-11-07 08:31:00;229.690
2014-11-07 08:32:00;232.860
2014-11-07 08:33:00;238.070
2014-11-07 08:34:00;238.290
2014-11-07 08:35:00;234.570
2014-11-07 08:36:00;230.190
2014-11-07 08:37:00;233.360
2014-11-07 08:38:00;239.170
2014-11-07 08:39:00;234.090
2014-11-07 08:40:00;239.850
2014-11-07 08:41:00;236.120
2014-11-07 08:42:00;233.310
2014-11-07 08:43:00;241.300
2014-11-07 08:44:00;233.440
2014-11-07 08:45:00;229.060
2014-11-07 08:46:00;232.510
2014-11-07 08:47:00;231.790
2014-11-07 08:48:00;235.470
2014-11-07 08:49:00;239.000
2014-11-07 08:50:00;237.820
2014-11-07 08:51:00;235.040
2014-11-07 08:52:00;231.410
2014-11-07 08:53:00;235.070
2014-11-07 08:54:00;239.620
2014-11-07 08:55:00;231.160
2014-11-07 08:56:00;232.340
2014-11-07 08:57:00;236.070
2014-11-07 08:58:00;241.820
2014-11-07 08:59:00;226.680
2014-11-07 09:00:00;246.400
2014-11-07 09:01:00;232.990
2014-11-07 09:02:00;234.840
2014-11-07 09:03:00;235.970
2014-11-07 09:04:00;234.840
2014-11-07 09:05:00;237.370
2014-11-07 09:06:00;237.620
2014-11-07 09:07:00;238.420
2014-11-07 09:08:00;234.540
2014-11-07 09:09:00;231.660
2014-11-07 09:10:00;236.670
2014-11-07 09:11:00;228.060
2014-11-07 09:12:00;235.290
2014-11-07 09:13:00;237.790
2014-11-07 09:14:00;232.810
2014-11-07 09:15:00;237.020
2014-11-07 09:16:00;226.410
2014-11-07 09:17:00;229.860
2014-11-07 09:18:00;237.270
2014-11-07 09:19:00;232.560
2014-11-07 09:20:00;233.710
2014-11-07 09:21:00;233.910
2014-11-07 09:22:00;233.540
2014-11-07 09:23:00;236.470
2014-11-07 09:24:00;226.110
2014-11-07 09:25:00;239.900
2014-11-07 09:26:00;237.740
2014-11-07 09:27:00;236.440
2014-11-07 09:28:00;238.970
2014-11-07 09:29:00;235.690
2014-11-07 09:30:00;234.040
2014-11-07 09:31:00;232.590
2014-11-07 09:32:00;232.760
2014-11-07 09:33:00;240.120
2014-11-07 09:34:00;236.240
2014-11-07 09:35:00;227.210
2014-11-07 09:36:00;237.670
2014-11-07 09:37:00;232.810
2014-11-07 09:38:00;236.370
2014-11-07 09:39:00;231.410
2014-11-07 09:40:00;238.550
2014-11-07 09:41:00;237.240
2014-11-07 09:42:00;234.240
2014-11-07 09:43:00;233.360
2014-11-07 09:44:00;235.540
2014-11-07 09:45:00;225.460
2014-11-07 09:46:00;234.340
2014-11-07 09:47:00;228.030
2014-11-07 09:48:00;231.960
2014-11-07 09:49:00;229.210
2014-11-07 09:50:00;225.260
2014-11-07 09:51:00;237.370
2014-11-07 09:52:00;235.290
2014-11-07 09:53:00;234.120
2014-11-07 09:54:00;230.010
2014-11-07 09:55:00;231.410
2014-11-07 09:56:00;238.290
2014-11-07 09:57:00;228.880
2014-11-07 09:58:00;232.040
2014-11-07 09:59:00;236.920
2014-11-07 10:00:00;234.970
2014-11-07 10:01:00;233.810
2014-11-07 10:02:00;233.160
2014-11-07 10:03:00;235.220
2014-11-07 10:04:00;230.840
2014-11-07 10:05:00;237.720
2014-11-07 10:06:00;240.470
2014-11-07 10:07:00;240.220
2014-11-07 10:08:00;237.670
2014-11-07 10:09:00;235.590
2014-11-07 10:10:00;235.570
2014-11-07 10:11:00;238.390
2014-11-07 10:12:00;236.320
2014-11-07 10:13:00;228.430
2014-11-07 10:14:00;238.270
2014-11-07 10:15:00;238.550
2014-11-07 10:16:00;232.840
2014-11-07 10:17:00;223.830
2014-11-07 10:18:00;231.490
2014-11-07 10:19:00;235.140
2014-11-07 10:20:00;231.340
2014-11-07 10:21:00;228.660
2014-11-07 10:22:00;239.670
2014-11-07 10:23:00;234.620
2014-11-07 10:24:00;231.310
2014-11-07 10:25:00;230.990
2014-11-07 10:26:00;228.430
2014-11-07 10:27:00;234.890
2014-11-07 10:28:00;233.890
2014-11-07 10:29:00;234.060
2014-11-07 10:30:00;245.550
2014-11-07 10:31:00;235.520
2014-11-07 10:32:00;231.190
2014-11-07 10:33:00;235.020
2014-11-07 10:34:00;233.210
2014-11-07 10:35:00;235.820
2014-11-07 10:36:00;231.160
2014-11-07 10:37:00;233.390
2014-11-07 10:38:00;232.760
2014-11-07 10:39:00;237.090
2014-11-07 10:40:00;227.510
2014-11-07 10:41:00;221.200
2014-11-07 10:42:00;237.690
2014-11-07 10:43:00;233.060
2014-11-07 10:44:00;235.840
2014-11-07 10:45:00;233.610
2014-11-07 10:46:00;238.550
2014-11-07 10:47:00;232.660
2014-11-07 10:48:00;226.930
2014-11-07 10:49:00;236.970
2014-11-07 10:50:00;231.940
2014-11-07 10:51:00;234.620
2014-11-07 10:52:00;240.200
2014-11-07 10:53:00;230.290
2014-11-07 10:54:00;233.240
2014-11-07 10:55:00;230.340
2014-11-07 10:56:00;238.120
2014-11-07 10:57:00;232.740
2014-11-07 10:58:00;231.910
2014-11-07 10:59:00;227.730
2014-11-07 11:00:00;234.620
2014-11-07 11:01:00;235.070
2014-11-07 11:02:00;233.710
2014-11-07 11:03:00;234.740
2014-11-07 11:04:00;234.120
2014-11-07 11:05:00;233.140
2014-11-07 11:06:00;238.720
2014-11-07 11:07:00;235.240
2014-11-07 11:08:00;235.640
2014-11-07 11:09:00;235.620
2014-11-07 11:10:00;239.170
2014-11-07 11:11:00;236.190
2014-11-07 11:12:00;231.460
2014-11-07 11:13:00;238.120
2014-11-07 11:14:00;238.970
2014-11-07 11:15:00;234.010
2014-11-07 11:16:00;232.940
2014-11-07 11:17:00;232.540
2014-11-07 11:18:00;234.670
2014-11-07 11:19:00;238.900
2014-11-07 11:20:00;234.470
2014-11-07 11:21:00;233.160
2014-11-07 11:22:00;235.920
2014-11-07 11:23:00;236.690
2014-11-07 11:24:00;232.640
2014-11-07 11:25:00;235.170
2014-11-07 11:26:00;240.820
2014-11-07 11:27:00;236.020
2014-11-07 11:28:00;231.390
2014-11-07 11:29:00;234.040
2014-11-07 11:30:00;226.660
2014-11-07 11:31:00;229.180
2014-11-07 11:32:00;234.790
2014-11-07 11:33:00;234.440
2014-11-07 11:34:00;237.920
2014-11-07 11:35:00;235.570
2014-11-07 11:36:00;228.710
2014-11-07 11:37:00;234.270
2014-11-07 11:38:00;230.310
2014-11-07 11:39:00;232.410
2014-11-07 11:40:00;234.520
2014-11-07 11:41:00;236.770
2014-11-07 11:42:00;234.770
2014-11-07 11:43:00;234.890
2014-11-07 11:44:00;231.990
2014-11-07 11:45:00;231.510
2014-11-07 11:46:00;228.430
2014-11-07 11:47:00;234.690
2014-11-07 11:48:00;238.390
2014-11-07 11:49:00;237.620
2014-11-07 11:50:00;235.690
2014-11-07 11:51:00;233.060
2014-11-07 11:52:00;232.290
2014-11-07 11:53:00;234.920
2014-11-07 11:54:00;237.270
2014-11-07 11:55:00;229.030
2014-11-07 11:56:00;233.290
2014-11-07 11:57:00;233.240
2014-11-07 11:58:00;234.420
2014-11-07 11:59:00;232.940
2014-11-07 12:00:00;235.920
2014-11-07 12:01:00;238.090
2014-11-07 12:02:00;229.230
2014-11-07 12:03:00;226.010
2014-11-07 12:04:00;230.940
2014-11-07 12:05:00;234.170
2014-11-07 12:06:00;237.520
2014-11-07 12:07:00;229.960
2014-11-07 12:08:00;232.360
2014-11-07 12:09:00;237.190
2014-11-07 12:10:00;239.400
2014-11-07 12:11:00;236.620
2014-11-07 12:12:00;233.240
2014-11-07 12:13:00;238.240
2014-11-07 12:14:00;236.620
2014-11-07 12:15:00;236.840
2014-11-07 12:16:00;234.190
2014-11-07 12:17:00;236.420
2014-11-07 12:18:00;235.290
2014-11-07 12:19:00;235.790
2014-11-07 12:20:00;231.960
2014-11-07 12:21:00;233.240
2014-11-07 12:22:00;233.140
2014-11-07 12:23:00;233.140
2014-11-07 12:24:00;235.640
2014-11-07 12:25:00;231.090
2014-11-07 12:26:00;233.860
2014-11-07 12:27:00;233.040
2014-11-07 12:28:00;235.470
2014-11-07 12:29:00;233.540
2014-11-07 12:30:00;229.660
2014-11-07 12:31:00;233.340
2014-11-07 12:32:00;232.840
2014-11-07 12:33:00;232.490
2014-11-07 12:34:00;232.690
2014-11-07 12:35:00;230.040
2014-11-07 12:36:00;234.090
2014-11-07 12:37:00;237.320
2014-11-07 12:38:00;240.120
2014-11-07 12:39:00;231.710
2014-11-07 12:40:00;235.870
2014-11-07 12:41:00;229.530
2014-11-07 12:42:00;234.090
2014-11-07 12:43:00;231.610
2014-11-07 12:44:00;238.700
2014-11-07 12:45:00;231.740
2014-11-07 12:46:00;236.020
2014-11-07 12:47:00;233.910
2014-11-07 12:48:00;232.610
2014-11-07 12:49:00;236.640
2014-11-07 12:50:00;229.410
2014-11-07 12:51:00;233.840
2014-11-07 12:52:00;230.540
2014-11-07 12:53:00;235.670
2014-11-07 12:54:00;234.670
2014-11-07 12:55:00;233.360
2014-11-07 12:56:00;230.390
2014-11-07 12:57:00;234.590
2014-11-07 12:58:00;231.690
2014-11-07 12:59:00;226.630
2014-11-07 13:00:00;232.140
2014-11-07 13:01:00;232.510
2014-11-07 13:02:00;229.280
2014-11-07 13:03:00;237.240
2014-11-07 13:04:00;225.180
2014-11-07 13:05:00;227.380
2014-11-07 13:06:00;231.810
2014-11-07 13:07:00;228.310
2014-11-07 13:08:00;230.390
2014-11-07 13:09:00;242.170
2014-11-07 13:10:00;231.360
2014-11-07 13:11:00;238.220
2014-11-07 13:12:00;236.340
2014-11-07 13:13:00;233.310
2014-11-07 13:14:00;227.760
2014-11-07 13:15:00;234.190
2014-11-07 13:16:00;233.910
2014-11-07 13:17:00;234.370
2014-11-07 13:18:00;236.520
2014-11-07 13:19:00;234.220
2014-11-07 13:20:00;237.440
2014-11-07 13:21:00;236.240
2014-11-07 13:22:00;234.490
2014-11-07 13:23:00;236.290
2014-11-07 13:24:00;235.990
2014-11-07 13:25:00;237.490
2014-11-07 13:26:00;233.860
2014-11-07 13:27:00;237.440
2014-11-07 13:28:00;240.570
2014-11-07 13:29:00;235.670
2014-11-07 13:30:00;232.640
2014-11-07 13:31:00;236.790
2014-11-07 13:32:00;239.050
2014-11-07 13:33:00;230.460
2014-11-07 13:34:00;238.340
2014-11-07 13:35:00;226.030
2014-11-07 13:36:00;236.140
2014-11-07 13:37:00;234.290
2014-11-07 13:38:00;241.620
2014-11-07 13:39:00;242.320
2014-11-07 13:40:00;232.940
2014-11-07 13:41:00;236.120
2014-11-07 13:42:00;233.560
2014-11-07 13:43:00;238.520
2014-11-07 13:44:00;237.090
2014-11-07 13:45:00;236.540
2014-11-07 13:46:00;235.420
2014-11-07 13:47:00;235.740
2014-11-07 13:48:00;238.950
2014-11-07 13:49:00;236.220
2014-11-07 13:50:00;232.360
2014-11-07 13:51:00;232.390
2014-11-07 13:52:00;231.340
2014-11-07 13:53:00;237.070
2014-11-07 13:54:00;236.390
2014-11-07 13:55:00;236.720
2014-11-07 13:56:00;235.170
2014-11-07 13:57:00;229.460
2014-11-07 13:58:00;234.620
2014-11-07 13:59:00;234.920
2014-11-07 14:00:00;234.320
2014-11-07 14:01:00;229.810
2014-11-07 14:02:00;238.270
2014-11-07 14:03:00;230.840
2014-11-07 14:04:00;234.990
2014-11-07 14:05:00;234.320
2014-11-07 14:06:00;233.340
2014-11-07 14:07:00;236.690
2014-11-07 14:08:00;237.740
2014-11-07 14:09:00;233.810
2014-11-07 14:10:00;233.560
2014-11-07 14:11:00;234.790
2014-11-07 14:12:00;233.440
2014-11-07 14:13:00;239.770
2014-11-07 14:14:00;233.440
2014-11-07 14:15:00;239.550
2014-11-07 14:16:00;234.420
2014-11-07 14:17:00;235.490
2014-11-07 14:18:00;235.790
2014-11-07 14:19:00;236.920
2014-11-07 14:20:00;228.510
2014-11-07 14:21:00;233.740
2014-11-07 14:22:00;235.470
2014-11-07 14:23:00;234.640
2014-11-07 14:24:00;236.890
2014-11-07 14:25:00;231.660
2014-11-07 14:26:00;229.210
2014-11-07 14:27:00;234.270
2014-11-07 14:28:00;233.810
2014-11-07 14:29:00;231.140
2014-11-07 14:30:00;234.820
2014-11-07 14:31:00;233.290
2014-11-07 14:32:00;237.540
2014-11-07 14:33:00;238.320
2014-11-07 14:34:00;237.990
2014-11-07 14:35:00;235.970
2014-11-07 14:36:00;236.340
2014-11-07 14:37:00;234.840
2014-11-07 14:38:00;237.370
2014-11-07 14:39:00;236.870
2014-11-07 14:40:00;238.390
2014-11-07 14:41:00;235.840
2014-11-07 14:42:00;240.470
2014-11-07 14:43:00;234.720
2014-11-07 14:44:00;237.770
2014-11-07 14:45:00;233.840
2014-11-07 14:46:00;239.570
2014-11-07 14:47:00;243.930
2014-11-07 14:48:00;233.610
2014-11-07 14:49:00;231.710
2014-11-07 14:50:00;231.660
2014-11-07 14:51:00;232.210
2014-11-07 14:52:00;242.900
2014-11-07 14:53:00;229.460
2014-11-07 14:54:00;236.990
2014-11-07 14:55:00;237.090
2014-11-07 14:56:00;232.460
2014-11-07 14:57:00;232.740
2014-11-07 14:58:00;238.920
2014-11-07 14:59:00;232.890
2014-11-07 15:00:00;235.420
2014-11-07 15:01:00;238.020
2014-11-07 15:02:00;235.740
2014-11-07 15:03:00;238.290
2014-11-07 15:04:00;241.400
2014-11-07 15:05:00;236.170
2014-11-07 15:06:00;239.970
2014-11-07 15:07:00;232.810
2014-11-07 15:08:00;235.520
2014-11-07 15:09:00;234.970
2014-11-07 15:10:00;231.760
2014-11-07 15:11:00;233.340
2014-11-07 15:12:00;231.810
2014-11-07 15:13:00;232.390
2014-11-07 15:14:00;228.230
2014-11-07 15:15:00;233.660
2014-11-07 15:16:00;234.010
2014-11-07 15:17:00;232.090
2014-11-07 15:18:00;232.840
2014-11-07 15:19:00;236.570
2014-11-07 15:20:00;234.840
2014-11-07 15:21:00;233.640
2014-11-07 15:22:00;237.440
2014-11-07 15:23:00;225.530
2014-11-07 15:24:00;233.440
2014-11-07 15:25:00;234.970
2014-11-07 15:26:00;238.020
2014-11-07 15:27:00;240.250
2014-11-07 15:28:00;232.310
2014-11-07 15:29:00;234.940
2014-11-07 15:30:00;234.090
2014-11-07 15:31:00;242.620
2014-11-07 15:32:00;232.790
2014-11-07 15:33:00;235.740
2014-11-07 15:34:00;230.740
2014-11-07 15:35:00;231.910
2014-11-07 15:36:00;238.550
2014-11-07 15:37:00;232.690
2014-11-07 15:38:00;237.470
2014-11-07 15:39:00;234.770
2014-11-07 15:40:00;232.590
2014-11-07 15:41:00;239.850
2014-11-07 15:42:00;227.160
2014-11-07 15:43:00;225.410
2014-11-07 15:44:00;224.200
2014-11-07 15:45:00;234.240
2014-11-07 15:46:00;230.940
2014-11-07 15:47:00;232.440
2014-11-07 15:48:00;237.870
2014-11-07 15:49:00;238.040
2014-11-07 15:50:00;232.390
2014-11-07 15:51:00;228.080
2014-11-07 15:52:00;228.680
2014-11-07 15:53:00;233.010
2014-11-07 15:54:00;232.460
2014-11-07 15:55:00;236.870
2014-11-07 15:56:00;235.690
2014-11-07 15:57:00;236.640
2014-11-07 15:58:00;230.240
2014-11-07 15:59:00;237.820
2014-11-07 16:00:00;231.540
2014-11-07 16:01:00;236.820
2014-11-07 16:02:00;234.570
2014-11-07 16:03:00;233.210
2014-11-07 16:04:00;235.370
2014-11-07 16:05:00;233.290
2014-11-07 16:06:00;234.220
2014-11-07 16:07:00;232.790
2014-11-07 16:08:00;235.890
2014-11-07 16:09:00;231.410
2014-11-07 16:10:00;233.910
2014-11-07 16:11:00;228.530
2014-11-07 16:12:00;235.740
2014-11-07 16:13:00;232.310
2014-11-07 16:14:00;228.880
2014-11-07 16:15:00;234.670
2014-11-07 16:16:00;233.840
2014-11-07 16:17:00;227.380
2014-11-07 16:18:00;229.530
2014-11-07 16:19:00;234.010
2014-11-07 16:20:00;236.470
2014-11-07 16:21:00;228.680
2014-11-07 16:22:00;233.260
2014-11-07 16:23:00;237.240
2014-11-07 16:24:00;230.010
2014-11-07 16:25:00;242.170
2014-11-07 16:26:00;233.740
2014-11-07 16:27:00;228.730
2014-11-07 16:28:00;233.190
2014-11-07 16:29:00;235.440
2014-11-07 16:30:00;227.530
2014-11-07 16:31:00;227.780
2014-11-07 16:32:00;232.860
2014-11-07 16:33:00;229.180
2014-11-07 16:34:00;234.920
2014-11-07 16:35:00;223.600
2014-11-07 16:36:00;231.860
2014-11-07 16:37:00;229.840
2014-11-07 16:38:00;229.760
2014-11-07 16:39:00;234.770
2014-11-07 16:40:00;227.130
2014-11-07 16:41:00;233.490
2014-11-07 16:42:00;232.490
2014-11-07 16:43:00;238.390
2014-11-07 16:44:00;228.680
2014-11-07 16:45:00;230.740
2014-11-07 16:46:00;234.320
2014-11-07 16:47:00;229.810
2014-11-07 16:48:00;233.290
2014-11-07 16:49:00;227.510
2014-11-07 16:50:00;227.860
2014-11-07 16:51:00;233.040
2014-11-07 16:52:00;236.240
2014-11-07 16:53:00;234.490
2014-11-07 16:54:00;233.310
2014-11-07 16:55:00;236.690
2014-11-07 16:56:00;231.790
2014-11-07 16:57:00;231.710
2014-11-07 16:58:00;226.580
2014-11-07 16:59:00;226.710
2014-11-07 17:00:00;229.690
2014-11-07 17:01:00;230.660
2014-11-07 17:02:00;228.260
2014-11-07 17:03:00;227.930
2014-11-07 17:04:00;231.960
2014-11-07 17:05:00;233.890
2014-11-07 17:06:00;232.310
2014-11-07 17:07:00;230.260
2014-11-07 17:08:00;234.440
2014-11-07 17:09:00;234.270
2014-11-07 17:10:00;230.010
2014-11-07 17:11:00;243.880
2014-11-07 17:12:00;233.510
2014-11-07 17:13:00;227.930
2014-11-07 17:14:00;234.620
2014-11-07 17:15:00;231.510
2014-11-07 17:16:00;232.510
2014-11-07 17:17:00;235.120
2014-11-07 17:18:00;237.990
2014-11-07 17:19:00;234.390
2014-11-07 17:20:00;232.460
2014-11-07 17:21:00;232.810
2014-11-07 17:22:00;236.540
2014-11-07 17:23:00;229.010
2014-11-07 17:24:00;228.230
2014-11-07 17:25:00;230.190
2014-11-07 17:26:00;231.840
2014-11-07 17:27:00;239.750
2014-11-07 17:28:00;231.660
2014-11-07 17:29:00;233.540
2014-11-07 17:30:00;236.790
2014-11-07 17:31:00;228.810
2014-11-07 17:32:00;235.690
2014-11-07 17:33:00;228.930
2014-11-07 17:34:00;230.760
2014-11-07 17:35:00;234.790
2014-11-07 17:36:00;233.840
2014-11-07 17:37:00;234.420
2014-11-07 17:38:00;232.060
2014-11-07 17:39:00;228.310
2014-11-07 17:40:00;233.440
2014-11-07 17:41:00;238.170
2014-11-07 17:42:00;228.910
2014-11-07 17:43:00;235.720
2014-11-07 17:44:00;231.760
2014-11-07 17:45:00;234.940
2014-11-07 17:46:00;231.310
2014-11-07 17:47:00;223.130
2014-11-07 17:48:00;228.130
2014-11-07 17:49:00;225.430
2014-11-07 17:50:00;232.360
2014-11-07 17:51:00;234.820
2014-11-07 17:52:00;233.340
2014-11-07 17:53:00;225.180
2014-11-07 17:54:00;232.990
2014-11-07 17:55:00;226.910
2014-11-07 17:56:00;231.360
2014-11-07 17:57:00;228.280
2014-11-07 17:58:00;235.340
2014-11-07 17:59:00;234.920
2014-11-07 18:00:00;233.190
2014-11-07 18:01:00;237.620
2014-11-07 18:02:00;239.520
2014-11-07 18:03:00;234.140
2014-11-07 18:04:00;235.220
2014-11-07 18:05:00;230.160
2014-11-07 18:06:00;229.690
2014-11-07 18:07:00;225.560
2014-11-07 18:08:00;227.180
2014-11-07 18:09:00;232.260
2014-11-07 18:10:00;234.220
2014-11-07 18:11:00;238.620
2014-11-07 18:12:00;231.590
2014-11-07 18:13:00;233.590
2014-11-07 18:14:00;231.210
2014-11-07 18:15:00;233.110
2014-11-07 18:16:00;233.860
2014-11-07 18:17:00;239.620
2014-11-07 18:18:00;232.810
2014-11-07 18:19:00;227.460
2014-11-07 18:20:00;235.420
2014-11-07 18:21:00;234.170
2014-11-07 18:22:00;232.540
2014-11-07 18:23:00;228.410
2014-11-07 18:24:00;232.990
2014-11-07 18:25:00;228.630
2014-11-07 18:26:00;233.240
2014-11-07 18:27:00;232.460
2014-11-07 18:28:00;228.880
2014-11-07 18:29:00;228.730
2014-11-07 18:30:00;232.940
2014-11-07 18:31:00;231.610
2014-11-07 18:32:00;234.920
2014-11-07 18:33:00;235.090
2014-11-07 18:34:00;236.940
2014-11-07 18:35:00;230.910
2014-11-07 18:36:00;230.640
2014-11-07 18:37:00;231.560
2014-11-07 18:38:00;231.590
2014-11-07 18:39:00;235.240
2014-11-07 18:40:00;229.510
2014-11-07 18:41:00;231.840
2014-11-07 18:42:00;229.080
2014-11-07 18:43:00;226.580
2014-11-07 18:44:00;228.780
2014-11-07 18:45:00;230.140
2014-11-07 18:46:00;231.890
2014-11-07 18:47:00;235.890
2014-11-07 18:48:00;229.460
2014-11-07 18:49:00;232.440
2014-11-07 18:50:00;229.710
2014-11-07 18:51:00;236.670
2014-11-07 18:52:00;232.490
2014-11-07 18:53:00;234.970
2014-11-07 18:54:00;233.040
2014-11-07 18:55:00;232.710
2014-11-07 18:56:00;228.610
2014-11-07 18:57:00;231.660
2014-11-07 18:58:00;232.660
2014-11-07 18:59:00;232.760
2014-11-07 19:00:00;229.030
2014-11-07 19:01:00;228.960
2014-11-07 19:02:00;236.540
2014-11-07 19:03:00;232.860
2014-11-07 19:04:00;229.960
2014-11-07 19:05:00;238.700
2014-11-07 19:06:00;228.930
2014-11-07 19:07:00;230.390
2014-11-07 19:08:00;235.670
2014-11-07 19:09:00;229.380
2014-11-07 19:10:00;236.070
2014-11-07 19:11:00;228.880
2014-11-07 19:12:00;228.280
2014-11-07 19:13:00;234.920
2014-11-07 19:14:00;232.340
2014-11-07 19:15:00;230.790
2014-11-07 19:16:00;227.660
2014-11-07 19:17:00;233.660
2014-11-07 19:18:00;235.170
2014-11-07 19:19:00;233.810
2014-11-07 19:20:00;233.540
2014-11-07 19:21:00;234.240
2014-11-07 19:22:00;234.290
2014-11-07 19:23:00;233.960
2014-11-07 19:24:00;236.070
2014-11-07 19:25:00;234.090
2014-11-07 19:26:00;230.510
2014-11-07 19:27:00;235.770
2014-11-07 19:28:00;224.080
2014-11-07 19:29:00;233.960
2014-11-07 19:30:00;229.160
2014-11-07 19:31:00;227.780
2014-11-07 19:32:00;234.470
2014-11-07 19:33:00;226.660
2014-11-07 19:34:00;232.190
2014-11-07 19:35:00;233.490
2014-11-07 19:36:00;227.460
2014-11-07 19:37:00;227.480
2014-11-07 19:38:00;233.610
2014-11-07 19:39:00;232.060
2014-11-07 19:40:00;222.880
2014-11-07 19:41:00;237.520
2014-11-07 19:42:00;229.740
2014-11-07 19:43:00;233.390
2014-11-07 19:44:00;229.110
2014-11-07 19:45:00;226.110
2014-11-07 19:46:00;229.510
2014-11-07 19:47:00;236.820
2014-11-07 19:48:00;232.560
2014-11-07 19:49:00;231.360
2014-11-07 19:50:00;232.510
2014-11-07 19:51:00;234.840
2014-11-07 19:52:00;232.460
2014-11-07 19:53:00;237.370
2014-11-07 19:54:00;231.790
2014-11-07 19:55:00;230.990
2014-11-07 19:56:00;238.090
2014-11-07 19:57:00;236.490
2014-11-07 19:58:00;230.340
2014-11-07 19:59:00;233.010
2014-11-07 20:00:00;233.210
2014-11-07 20:01:00;229.030
2014-11-07 20:02:00;234.220
2014-11-07 20:03:00;227.630
2014-11-07 20:04:00;227.810
2014-11-07 20:05:00;234.670
2014-11-07 20:06:00;231.490
2014-11-07 20:07:00;233.590
2014-11-07 20:08:00;231.890
2014-11-07 20:09:00;232.760
2014-11-07 20:10:00;236.490
2014-11-07 20:11:00;234.470
2014-11-07 20:12:00;231.560
2014-11-07 20:13:00;226.410
2014-11-07 20:14:00;233.910
2014-11-07 20:15:00;232.910
2014-11-07 20:16:00;232.660
2014-11-07 20:17:00;232.690
2014-11-07 20:18:00;231.590
2014-11-07 20:19:00;232.940
2014-11-07 20:20:00;227.010
2014-11-07 20:21:00;229.960
2014-11-07 20:22:00;229.110
2014-11-07 20:23:00;228.130
2014-11-07 20:24:00;233.760
2014-11-07 20:25:00;230.190
2014-11-07 20:26:00;224.550
2014-11-07 20:27:00;230.890
2014-11-07 20:28:00;235.390
2014-11-07 20:29:00;232.190
2014-11-07 20:30:00;230.010
2014-11-07 20:31:00;230.610
2014-11-07 20:32:00;229.530
2014-11-07 20:33:00;232.960
2014-11-07 20:34:00;235.290
2014-11-07 20:35:00;231.290
2014-11-07 20:36:00;228.430
2014-11-07 20:37:00;233.090
2014-11-07 20:38:00;229.510
2014-11-07 20:39:00;229.560
2014-11-07 20:40:00;233.840
2014-11-07 20:41:00;230.860
2014-11-07 20:42:00;231.110
2014-11-07 20:43:00;231.710
2014-11-07 20:44:00;231.490
2014-11-07 20:45:00;226.780
2014-11-07 20:46:00;232.260
2014-11-07 20:47:00;233.310
2014-11-07 20:48:00;231.140
2014-11-07 20:49:00;228.810
2014-11-07 20:50:00;229.210
2014-11-07 20:51:00;229.410
2014-11-07 20:52:00;232.610
2014-11-07 20:53:00;228.930
2014-11-07 20:54:00;230.460
2014-11-07 20:55:00;232.590
2014-11-07 20:56:00;228.030
2014-11-07 20:57:00;234.840
2014-11-07 20:58:00;235.640
2014-11-07 20:59:00;234.170
2014-11-07 21:00:00;236.840
2014-11-07 21:01:00;227.780
2014-11-07 21:02:00;235.840
2014-11-07 21:03:00;231.460
2014-11-07 21:04:00;236.340
2014-11-07 21:05:00;228.030
2014-11-07 21:06:00;232.190
2014-11-07 21:07:00;228.930
2014-11-07 21:08:00;234.470
2014-11-07 21:09:00;235.070
2014-11-07 21:10:00;229.410
2014-11-07 21:11:00;231.790
2014-11-07 21:12:00;233.690
2014-11-07 21:13:00;233.590
2014-11-07 21:14:00;230.310
2014-11-07 21:15:00;238.820
2014-11-07 21:16:00;236.020
2014-11-07 21:17:00;228.860
2014-11-07 21:18:00;232.440
2014-11-07 21:19:00;229.230
2014-11-07 21:20:00;229.280
2014-11-07 21:21:00;230.840
2014-11-07 21:22:00;233.940
2014-11-07 21:23:00;230.810
2014-11-07 21:24:00;229.740
2014-11-07 21:25:00;231.440
2014-11-07 21:26:00;230.090
2014-11-07 21:27:00;231.740
2014-11-07 21:28:00;230.140
2014-11-07 21:29:00;231.290
2014-11-07 21:30:00;229.280
2014-11-07 21:31:00;231.660
2014-11-07 21:32:00;230.140
2014-11-07 21:33:00;237.370
2014-11-07 21:34:00;227.130
2014-11-07 21:35:00;232.040
2014-11-07 21:36:00;229.990
2014-11-07 21:37:00;235.120
2014-11-07 21:38:00;233.390
2014-11-07 21:39:00;230.840
2014-11-07 21:40:00;232.510
2014-11-07 21:41:00;239.750
2014-11-07 21:42:00;230.160
2014-11-07 21:43:00;233.310
2014-11-07 21:44:00;228.280
2014-11-07 21:45:00;233.710
2014-11-07 21:46:00;223.480
2014-11-07 21:47:00;231.740
2014-11-07 21:48:00;232.840
2014-11-07 21:49:00;226.680
2014-11-07 21:50:00;227.860
2014-11-07 21:51:00;237.820
2014-11-07 21:52:00;231.040
2014-11-07 21:53:00;236.270
2014-11-07 21:54:00;229.910
2014-11-07 21:55:00;230.710
2014-11-07 21:56:00;231.040
2014-11-07 21:57:00;228.910
2014-11-07 21:58:00;234.940
2014-11-07 21:59:00;231.610
2014-11-07 22:00:00;234.740
2014-11-07 22:01:00;231.310
2014-11-07 22:02:00;232.460
2014-11-07 22:03:00;234.720
2014-11-07 22:04:00;229.380
2014-11-07 22:05:00;228.510
2014-11-07 22:06:00;233.390
2014-11-07 22:07:00;230.190
2014-11-07 22:08:00;230.060
2014-11-07 22:09:00;231.490
2014-11-07 22:10:00;231.740
2014-11-07 22:11:00;229.010
2014-11-07 22:12:00;237.120
2014-11-07 22:13:00;233.510
2014-11-07 22:14:00;239.200
2014-11-07 22:15:00;234.920
2014-11-07 22:16:00;236.070
2014-11-07 22:17:00;231.190
2014-11-07 22:18:00;233.790
2014-11-07 22:19:00;236.520
2014-11-07 22:20:00;231.640
2014-11-07 22:21:00;233.710
2014-11-07 22:22:00;233.590
2014-11-07 22:23:00;230.840
2014-11-07 22:24:00;232.210
2014-11-07 22:25:00;232.210
2014-11-07 22:26:00;238.550
2014-11-07 22:27:00;237.740
2014-11-07 22:28:00;238.870
2014-11-07 22:29:00;235.120
2014-11-07 22:30:00;232.310
2014-11-07 22:31:00;236.970
2014-11-07 22:32:00;238.020
2014-11-07 22:33:00;227.180
2014-11-07 22:34:00;232.310
2014-11-07 22:35:00;232.040
2014-11-07 22:36:00;232.790
2014-11-07 22:37:00;237.970
2014-11-07 22:38:00;232.190
2014-11-07 22:39:00;231.860
2014-11-07 22:40:00;230.090
2014-11-07 22:41:00;227.530
2014-11-07 22:42:00;226.410
2014-11-07 22:43:00;230.560
2014-11-07 22:44:00;231.410
2014-11-07 22:45:00;231.590
2014-11-07 22:46:00;231.210
2014-11-07 22:47:00;233.240
2014-11-07 22:48:00;231.890
2014-11-07 22:49:00;236.090
2014-11-07 22:50:00;236.870
2014-11-07 22:51:00;229.480
2014-11-07 22:52:00;231.590
2014-11-07 22:53:00;234.490
2014-11-07 22:54:00;237.340
2014-11-07 22:55:00;229.910
2014-11-07 22:56:00;227.180
2014-11-07 22:57:00;228.030
2014-11-07 22:58:00;231.790
2014-11-07 22:59:00;229.160
2014-11-07 23:00:00;229.330
2014-11-07 23:01:00;233.890
2014-11-07 23:02:00;233.590
2014-11-07 23:03:00;234.540
2014-11-07 23:04:00;229.940
2014-11-07 23:05:00;231.410
2014-11-07 23:06:00;230.360
2014-11-07 23:07:00;228.630
2014-11-07 23:08:00;231.990
2014-11-07 23:09:00;232.390
2014-11-07 23:10:00;229.610
2014-11-07 23:11:00;224.630
2014-11-07 23:12:00;229.380
2014-11-07 23:13:00;231.190
2014-11-07 23:14:00;232.460
2014-11-07 23:15:00;234.220
2014-11-07 23:16:00;238.320
2014-11-07 23:17:00;229.010
2014-11-07 23:18:00;235.170
2014-11-07 23:19:00;230.910
2014-11-07 23:20:00;231.210
2014-11-07 23:21:00;233.840
2014-11-07 23:22:00;233.710
2014-11-07 23:23:00;230.390
2014-11-07 23:24:00;234.540
2014-11-07 23:25:00;229.810
2014-11-07 23:26:00;226.210
2014-11-07 23:27:00;234.820
2014-11-07 23:28:00;226.660
2014-11-07 23:29:00;234.340
2014-11-07 23:30:00;235.420
2014-11-07 23:31:00;231.010
2014-11-07 23:32:00;230.790
2014-11-07 23:33:00;229.580
2014-11-07 23:34:00;228.580
2014-11-07 23:35:00;230.790
2014-11-07 23:36:00;235.670
2014-11-07 23:37:00;233.240
2014-11-07 23:38:00;230.610
2014-11-07 23:39:00;228.630
2014-11-07 23:40:00;228.730
2014-11-07 23:41:00;234.770
2014-11-07 23:42:00;239.400
2014-11-07 23:43:00;226.730
2014-11-07 23:44:00;231.040
2014-11-07 23:45:00;230.910
2014-11-07 23:46:00;232.190
2014-11-07 23:47:00;229.260
2014-11-07 23:48:00;235.190
2014-11-07 23:49:00;231.390
2014-11-07 23:50:00;231.440
2014-11-07 23:51:00;236.390
2014-11-07 23:52:00;229.310
2014-11-07 23:53:00;225.380
2014-11-07 23:54:00;227.310
2014-11-07 23:55:00;229.280
2014-11-07 23:56:00;234.440
2014-11-07 23:57:00;234.290
2014-11-07 23:58:00;232.190
2014-11-07 23:59:00;228.580
2014-11-08 00:00:00;230.240
2014-11-08 00:01:00;230.360
2014-11-08 00:02:00;228.730
2014-11-08 00:03:00;231.440
2014-11-08 00:04:00;229.960
2014-11-08 00:05:00;230.110
2014-11-08 00:06:00;231.790
2014-11-08 00:07:00;231.010
2014-11-08 00:08:00;226.780
2014-11-08 00:09:00;235.470
2014-11-08 00:10:00;234.010
2014-11-08 00:11:00;234.870
2014-11-08 00:12:00;234.590
2014-11-08 00:13:00;230.860
2014-11-08 00:14:00;227.610
2014-11-08 00:15:00;232.960
2014-11-08 00:16:00;234.140
2014-11-08 00:17:00;228.760
2014-11-08 00:18:00;227.630
2014-11-08 00:19:00;233.610
2014-11-08 00:20:00;230.760
2014-11-08 00:21:00;231.710
2014-11-08 00:22:00;238.470
2014-11-08 00:23:00;230.160
2014-11-08 00:24:00;228.380
2014-11-08 00:25:00;227.230
2014-11-08 00:26:00;229.110
2014-11-08 00:27:00;228.410
2014-11-08 00:28:00;232.960
2014-11-08 00:29:00;229.180
2014-11-08 00:30:00;240.220
2014-11-08 00:31:00;230.710
2014-11-08 00:32:00;232.990
2014-11-08 00:33:00;234.010
2014-11-08 00:34:00;235.820
2014-11-08 00:35:00;234.590
2014-11-08 00:36:00;233.160
2014-11-08 00:37:00;233.790
2014-11-08 00:38:00;233.490
2014-11-08 00:39:00;232.910
2014-11-08 00:40:00;231.960
2014-11-08 00:41:00;228.930
2014-11-08 00:42:00;227.710
2014-11-08 00:43:00;231.060
2014-11-08 00:44:00;231.290
2014-11-08 00:45:00;230.110
2014-11-08 00:46:00;232.040
2014-11-08 00:47:00;238.420
2014-11-08 00:48:00;233.410
2014-11-08 00:49:00;227.280
2014-11-08 00:50:00;236.040
2014-11-08 00:51:00;230.210
2014-11-08 00:52:00;231.540
2014-11-08 00:53:00;231.340
2014-11-08 00:54:00;232.760
2014-11-08 00:55:00;230.860
2014-11-08 00:56:00;231.760
2014-11-08 00:57:00;236.020
2014-11-08 00:58:00;233.290
2014-11-08 00:59:00;232.560
2014-11-08 01:00:00;237.370
2014-11-08 01:01:00;230.210
2014-11-08 01:02:00;230.540
2014-11-08 01:03:00;231.810
2014-11-08 01:04:00;229.410
2014-11-08 01:05:00;230.640
2014-11-08 01:06:00;231.640
2014-11-08 01:07:00;230.710
2014-11-08 01:08:00;228.030
2014-11-08 01:09:00;231.260
2014-11-08 01:10:00;229.130
2014-11-08 01:11:00;236.720
2014-11-08 01:12:00;236.790
2014-11-08 01:13:00;231.340
2014-11-08 01:14:00;234.640
2014-11-08 01:15:00;236.020
2014-11-08 01:16:00;237.570
2014-11-08 01:17:00;225.760
2014-11-08 01:18:00;235.790
2014-11-08 01:19:00;235.220
2014-11-08 01:20:00;230.310
2014-11-08 01:21:00;230.140
2014-11-08 01:22:00;233.960
2014-11-08 01:23:00;230.740
2014-11-08 01:24:00;226.780
2014-11-08 01:25:00;224.950
2014-11-08 01:26:00;232.440
2014-11-08 01:27:00;233.390
2014-11-08 01:28:00;233.640
2014-11-08 01:29:00;232.690
2014-11-08 01:30:00;238.370
2014-11-08 01:31:00;229.760
2014-11-08 01:32:00;231.440
2014-11-08 01:33:00;231.590
2014-11-08 01:34:00;236.740
2014-11-08 01:35:00;230.540
2014-11-08 01:36:00;237.090
2014-11-08 01:37:00;233.740
2014-11-08 01:38:00;228.510
2014-11-08 01:39:00;227.910
2014-11-08 01:40:00;234.940
2014-11-08 01:41:00;232.290
2014-11-08 01:42:00;228.660
2014-11-08 01:43:00;231.140
2014-11-08 01:44:00;230.990
2014-11-08 01:45:00;232.740
2014-11-08 01:46:00;233.260
2014-11-08 01:47:00;232.260
2014-11-08 01:48:00;230.560
2014-11-08 01:49:00;234.470
2014-11-08 01:50:00;231.560
2014-11-08 01:51:00;235.740
2014-11-08 01:52:00;232.010
2014-11-08 01:53:00;232.990
2014-11-08 01:54:00;230.310
2014-11-08 01:55:00;230.460
2014-11-08 01:56:00;234.040
2014-11-08 01:57:00;232.310
2014-11-08 01:58:00;231.990
2014-11-08 01:59:00;233.460
2014-11-08 02:00:00;227.510
2014-11-08 02:01:00;232.360
2014-11-08 02:02:00;235.870
2014-11-08 02:03:00;236.570
2014-11-08 02:04:00;237.690
2014-11-08 02:05:00;236.520
2014-11-08 02:06:00;237.040
2014-11-08 02:07:00;231.210
2014-11-08 02:08:00;241.370
2014-11-08 02:09:00;233.360
2014-11-08 02:10:00;228.880
2014-11-08 02:11:00;231.610
2014-11-08 02:12:00;234.340
2014-11-08 02:13:00;230.610
2014-11-08 02:14:00;232.210
2014-11-08 02:15:00;228.730
2014-11-08 02:16:00;232.640
2014-11-08 02:17:00;232.590
2014-11-08 02:18:00;232.360
2014-11-08 02:19:00;237.820
2014-11-08 02:20:00;230.540
2014-11-08 02:21:00;231.810
2014-11-08 02:22:00;229.810
2014-11-08 02:23:00;233.360
2014-11-08 02:24:00;236.990
2014-11-08 02:25:00;231.140
2014-11-08 02:26:00;233.710
2014-11-08 02:27:00;232.790
2014-11-08 02:28:00;230.110
2014-11-08 02:29:00;233.340
2014-11-08 02:30:00;227.180
2014-11-08 02:31:00;231.690
2014-11-08 02:32:00;232.840
2014-11-08 02:33:00;236.520
2014-11-08 02:34:00;229.690
2014-11-08 02:35:00;234.790
2014-11-08 02:36:00;231.290
2014-11-08 02:37:00;233.190
2014-11-08 02:38:00;231.510
2014-11-08 02:39:00;234.240
2014-11-08 02:40:00;233.460
2014-11-08 02:41:00;235.890
2014-11-08 02:42:00;234.970
2014-11-08 02:43:00;235.320
2014-11-08 02:44:00;228.180
2014-11-08 02:45:00;235.590
2014-11-08 02:46:00;234.170
2014-11-08 02:47:00;234.390
2014-11-08 02:48:00;227.980
2014-11-08 02:49:00;231.540
2014-11-08 02:50:00;228.310
2014-11-08 02:51:00;234.440
2014-11-08 02:52:00;231.190
2014-11-08 02:53:00;230.690
2014-11-08 02:54:00;224.730
2014-11-08 02:55:00;227.680
2014-11-08 02:56:00;237.620
2014-11-08 02:57:00;227.830
2014-11-08 02:58:00;236.890
2014-11-08 02:59:00;233.010
2014-11-08 03:00:00;235.170
2014-11-08 03:01:00;235.290
2014-11-08 03:02:00;228.930
2014-11-08 03:03:00;232.640
2014-11-08 03:04:00;231.690
2014-11-08 03:05:00;228.180
2014-11-08 03:06:00;227.810
2014-11-08 03:07:00;233.440
2014-11-08 03:08:00;233.440
2014-11-08 03:09:00;234.010
2014-11-08 03:10:00;229.110
2014-11-08 03:11:00;236.890
2014-11-08 03:12:00;231.160
2014-11-08 03:13:00;232.260
2014-11-08 03:14:00;235.240
2014-11-08 03:15:00;230.310
2014-11-08 03:16:00;234.620
2014-11-08 03:17:00;237.170
2014-11-08 03:18:00;231.990
2014-11-08 03:19:00;229.330
2014-11-08 03:20:00;231.890
2014-11-08 03:21:00;233.210
2014-11-08 03:22:00;231.810
2014-11-08 03:23:00;233.610
2014-11-08 03:24:00;234.370
2014-11-08 03:25:00;231.960
2014-11-08 03:26:00;235.520
2014-11-08 03:27:00;234.840
2014-11-08 03:28:00;232.760
2014-11-08 03:29:00;231.140
2014-11-08 03:30:00;234.540
2014-11-08 03:31:00;231.840
2014-11-08 03:32:00;233.040
2014-11-08 03:33:00;230.160
2014-11-08 03:34:00;227.160
2014-11-08 03:35:00;228.080
2014-11-08 03:36:00;232.460
2014-11-08 03:37:00;229.380
2014-11-08 03:38:00;233.210
2014-11-08 03:39:00;234.490
2014-11-08 03:40:00;234.320
2014-11-08 03:41:00;236.320
2014-11-08 03:42:00;238.600
2014-11-08 03:43:00;241.170
2014-11-08 03:44:00;231.390
2014-11-08 03:45:00;232.690
2014-11-08 03:46:00;239.220
2014-11-08 03:47:00;232.190
2014-11-08 03:48:00;232.840
2014-11-08 03:49:00;227.530
2014-11-08 03:50:00;236.120
2014-11-08 03:51:00;231.210
2014-11-08 03:52:00;231.590
2014-11-08 03:53:00;232.840
2014-11-08 03:54:00;232.640
2014-11-08 03:55:00;234.690
2014-11-08 03:56:00;225.380
2014-11-08 03:57:00;232.640
2014-11-08 03:58:00;231.810
2014-11-08 03:59:00;229.280
2014-11-08 04:00:00;236.220
2014-11-08 04:01:00;239.320
2014-11-08 04:02:00;227.360
2014-11-08 04:03:00;233.240
2014-11-08 04:04:00;233.360
2014-11-08 04:05:00;233.910
2014-11-08 04:06:00;238.800
2014-11-08 04:07:00;227.410
2014-11-08 04:08:00;233.160
2014-11-08 04:09:00;226.380
2014-11-08 04:10:00;230.040
2014-11-08 04:11:00;233.040
2014-11-08 04:12:00;229.740
2014-11-08 04:13:00;228.910
2014-11-08 04:14:00;230.710
2014-11-08 04:15:00;234.540
2014-11-08 04:16:00;227.710
2014-11-08 04:17:00;227.980
2014-11-08 04:18:00;231.460
2014-11-08 04:19:00;231.990
2014-11-08 04:20:00;233.960
2014-11-08 04:21:00;229.380
2014-11-08 04:22:00;241.720
2014-11-08 04:23:00;229.080
2014-11-08 04:24:00;235.240
2014-11-08 04:25:00;233.640
2014-11-08 04:26:00;230.390
2014-11-08 04:27:00;233.140
2014-11-08 04:28:00;230.090
2014-11-08 04:29:00;236.370
2014-11-08 04:30:00;231.440
2014-11-08 04:31:00;235.320
2014-11-08 04:32:00;231.960
2014-11-08 04:33:00;230.010
2014-11-08 04:34:00;232.860
2014-11-08 04:35:00;226.530
2014-11-08 04:36:00;238.490
2014-11-08 04:37:00;231.860
2014-11-08 04:38:00;229.480
2014-11-08 04:39:00;236.740
2014-11-08 04:40:00;236.340
2014-11-08 04:41:00;233.210
2014-11-08 04:42:00;236.170
2014-11-08 04:43:00;230.990
2014-11-08 04:44:00;234.340
2014-11-08 04:45:00;232.910
2014-11-08 04:46:00;229.380
2014-11-08 04:47:00;232.760
2014-11-08 04:48:00;238.240
2014-11-08 04:49:00;233.860
2014-11-08 04:50:00;228.680
2014-11-08 04:51:00;225.610
2014-11-08 04:52:00;235.270
2014-11-08 04:53:00;229.160
2014-11-08 04:54:00;232.760
2014-11-08 04:55:00;231.760
2014-11-08 04:56:00;231.810
2014-11-08 04:57:00;236.370
2014-11-08 04:58:00;231.860
2014-11-08 04:59:00;231.890
2014-11-08 05:00:00;233.140
2014-11-08 05:01:00;234.520
2014-11-08 05:02:00;230.260
2014-11-08 05:03:00;226.660
2014-11-08 05:04:00;229.380
2014-11-08 05:05:00;231.960
2014-11-08 05:06:00;234.620
2014-11-08 05:07:00;231.360
2014-11-08 05:08:00;231.660
2014-11-08 05:09:00;230.360
2014-11-08 05:10:00;231.810
2014-11-08 05:11:00;236.420
2014-11-08 05:12:00;230.790
2014-11-08 05:13:00;235.790
2014-11-08 05:14:00;232.540
2014-11-08 05:15:00;235.970
2014-11-08 05:16:00;230.890
2014-11-08 05:17:00;233.740
2014-11-08 05:18:00;229.560
2014-11-08 05:19:00;235.740
2014-11-08 05:20:00;232.740
2014-11-08 05:21:00;234.060
2014-11-08 05:22:00;232.490
2014-11-08 05:23:00;235.840
2014-11-08 05:24:00;226.780
2014-11-08 05:25:00;237.320
2014-11-08 05:26:00;234.010
2014-11-08 05:27:00;231.790
2014-11-08 05:28:00;227.730
2014-11-08 05:29:00;233.240
2014-11-08 05:30:00;235.570
2014-11-08 05:31:00;237.270
2014-11-08 05:32:00;234.270
2014-11-08 05:33:00;234.820
2014-11-08 05:34:00;234.790
2014-11-08 05:35:00;233.140
2014-11-08 05:36:00;238.340
2014-11-08 05:37:00;235.720
2014-11-08 05:38:00;233.610
2014-11-08 05:39:00;231.360
2014-11-08 05:40:00;227.930
2014-11-08 05:41:00;224.830
2014-11-08 05:42:00;228.280
2014-11-08 05:43:00;232.940
2014-11-08 05:44:00;237.870
2014-11-08 05:45:00;230.160
2014-11-08 05:46:00;234.840
2014-11-08 05:47:00;234.540
2014-11-08 05:48:00;235.070
2014-11-08 05:49:00;227.210
2014-11-08 05:50:00;233.190
2014-11-08 05:51:00;231.690
2014-11-08 05:52:00;233.710
2014-11-08 05:53:00;232.610
2014-11-08 05:54:00;222.730
2014-11-08 05:55:00;227.960
2014-11-08 05:56:00;235.570
2014-11-08 05:57:00;234.140
2014-11-08 05:58:00;231.910
2014-11-08 05:59:00;238.370
2014-11-08 06:00:00;234.120
2014-11-08 06:01:00;228.080
2014-11-08 06:02:00;232.290
2014-11-08 06:03:00;231.690
2014-11-08 06:04:00;231.340
2014-11-08 06:05:00;231.260
2014-11-08 06:06:00;234.010
2014-11-08 06:07:00;236.120
2014-11-08 06:08:00;234.220
2014-11-08 06:09:00;228.030
2014-11-08 06:10:00;232.590
2014-11-08 06:11:00;231.840
2014-11-08 06:12:00;233.490
2014-11-08 06:13:00;233.360
2014-11-08 06:14:00;231.010
2014-11-08 06:15:00;229.760
2014-11-08 06:16:00;228.980
2014-11-08 06:17:00;228.430
2014-11-08 06:18:00;229.530
2014-11-08 06:19:00;237.090
2014-11-08 06:20:00;232.340
2014-11-08 06:21:00;238.620
2014-11-08 06:22:00;230.640
2014-11-08 06:23:00;236.320
2014-11-08 06:24:00;238.970
2014-11-08 06:25:00;236.240
2014-11-08 06:26:00;232.190
2014-11-08 06:27:00;235.220
2014-11-08 06:28:00;231.540
2014-11-08 06:29:00;230.340
2014-11-08 06:30:00;235.890
2014-11-08 06:31:00;226.130
2014-11-08 06:32:00;233.040
2014-11-08 06:33:00;231.190
2014-11-08 06:34:00;226.260
2014-11-08 06:35:00;231.940
2014-11-08 06:36:00;228.630
2014-11-08 06:37:00;234.240
2014-11-08 06:38:00;233.690
2014-11-08 06:39:00;230.390
2014-11-08 06:40:00;236.220
2014-11-08 06:41:00;230.440
2014-11-08 06:42:00;232.990
2014-11-08 06:43:00;236.390
2014-11-08 06:44:00;234.890
2014-11-08 06:45:00;232.440
2014-11-08 06:46:00;232.840
2014-11-08 06:47:00;231.790
2014-11-08 06:48:00;230.410
2014-11-08 06:49:00;232.440
2014-11-08 06:50:00;229.610
2014-11-08 06:51:00;232.390
2014-11-08 06:52:00;235.390
2014-11-08 06:53:00;235.770
2014-11-08 06:54:00;233.260
2014-11-08 06:55:00;236.270
2014-11-08 06:56:00;233.940
2014-11-08 06:57:00;234.390
2014-11-08 06:58:00;229.630
2014-11-08 06:59:00;232.210
2014-11-08 07:00:00;231.540
2014-11-08 07:01:00;232.890
2014-11-08 07:02:00;237.220
2014-11-08 07:03:00;231.010
2014-11-08 07:04:00;232.240
2014-11-08 07:05:00;229.460
2014-11-08 07:06:00;228.580
2014-11-08 07:07:00;237.240
2014-11-08 07:08:00;236.420
2014-11-08 07:09:00;233.310
2014-11-08 07:10:00;237.370
2014-11-08 07:11:00;234.920
2014-11-08 07:12:00;235.640
2014-11-08 07:13:00;231.960
2014-11-08 07:14:00;231.440
2014-11-08 07:15:00;232.360
2014-11-08 07:16:00;234.220
2014-11-08 07:17:00;234.770
2014-11-08 07:18:00;231.110
2014-11-08 07:19:00;235.740
2014-11-08 07:20:00;237.520
2014-11-08 07:21:00;228.760
2014-11-08 07:22:00;238.170
2014-11-08 07:23:00;232.090
2014-11-08 07:24:00;232.940
2014-11-08 07:25:00;228.080
2014-11-08 07:26:00;227.160
2014-11-08 07:27:00;233.510
2014-11-08 07:28:00;232.410
2014-11-08 07:29:00;236.540
2014-11-08 07:30:00;232.410
2014-11-08 07:31:00;232.810
2014-11-08 07:32:00;233.860
2014-11-08 07:33:00;234.120
2014-11-08 07:34:00;229.790
2014-11-08 07:35:00;234.840
2014-11-08 07:36:00;231.390
2014-11-08 07:37:00;229.630
2014-11-08 07:38:00;240.300
2014-11-08 07:39:00;229.460
2014-11-08 07:40:00;232.390
2014-11-08 07:41:00;238.490
2014-11-08 07:42:00;234.320
2014-11-08 07:43:00;234.370
2014-11-08 07:44:00;230.260
2014-11-08 07:45:00;230.390
2014-11-08 07:46:00;227.830
2014-11-08 07:47:00;230.540
2014-11-08 07:48:00;234.670
2014-11-08 07:49:00;231.290
2014-11-08 07:50:00;237.640
2014-11-08 07:51:00;236.070
2014-11-08 07:52:00;237.190
2014-11-08 07:53:00;235.320
2014-11-08 07:54:00;228.960
2014-11-08 07:55:00;234.920
2014-11-08 07:56:00;234.390
2014-11-08 07:57:00;231.140
2014-11-08 07:58:00;234.010
2014-11-08 07:59:00;231.460
2014-11-08 08:00:00;232.040
2014-11-08 08:01:00;237.790
2014-11-08 08:02:00;231.460
2014-11-08 08:03:00;242.120
2014-11-08 08:04:00;236.520
2014-11-08 08:05:00;233.860
2014-11-08 08:06:00;240.550
2014-11-08 08:07:00;232.140
2014-11-08 08:08:00;232.610
2014-11-08 08:09:00;236.390
2014-11-08 08:10:00;234.420
2014-11-08 08:11:00;239.350
2014-11-08 08:12:00;230.490
2014-11-08 08:13:00;237.440
2014-11-08 08:14:00;237.270
2014-11-08 08:15:00;233.690
2014-11-08 08:16:00;234.840
2014-11-08 08:17:00;236.020
2014-11-08 08:18:00;235.170
2014-11-08 08:19:00;232.540
2014-11-08 08:20:00;233.690
2014-11-08 08:21:00;230.790
2014-11-08 08:22:00;234.690
2014-11-08 08:23:00;235.890
2014-11-08 08:24:00;234.890
2014-11-08 08:25:00;236.590
2014-11-08 08:26:00;237.240
2014-11-08 08:27:00;236.840
2014-11-08 08:28:00;233.240
2014-11-08 08:29:00;230.010
2014-11-08 08:30:00;233.890
2014-11-08 08:31:00;236.890
2014-11-08 08:32:00;231.010
2014-11-08 08:33:00;231.810
2014-11-08 08:34:00;234.390
2014-11-08 08:35:00;239.500
2014-11-08 08:36:00;238.770
2014-11-08 08:37:00;232.640
2014-11-08 08:38:00;238.070
2014-11-08 08:39:00;240.520
2014-11-08 08:40:00;237.320
2014-11-08 08:41:00;240.700
2014-11-08 08:42:00;231.590
2014-11-08 08:43:00;235.520
2014-11-08 08:44:00;235.540
2014-11-08 08:45:00;232.440
2014-11-08 08:46:00;234.690
2014-11-08 08:47:00;234.220
2014-11-08 08:48:00;234.870
2014-11-08 08:49:00;235.390
2014-11-08 08:50:00;234.690
2014-11-08 08:51:00;235.940
2014-11-08 08:52:00;236.770
2014-11-08 08:53:00;233.340
2014-11-08 08:54:00;231.290
2014-11-08 08:55:00;235.820
2014-11-08 08:56:00;234.870
2014-11-08 08:57:00;236.220
2014-11-08 08:58:00;238.550
2014-11-08 08:59:00;229.990
2014-11-08 09:00:00;231.640
2014-11-08 09:01:00;235.570
2014-11-08 09:02:00;237.890
2014-11-08 09:03:00;230.090
2014-11-08 09:04:00;238.670
2014-11-08 09:05:00;233.190
2014-11-08 09:06:00;239.570
2014-11-08 09:07:00;240.200
2014-11-08 09:08:00;229.530
2014-11-08 09:09:00;235.890
2014-11-08 09:10:00;232.060
2014-11-08 09:11:00;240.950
2014-11-08 09:12:00;239.950
2014-11-08 09:13:00;235.620
2014-11-08 09:14:00;233.540
2014-11-08 09:15:00;235.240
2014-11-08 09:16:00;237.470
2014-11-08 09:17:00;236.270
2014-11-08 09:18:00;236.720
2014-11-08 09:19:00;239.820
2014-11-08 09:20:00;230.640
2014-11-08 09:21:00;236.240
2014-11-08 09:22:00;234.670
2014-11-08 09:23:00;234.420
2014-11-08 09:24:00;233.710
2014-11-08 09:25:00;235.370
2014-11-08 09:26:00;235.040
2014-11-08 09:27:00;226.810
2014-11-08 09:28:00;229.840
2014-11-08 09:29:00;239.820
2014-11-08 09:30:00;233.560
2014-11-08 09:31:00;232.610
2014-11-08 09:32:00;241.200
2014-11-08 09:33:00;240.970
2014-11-08 09:34:00;234.170
2014-11-08 09:35:00;236.390
2014-11-08 09:36:00;230.510
2014-11-08 09:37:00;229.280
2014-11-08 09:38:00;227.330
2014-11-08 09:39:00;232.560
2014-11-08 09:40:00;230.810
2014-11-08 09:41:00;237.120
2014-11-08 09:42:00;225.000
2014-11-08 09:43:00;235.540
2014-11-08 09:44:00;237.320
2014-11-08 09:45:00;235.520
2014-11-08 09:46:00;237.070
2014-11-08 09:47:00;232.790
2014-11-08 09:48:00;227.830
2014-11-08 09:49:00;234.640
2014-11-08 09:50:00;231.840
2014-11-08 09:51:00;233.140
2014-11-08 09:52:00;235.190
2014-11-08 09:53:00;231.710
2014-11-08 09:54:00;235.640
2014-11-08 09:55:00;231.540
2014-11-08 09:56:00;238.440
2014-11-08 09:57:00;231.640
2014-11-08 09:58:00;232.490
2014-11-08 09:59:00;235.520
2014-11-08 10:00:00;231.040
2014-11-08 10:01:00;234.390
2014-11-08 10:02:00;230.540
2014-11-08 10:03:00;241.150
2014-11-08 10:04:00;229.610
2014-11-08 10:05:00;237.620
2014-11-08 10:06:00;236.820
2014-11-08 10:07:00;234.370
2014-11-08 10:08:00;234.740
2014-11-08 10:09:00;233.660
2014-11-08 10:10:00;234.670
2014-11-08 10:11:00;233.840
2014-11-08 10:12:00;238.600
2014-11-08 10:13:00;236.470
2014-11-08 10:14:00;240.650
2014-11-08 10:15:00;238.420
2014-11-08 10:16:00;229.960
2014-11-08 10:17:00;233.690
2014-11-08 10:18:00;236.870
2014-11-08 10:19:00;236.440
2014-11-08 10:20:00;230.440
2014-11-08 10:21:00;228.280
2014-11-08 10:22:00;235.870
2014-11-08 10:23:00;230.640
2014-11-08 10:24:00;232.010
2014-11-08 10:25:00;239.220
2014-11-08 10:26:00;241.550
2014-11-08 10:27:00;234.420
2014-11-08 10:28:00;235.440
2014-11-08 10:29:00;234.220
2014-11-08 10:30:00;231.890
2014-11-08 10:31:00;237.870
2014-11-08 10:32:00;238.440
2014-11-08 10:33:00;231.410
2014-11-08 10:34:00;236.240
2014-11-08 10:35:00;232.210
2014-11-08 10:36:00;233.460
2014-11-08 10:37:00;234.440
2014-11-08 10:38:00;229.530
2014-11-08 10:39:00;229.910
2014-11-08 10:40:00;234.370
2014-11-08 10:41:00;230.860
2014-11-08 10:42:00;238.320
2014-11-08 10:43:00;241.020
2014-11-08 10:44:00;235.640
2014-11-08 10:45:00;234.920
2014-11-08 10:46:00;230.690
2014-11-08 10:47:00;235.590
2014-11-08 10:48:00;243.130
2014-11-08 10:49:00;231.960
2014-11-08 10:50:00;237.470
2014-11-08 10:51:00;225.230
2014-11-08 10:52:00;231.060
2014-11-08 10:53:00;231.090
2014-11-08 10:54:00;233.440
2014-11-08 10:55:00;232.960
2014-11-08 10:56:00;234.840
2014-11-08 10:57:00;232.290
2014-11-08 10:58:00;237.770
2014-11-08 10:59:00;234.970
2014-11-08 11:00:00;227.260
2014-11-08 11:01:00;231.210
2014-11-08 11:02:00;228.410
2014-11-08 11:03:00;235.440
2014-11-08 11:04:00;232.010
2014-11-08 11:05:00;233.010
2014-11-08 11:06:00;237.270
2014-11-08 11:07:00;229.430
2014-11-08 11:08:00;238.420
2014-11-08 11:09:00;229.960
2014-11-08 11:10:00;232.510
2014-11-08 11:11:00;230.640
2014-11-08 11:12:00;228.460
2014-11-08 11:13:00;234.620
2014-11-08 11:14:00;235.770
2014-11-08 11:15:00;231.960
2014-11-08 11:16:00;229.280
2014-11-08 11:17:00;230.940
2014-11-08 11:18:00;231.310
2014-11-08 11:19:00;233.840
2014-11-08 11:20:00;233.240
2014-11-08 11:21:00;235.620
2014-11-08 11:22:00;231.540
2014-11-08 11:23:00;233.260
2014-11-08 11:24:00;233.860
2014-11-08 11:25:00;232.460
2014-11-08 11:26:00;230.410
2014-11-08 11:27:00;237.940
2014-11-08 11:28:00;231.560
2014-11-08 11:29:00;235.640
2014-11-08 11:30:00;237.890
2014-11-08 11:31:00;232.690
2014-11-08 11:32:00;237.040
2014-11-08 11:33:00;231.010
2014-11-08 11:34:00;228.980
2014-11-08 11:35:00;236.640
2014-11-08 11:36:00;236.840
2014-11-08 11:37:00;235.820
2014-11-08 11:38:00;237.540
2014-11-08 11:39:00;232.840
2014-11-08 11:40:00;233.810
2014-11-08 11:41:00;234.890
2014-11-08 11:42:00;235.040
2014-11-08 11:43:00;233.390
2014-11-08 11:44:00;234.640
2014-11-08 11:45:00;229.280
2014-11-08 11:46:00;238.620
2014-11-08 11:47:00;238.600
2014-11-08 11:48:00;224.700
2014-11-08 11:49:00;236.620
2014-11-08 11:50:00;240.000
2014-11-08 11:51:00;230.440
2014-11-08 11:52:00;237.970
2014-11-08 11:53:00;235.220
2014-11-08 11:54:00;232.510
2014-11-08 11:55:00;233.560
2014-11-08 11:56:00;231.440
2014-11-08 11:57:00;231.160
2014-11-08 11:58:00;237.470
2014-11-08 11:59:00;235.220
2014-11-08 12:00:00;237.640
2014-11-08 12:01:00;231.060
2014-11-08 12:02:00;229.760
2014-11-08 12:03:00;236.690
2014-11-08 12:04:00;234.190
2014-11-08 12:05:00;233.390
2014-11-08 12:06:00;233.890
2014-11-08 12:07:00;242.420
2014-11-08 12:08:00;231.460
2014-11-08 12:09:00;237.720
2014-11-08 12:10:00;233.160
2014-11-08 12:11:00;233.610
2014-11-08 12:12:00;234.060
2014-11-08 12:13:00;239.300
2014-11-08 12:14:00;240.750
2014-11-08 12:15:00;231.410
2014-11-08 12:16:00;238.650
2014-11-08 12:17:00;229.860
2014-11-08 12:18:00;234.140
2014-11-08 12:19:00;232.690
2014-11-08 12:20:00;236.890
2014-11-08 12:21:00;231.640
2014-11-08 12:22:00;234.170
2014-11-08 12:23:00;233.210
2014-11-08 12:24:00;238.950
2014-11-08 12:25:00;236.920
2014-11-08 12:26:00;237.970
2014-11-08 12:27:00;235.120
2014-11-08 12:28:00;239.870
2014-11-08 12:29:00;239.020
2014-11-08 12:30:00;233.410
2014-11-08 12:31:00;231.340
2014-11-08 12:32:00;236.690
2014-11-08 12:33:00;231.660
2014-11-08 12:34:00;236.720
2014-11-08 12:35:00;232.510
2014-11-08 12:36:00;239.950
2014-11-08 12:37:00;237.820
2014-11-08 12:38:00;234.190
2014-11-08 12:39:00;234.220
2014-11-08 12:40:00;230.310
2014-11-08 12:41:00;236.170
2014-11-08 12:42:00;234.470
2014-11-08 12:43:00;233.660
2014-11-08 12:44:00;233.990
2014-11-08 12:45:00;235.620
2014-11-08 12:46:00;235.170
2014-11-08 12:47:00;231.810
2014-11-08 12:48:00;231.760
2014-11-08 12:49:00;234.240
2014-11-08 12:50:00;233.940
2014-11-08 12:51:00;232.440
2014-11-08 12:52:00;239.620
2014-11-08 12:53:00;236.590
2014-11-08 12:54:00;233.260
2014-11-08 12:55:00;238.440
2014-11-08 12:56:00;231.060
2014-11-08 12:57:00;236.670
2014-11-08 12:58:00;234.590
2014-11-08 12:59:00;236.090
2014-11-08 13:00:00;228.510
2014-11-08 13:01:00;236.890
2014-11-08 13:02:00;233.390
2014-11-08 13:03:00;237.220
2014-11-08 13:04:00;234.970
2014-11-08 13:05:00;226.180
2014-11-08 13:06:00;238.170
2014-11-08 13:07:00;232.710
2014-11-08 13:08:00;230.710
2014-11-08 13:09:00;239.620
2014-11-08 13:10:00;237.340
2014-11-08 13:11:00;239.600
2014-11-08 13:12:00;235.820
2014-11-08 13:13:00;239.050
2014-11-08 13:14:00;232.460
2014-11-08 13:15:00;237.370
2014-11-08 13:16:00;235.170
2014-11-08 13:17:00;235.220
2014-11-08 13:18:00;233.340
2014-11-08 13:19:00;233.240
2014-11-08 13:20:00;229.940
2014-11-08 13:21:00;229.910
2014-11-08 13:22:00;235.420
2014-11-08 13:23:00;236.540
2014-11-08 13:24:00;229.530
2014-11-08 13:25:00;233.310
2014-11-08 13:26:00;233.240
2014-11-08 13:27:00;239.520
2014-11-08 13:28:00;238.800
2014-11-08 13:29:00;234.120
2014-11-08 13:30:00;237.490
2014-11-08 13:31:00;234.170
2014-11-08 13:32:00;230.960
2014-11-08 13:33:00;236.390
2014-11-08 13:34:00;236.190
2014-11-08 13:35:00;232.040
2014-11-08 13:36:00;232.790
2014-11-08 13:37:00;227.180
2014-11-08 13:38:00;234.940
2014-11-08 13:39:00;231.710
2014-11-08 13:40:00;237.940
2014-11-08 13:41:00;231.710
2014-11-08 13:42:00;228.230
2014-11-08 13:43:00;234.290
2014-11-08 13:44:00;238.600
2014-11-08 13:45:00;230.740
2014-11-08 13:46:00;235.340
2014-11-08 13:47:00;234.010
2014-11-08 13:48:00;233.960
2014-11-08 13:49:00;231.060
2014-11-08 13:50:00;241.670
2014-11-08 13:51:00;231.410
2014-11-08 13:52:00;234.740
2014-11-08 13:53:00;231.860
2014-11-08 13:54:00;232.260
2014-11-08 13:55:00;237.790
2014-11-08 13:56:00;241.350
2014-11-08 13:57:00;242.400
2014-11-08 13:58:00;233.940
2014-11-08 13:59:00;228.930
2014-11-08 14:00:00;241.120
2014-11-08 14:01:00;222.680
2014-11-08 14:02:00;239.470
2014-11-08 14:03:00;232.490
2014-11-08 14:04:00;235.170
2014-11-08 14:05:00;233.860
2014-11-08 14:06:00;235.270
2014-11-08 14:07:00;235.390
2014-11-08 14:08:00;239.920
2014-11-08 14:09:00;236.120
2014-11-08 14:10:00;232.360
2014-11-08 14:11:00;228.510
2014-11-08 14:12:00;238.800
2014-11-08 14:13:00;232.010
2014-11-08 14:14:00;236.840
2014-11-08 14:15:00;239.370
2014-11-08 14:16:00;239.670
2014-11-08 14:17:00;239.100
2014-11-08 14:18:00;233.840
2014-11-08 14:19:00;238.670
2014-11-08 14:20:00;237.920
2014-11-08 14:21:00;234.220
2014-11-08 14:22:00;229.960
2014-11-08 14:23:00;234.040
2014-11-08 14:24:00;234.870
2014-11-08 14:25:00;230.710
2014-11-08 14:26:00;237.120
2014-11-08 14:27:00;237.570
2014-11-08 14:28:00;236.770
2014-11-08 14:29:00;232.410
2014-11-08 14:30:00;234.370
2014-11-08 14:31:00;236.770
2014-11-08 14:32:00;231.840
2014-11-08 14:33:00;232.160
2014-11-08 14:34:00;232.360
2014-11-08 14:35:00;235.040
2014-11-08 14:36:00;232.240
2014-11-08 14:37:00;239.750
2014-11-08 14:38:00;225.780
2014-11-08 14:39:00;232.510
2014-11-08 14:40:00;235.940
2014-11-08 14:41:00;230.460
2014-11-08 14:42:00;230.390
2014-11-08 14:43:00;233.690
2014-11-08 14:44:00;232.740
2014-11-08 14:45:00;229.580
2014-11-08 14:46:00;237.020
2014-11-08 14:47:00;228.560
2014-11-08 14:48:00;234.170
2014-11-08 14:49:00;235.370
2014-11-08 14:50:00;234.970
2014-11-08 14:51:00;230.740
2014-11-08 14:52:00;234.370
2014-11-08 14:53:00;231.410
2014-11-08 14:54:00;230.240
2014-11-08 14:55:00;229.180
2014-11-08 14:56:00;228.760
2014-11-08 14:57:00;237.120
2014-11-08 14:58:00;231.860
2014-11-08 14:59:00;236.820
2014-11-08 15:00:00;232.690
2014-11-08 15:01:00;237.040
2014-11-08 15:02:00;231.040
2014-11-08 15:03:00;229.280
2014-11-08 15:04:00;234.140
2014-11-08 15:05:00;231.310
2014-11-08 15:06:00;236.190
2014-11-08 15:07:00;235.470
2014-11-08 15:08:00;238.900
2014-11-08 15:09:00;232.640
2014-11-08 15:10:00;242.070
2014-11-08 15:11:00;231.760
2014-11-08 15:12:00;236.820
2014-11-08 15:13:00;233.610
2014-11-08 15:14:00;236.440
2014-11-08 15:15:00;234.590
2014-11-08 15:16:00;234.870
2014-11-08 15:17:00;233.660
2014-11-08 15:18:00;231.410
2014-11-08 15:19:00;235.040
2014-11-08 15:20:00;231.460
2014-11-08 15:21:00;232.210
2014-11-08 15:22:00;235.020
2014-11-08 15:23:00;231.290
2014-11-08 15:24:00;235.640
2014-11-08 15:25:00;236.870
2014-11-08 15:26:00;227.860
2014-11-08 15:27:00;227.430
2014-11-08 15:28:00;236.420
2014-11-08 15:29:00;232.340
2014-11-08 15:30:00;234.420
2014-11-08 15:31:00;229.580
2014-11-08 15:32:00;236.620
2014-11-08 15:33:00;233.560
2014-11-08 15:34:00;235.690
2014-11-08 15:35:00;230.860
2014-11-08 15:36:00;228.880
2014-11-08 15:37:00;231.110
2014-11-08 15:38:00;232.290
2014-11-08 15:39:00;231.790
2014-11-08 15:40:00;230.060
2014-11-08 15:41:00;234.920
2014-11-08 15:42:00;230.210
2014-11-08 15:43:00;227.980
2014-11-08 15:44:00;233.560
2014-11-08 15:45:00;224.130
2014-11-08 15:46:00;236.170
2014-11-08 15:47:00;239.120
2014-11-08 15:48:00;238.520
2014-11-08 15:49:00;234.340
2014-11-08 15:50:00;234.470
2014-11-08 15:51:00;235.120
2014-11-08 15:52:00;236.070
2014-11-08 15:53:00;238.750
2014-11-08 15:54:00;228.310
2014-11-08 15:55:00;235.270
2014-11-08 15:56:00;223.930
2014-11-08 15:57:00;233.340
2014-11-08 15:58:00;229.260
2014-11-08 15:59:00;232.510
2014-11-08 16:00:00;232.290
2014-11-08 16:01:00;236.220
2014-11-08 16:02:00;237.390
2014-11-08 16:03:00;232.440
2014-11-08 16:04:00;237.170
2014-11-08 16:05:00;233.790
2014-11-08 16:06:00;232.990
2014-11-08 16:07:00;233.710
2014-11-08 16:08:00;227.560
2014-11-08 16:09:00;231.740
2014-11-08 16:10:00;232.190
2014-11-08 16:11:00;236.990
2014-11-08 16:12:00;228.830
2014-11-08 16:13:00;234.540
2014-11-08 16:14:00;234.520
2014-11-08 16:15:00;240.070
2014-11-08 16:16:00;233.560
2014-11-08 16:17:00;233.560
2014-11-08 16:18:00;236.170
2014-11-08 16:19:00;233.960
2014-11-08 16:20:00;236.290
2014-11-08 16:21:00;233.010
2014-11-08 16:22:00;231.890
2014-11-08 16:23:00;234.010
2014-11-08 16:24:00;234.840
2014-11-08 16:25:00;231.890
2014-11-08 16:26:00;235.770
2014-11-08 16:27:00;234.490
2014-11-08 16:28:00;235.690
2014-11-08 16:29:00;234.520
2014-11-08 16:30:00;236.970
2014-11-08 16:31:00;234.640
2014-11-08 16:32:00;229.280
2014-11-08 16:33:00;227.360
2014-11-08 16:34:00;231.010
2014-11-08 16:35:00;238.700
2014-11-08 16:36:00;233.810
2014-11-08 16:37:00;230.240
2014-11-08 16:38:00;233.360
2014-11-08 16:39:00;238.520
2014-11-08 16:40:00;231.360
2014-11-08 16:41:00;232.540
2014-11-08 16:42:00;232.190
2014-11-08 16:43:00;238.020
2014-11-08 16:44:00;233.360
2014-11-08 16:45:00;240.950
2014-11-08 16:46:00;233.260
2014-11-08 16:47:00;231.460
2014-11-08 16:48:00;233.960
2014-11-08 16:49:00;236.070
2014-11-08 16:50:00;224.150
2014-11-08 16:51:00;230.590
2014-11-08 16:52:00;237.470
2014-11-08 16:53:00;241.200
2014-11-08 16:54:00;239.900
2014-11-08 16:55:00;237.520
2014-11-08 16:56:00;232.210
2014-11-08 16:57:00;230.110
2014-11-08 16:58:00;231.240
2014-11-08 16:59:00;229.330
2014-11-08 17:00:00;232.740
2014-11-08 17:01:00;235.690
2014-11-08 17:02:00;236.140
2014-11-08 17:03:00;236.140
2014-11-08 17:04:00;232.190
2014-11-08 17:05:00;230.210
2014-11-08 17:06:00;227.480
2014-11-08 17:07:00;231.340
2014-11-08 17:08:00;233.510
2014-11-08 17:09:00;237.040
2014-11-08 17:10:00;238.570
2014-11-08 17:11:00;237.040
2014-11-08 17:12:00;230.590
2014-11-08 17:13:00;237.040
2014-11-08 17:14:00;231.740
2014-11-08 17:15:00;237.140
2014-11-08 17:16:00;230.810
2014-11-08 17:17:00;234.840
2014-11-08 17:18:00;233.610
2014-11-08 17:19:00;232.140
2014-11-08 17:20:00;236.140
2014-11-08 17:21:00;234.170
2014-11-08 17:22:00;231.110
2014-11-08 17:23:00;230.990
2014-11-08 17:24:00;233.540
2014-11-08 17:25:00;232.190
2014-11-08 17:26:00;234.320
2014-11-08 17:27:00;230.410
2014-11-08 17:28:00;233.240
2014-11-08 17:29:00;232.510
2014-11-08 17:30:00;228.580
2014-11-08 17:31:00;229.430
2014-11-08 17:32:00;238.090
2014-11-08 17:33:00;233.790
2014-11-08 17:34:00;234.040
2014-11-08 17:35:00;235.740
2014-11-08 17:36:00;228.330
2014-11-08 17:37:00;231.310
2014-11-08 17:38:00;235.720
2014-11-08 17:39:00;232.060
2014-11-08 17:40:00;234.340
2014-11-08 17:41:00;233.340
2014-11-08 17:42:00;240.500
2014-11-08 17:43:00;228.460
2014-11-08 17:44:00;227.680
2014-11-08 17:45:00;224.980
2014-11-08 17:46:00;237.970
2014-11-08 17:47:00;232.390
2014-11-08 17:48:00;235.670
2014-11-08 17:49:00;234.920
2014-11-08 17:50:00;237.890
2014-11-08 17:51:00;237.870
2014-11-08 17:52:00;232.160
2014-11-08 17:53:00;236.040
2014-11-08 17:54:00;229.130
2014-11-08 17:55:00;241.850
2014-11-08 17:56:00;238.170
2014-11-08 17:57:00;228.630
2014-11-08 17:58:00;233.660
2014-11-08 17:59:00;231.090
2014-11-08 18:00:00;229.560
2014-11-08 18:01:00;235.020
2014-11-08 18:02:00;230.060
2014-11-08 18:03:00;233.060
2014-11-08 18:04:00;232.440
2014-11-08 18:05:00;238.040
2014-11-08 18:06:00;229.310
2014-11-08 18:07:00;234.670
2014-11-08 18:08:00;236.040
2014-11-08 18:09:00;234.640
2014-11-08 18:10:00;239.470
2014-11-08 18:11:00;233.390
2014-11-08 18:12:00;233.740
2014-11-08 18:13:00;228.910
2014-11-08 18:14:00;238.070
2014-11-08 18:15:00;230.110
2014-11-08 18:16:00;231.890
2014-11-08 18:17:00;233.960
2014-11-08 18:18:00;238.040
2014-11-08 18:19:00;227.510
2014-11-08 18:20:00;230.810
2014-11-08 18:21:00;235.740
2014-11-08 18:22:00;230.610
2014-11-08 18:23:00;232.410
2014-11-08 18:24:00;231.290
2014-11-08 18:25:00;241.920
2014-11-08 18:26:00;234.370
2014-11-08 18:27:00;236.790
2014-11-08 18:28:00;237.720
2014-11-08 18:29:00;236.470
2014-11-08 18:30:00;232.690
2014-11-08 18:31:00;237.340
2014-11-08 18:32:00;231.590
2014-11-08 18:33:00;235.690
2014-11-08 18:34:00;235.470
2014-11-08 18:35:00;238.440
2014-11-08 18:36:00;232.590
2014-11-08 18:37:00;235.790
2014-11-08 18:38:00;232.940
2014-11-08 18:39:00;233.410
2014-11-08 18:40:00;233.560
2014-11-08 18:41:00;230.960
2014-11-08 18:42:00;231.060
2014-11-08 18:43:00;236.220
2014-11-08 18:44:00;234.140
2014-11-08 18:45:00;233.210
2014-11-08 18:46:00;232.110
2014-11-08 18:47:00;232.160
2014-11-08 18:48:00;228.630
2014-11-08 18:49:00;226.830
2014-11-08 18:50:00;231.590
2014-11-08 18:51:00;235.990
2014-11-08 18:52:00;239.620
2014-11-08 18:53:00;234.690
2014-11-08 18:54:00;231.510
2014-11-08 18:55:00;237.970
2014-11-08 18:56:00;237.920
2014-11-08 18:57:00;236.640
2014-11-08 18:58:00;230.210
2014-11-08 18:59:00;235.520
2014-11-08 19:00:00;232.240
2014-11-08 19:01:00;232.510
2014-11-08 19:02:00;232.660
2014-11-08 19:03:00;234.090
2014-11-08 19:04:00;237.820
2014-11-08 19:05:00;238.320
2014-11-08 19:06:00;237.270
2014-11-08 19:07:00;229.790
2014-11-08 19:08:00;234.420
2014-11-08 19:09:00;236.190
2014-11-08 19:10:00;227.460
2014-11-08 19:11:00;233.740
2014-11-08 19:12:00;236.340
2014-11-08 19:13:00;235.220
2014-11-08 19:14:00;231.640
2014-11-08 19:15:00;235.570
2014-11-08 19:16:00;238.120
2014-11-08 19:17:00;235.790
2014-11-08 19:18:00;234.370
2014-11-08 19:19:00;236.170
2014-11-08 19:20:00;242.750
2014-11-08 19:21:00;228.910
2014-11-08 19:22:00;236.890
2014-11-08 19:23:00;237.540
2014-11-08 19:24:00;235.040
2014-11-08 19:25:00;232.160
2014-11-08 19:26:00;231.360
2014-11-08 19:27:00;225.910
2014-11-08 19:28:00;236.240
2014-11-08 19:29:00;233.860
2014-11-08 19:30:00;236.140
2014-11-08 19:31:00;231.540
2014-11-08 19:32:00;239.920
2014-11-08 19:33:00;231.290
2014-11-08 19:34:00;229.990
2014-11-08 19:35:00;235.840
2014-11-08 19:36:00;233.210
2014-11-08 19:37:00;236.190
2014-11-08 19:38:00;231.240
2014-11-08 19:39:00;232.790
2014-11-08 19:40:00;237.020
2014-11-08 19:41:00;231.960
2014-11-08 19:42:00;234.870
2014-11-08 19:43:00;228.560
2014-11-08 19:44:00;231.060
2014-11-08 19:45:00;236.140
2014-11-08 19:46:00;235.120
2014-11-08 19:47:00;233.310
2014-11-08 19:48:00;233.640
2014-11-08 19:49:00;227.680
2014-11-08 19:50:00;231.760
2014-11-08 19:51:00;236.620
2014-11-08 19:52:00;236.570
2014-11-08 19:53:00;237.740
2014-11-08 19:54:00;230.160
2014-11-08 19:55:00;229.260
2014-11-08 19:56:00;236.040
2014-11-08 19:57:00;240.770
2014-11-08 19:58:00;239.620
2014-11-08 19:59:00;228.060
2014-11-08 20:00:00;233.140
2014-11-08 20:01:00;239.520
2014-11-08 20:02:00;230.660
2014-11-08 20:03:00;228.480
2014-11-08 20:04:00;233.290
2014-11-08 20:05:00;231.010
2014-11-08 20:06:00;236.440
2014-11-08 20:07:00;231.960
2014-11-08 20:08:00;232.690
2014-11-08 20:09:00;235.290
2014-11-08 20:10:00;233.440
2014-11-08 20:11:00;236.020
2014-11-08 20:12:00;238.700
2014-11-08 20:13:00;234.120
2014-11-08 20:14:00;232.140
2014-11-08 20:15:00;236.890
2014-11-08 20:16:00;239.120
2014-11-08 20:17:00;226.360
2014-11-08 20:18:00;232.190
2014-11-08 20:19:00;239.150
2014-11-08 20:20:00;233.160
2014-11-08 20:21:00;235.320
2014-11-08 20:22:00;231.960
2014-11-08 20:23:00;239.450
2014-11-08 20:24:00;238.370
2014-11-08 20:25:00;239.070
2014-11-08 20:26:00;235.470
2014-11-08 20:27:00;235.540
2014-11-08 20:28:00;233.490
2014-11-08 20:29:00;227.060
2014-11-08 20:30:00;235.570
2014-11-08 20:31:00;237.070
2014-11-08 20:32:00;233.910
2014-11-08 20:33:00;237.370
2014-11-08 20:34:00;234.040
2014-11-08 20:35:00;230.940
2014-11-08 20:36:00;229.210
2014-11-08 20:37:00;232.360
2014-11-08 20:38:00;235.570
2014-11-08 20:39:00;229.860
2014-11-08 20:40:00;226.810
2014-11-08 20:41:00;236.820
2014-11-08 20:42:00;235.570
2014-11-08 20:43:00;232.660
2014-11-08 20:44:00;232.940
2014-11-08 20:45:00;234.890
2014-11-08 20:46:00;231.690
2014-11-08 20:47:00;239.370
2014-11-08 20:48:00;232.740
2014-11-08 20:49:00;239.920
2014-11-08 20:50:00;235.040
2014-11-08 20:51:00;235.470
2014-11-08 20:52:00;232.410
2014-11-08 20:53:00;236.890
2014-11-08 20:54:00;234.440
2014-11-08 20:55:00;235.320
2014-11-08 20:56:00;235.490
2014-11-08 20:57:00;227.780
2014-11-08 20:58:00;235.290
2014-11-08 20:59:00;231.410
2014-11-08 21:00:00;232.140
2014-11-08 21:01:00;230.310
2014-11-08 21:02:00;233.390
2014-11-08 21:03:00;232.760
2014-11-08 21:04:00;233.910
2014-11-08 21:05:00;235.470
2014-11-08 21:06:00;227.980
2014-11-08 21:07:00;236.340
2014-11-08 21:08:00;231.240
2014-11-08 21:09:00;235.990
2014-11-08 21:10:00;231.540
2014-11-08 21:11:00;236.270
2014-11-08 21:12:00;233.660
2014-11-08 21:13:00;237.270
2014-11-08 21:14:00;236.840
2014-11-08 21:15:00;232.560
2014-11-08 21:16:00;240.700
2014-11-08 21:17:00;228.480
2014-11-08 21:18:00;237.120
2014-11-08 21:19:00;231.090
2014-11-08 21:20:00;235.870
2014-11-08 21:21:00;230.240
2014-11-08 21:22:00;231.560
2014-11-08 21:23:00;231.160
2014-11-08 21:24:00;235.970
2014-11-08 21:25:00;234.190
2014-11-08 21:26:00;231.890
2014-11-08 21:27:00;236.040
2014-11-08 21:28:00;232.040
2014-11-08 21:29:00;238.220
2014-11-08 21:30:00;235.990
2014-11-08 21:31:00;231.560
2014-11-08 21:32:00;236.820
2014-11-08 21:33:00;231.340
2014-11-08 21:34:00;232.060
2014-11-08 21:35:00;236.240
2014-11-08 21:36:00;232.490
2014-11-08 21:37:00;235.490
2014-11-08 21:38:00;231.740
2014-11-08 21:39:00;233.960
2014-11-08 21:40:00;235.270
2014-11-08 21:41:00;236.320
2014-11-08 21:42:00;234.620
2014-11-08 21:43:00;235.740
2014-11-08 21:44:00;234.220
2014-11-08 21:45:00;227.860
2014-11-08 21:46:00;232.790
2014-11-08 21:47:00;233.040
2014-11-08 21:48:00;235.770
2014-11-08 21:49:00;233.160
2014-11-08 21:50:00;237.540
2014-11-08 21:51:00;237.490
2014-11-08 21:52:00;236.590
2014-11-08 21:53:00;231.990
2014-11-08 21:54:00;233.860
2014-11-08 21:55:00;238.090
2014-11-08 21:56:00;231.740
2014-11-08 21:57:00;230.090
2014-11-08 21:58:00;231.410
2014-11-08 21:59:00;230.990
2014-11-08 22:00:00;232.210
2014-11-08 22:01:00;235.970
2014-11-08 22:02:00;236.470
2014-11-08 22:03:00;228.730
2014-11-08 22:04:00;230.060
2014-11-08 22:05:00;231.390
2014-11-08 22:06:00;233.710
2014-11-08 22:07:00;227.580
2014-11-08 22:08:00;232.910
2014-11-08 22:09:00;232.310
2014-11-08 22:10:00;231.190
2014-11-08 22:11:00;227.780
2014-11-08 22:12:00;233.740
2014-11-08 22:13:00;226.930
2014-11-08 22:14:00;236.740
2014-11-08 22:15:00;234.140
2014-11-08 22:16:00;231.260
2014-11-08 22:17:00;233.840
2014-11-08 22:18:00;237.670
2014-11-08 22:19:00;232.910
2014-11-08 22:20:00;228.930
2014-11-08 22:21:00;235.370
2014-11-08 22:22:00;231.740
2014-11-08 22:23:00;232.910
2014-11-08 22:24:00;234.340
2014-11-08 22:25:00;237.940
2014-11-08 22:26:00;229.280
2014-11-08 22:27:00;236.920
2014-11-08 22:28:00;235.370
2014-11-08 22:29:00;231.810
2014-11-08 22:30:00;237.220
2014-11-08 22:31:00;238.600
2014-11-08 22:32:00;230.690
2014-11-08 22:33:00;229.030
2014-11-08 22:34:00;235.670
2014-11-08 22:35:00;233.740
2014-11-08 22:36:00;232.590
2014-11-08 22:37:00;234.940
2014-11-08 22:38:00;236.370
2014-11-08 22:39:00;236.720
2014-11-08 22:40:00;237.290
2014-11-08 22:41:00;233.890
2014-11-08 22:42:00;230.710
2014-11-08 22:43:00;232.790
2014-11-08 22:44:00;236.740
2014-11-08 22:45:00;236.470
2014-11-08 22:46:00;234.120
2014-11-08 22:47:00;234.170
2014-11-08 22:48:00;235.440
2014-11-08 22:49:00;230.290
2014-11-08 22:50:00;232.160
2014-11-08 22:51:00;232.110
2014-11-08 22:52:00;236.470
2014-11-08 22:53:00;235.670
2014-11-08 22:54:00;235.820
2014-11-08 22:55:00;233.460
2014-11-08 22:56:00;234.690
2014-11-08 22:57:00;232.490
2014-11-08 22:58:00;235.520
2014-11-08 22:59:00;234.590
2014-11-08 23:00:00;229.910
2014-11-08 23:01:00;236.270
2014-11-08 23:02:00;238.950
2014-11-08 23:03:00;234.470
2014-11-08 23:04:00;234.320
2014-11-08 23:05:00;238.670
2014-11-08 23:06:00;235.540
2014-11-08 23:07:00;230.260
2014-11-08 23:08:00;232.710
2014-11-08 23:09:00;231.510
2014-11-08 23:10:00;234.270
2014-11-08 23:11:00;229.630
2014-11-08 23:12:00;229.030
2014-11-08 23:13:00;230.310
2014-11-08 23:14:00;231.240
2014-11-08 23:15:00;233.510
2014-11-08 23:16:00;238.140
2014-11-08 23:17:00;228.130
2014-11-08 23:18:00;231.660
2014-11-08 23:19:00;234.370
2014-11-08 23:20:00;234.370
2014-11-08 23:21:00;229.280
2014-11-08 23:22:00;232.710
2014-11-08 23:23:00;227.860
2014-11-08 23:24:00;240.520
2014-11-08 23:25:00;234.060
2014-11-08 23:26:00;229.610
2014-11-08 23:27:00;242.070
2014-11-08 23:28:00;234.390
2014-11-08 23:29:00;235.390
2014-11-08 23:30:00;222.050
2014-11-08 23:31:00;234.190
2014-11-08 23:32:00;233.540
2014-11-08 23:33:00;232.510
2014-11-08 23:34:00;233.010
2014-11-08 23:35:00;233.240
2014-11-08 23:36:00;232.210
2014-11-08 23:37:00;235.490
2014-11-08 23:38:00;230.390
2014-11-08 23:39:00;229.130
2014-11-08 23:40:00;232.960
2014-11-08 23:41:00;237.240
2014-11-08 23:42:00;235.640
2014-11-08 23:43:00;231.190
2014-11-08 23:44:00;234.390
2014-11-08 23:45:00;236.140
2014-11-08 23:46:00;232.360
2014-11-08 23:47:00;227.480
2014-11-08 23:48:00;232.110
2014-11-08 23:49:00;237.470
2014-11-08 23:50:00;235.090
2014-11-08 23:51:00;233.610
2014-11-08 23:52:00;233.610
2014-11-08 23:53:00;238.600
2014-11-08 23:54:00;235.870
2014-11-08 23:55:00;227.410
2014-11-08 23:56:00;234.570
2014-11-08 23:57:00;226.830
2014-11-08 23:58:00;235.840
2014-11-08 23:59:00;231.410
2014-11-09 00:00:00;236.040
2014-11-09 00:01:00;234.090
2014-11-09 00:02:00;237.740
2014-11-09 00:03:00;239.400
2014-11-09 00:04:00;239.270
2014-11-09 00:05:00;230.740
2014-11-09 00:06:00;235.220
2014-11-09 00:07:00;232.960
2014-11-09 00:08:00;238.290
2014-11-09 00:09:00;236.690
2014-11-09 00:10:00;233.190
2014-11-09 00:11:00;237.440
2014-11-09 00:12:00;236.020
2014-11-09 00:13:00;238.770
2014-11-09 00:14:00;235.890
2014-11-09 00:15:00;234.940
2014-11-09 00:16:00;231.060
2014-11-09 00:17:00;237.890
2014-11-09 00:18:00;231.440
2014-11-09 00:19:00;237.290
2014-11-09 00:20:00;234.340
2014-11-09 00:21:00;240.600
2014-11-09 00:22:00;237.120
2014-11-09 00:23:00;234.220
2014-11-09 00:24:00;226.810
2014-11-09 00:25:00;234.140
2014-11-09 00:26:00;231.440
2014-11-09 00:27:00;237.170
2014-11-09 00:28:00;238.390
2014-11-09 00:29:00;232.240
2014-11-09 00:30:00;234.470
2014-11-09 00:31:00;230.890
2014-11-09 00:32:00;233.490
2014-11-09 00:33:00;234.720
2014-11-09 00:34:00;235.170
2014-11-09 00:35:00;237.740
2014-11-09 00:36:00;230.440
2014-11-09 00:37:00;230.210
2014-11-09 00:38:00;227.460
2014-11-09 00:39:00;231.590
2014-11-09 00:40:00;228.480
2014-11-09 00:41:00;237.190
2014-11-09 00:42:00;232.590
2014-11-09 00:43:00;239.550
2014-11-09 00:44:00;235.120
2014-11-09 00:45:00;233.410
2014-11-09 00:46:00;226.480
2014-11-09 00:47:00;238.550
2014-11-09 00:48:00;230.140
2014-11-09 00:49:00;233.760
2014-11-09 00:50:00;234.590
2014-11-09 00:51:00;232.460
2014-11-09 00:52:00;235.020
2014-11-09 00:53:00;229.710
2014-11-09 00:54:00;229.690
2014-11-09 00:55:00;234.670
2014-11-09 00:56:00;236.520
2014-11-09 00:57:00;231.540
2014-11-09 00:58:00;235.840
2014-11-09 00:59:00;238.770
2014-11-09 01:00:00;230.240
2014-11-09 01:01:00;235.570
2014-11-09 01:02:00;232.810
2014-11-09 01:03:00;225.380
2014-11-09 01:04:00;229.060
2014-11-09 01:05:00;227.960
2014-11-09 01:06:00;236.070
2014-11-09 01:07:00;236.020
2014-11-09 01:08:00;236.270
2014-11-09 01:09:00;227.080
2014-11-09 01:10:00;235.590
2014-11-09 01:11:00;235.790
2014-11-09 01:12:00;234.240
2014-11-09 01:13:00;235.170
2014-11-09 01:14:00;238.370
2014-11-09 01:15:00;232.190
2014-11-09 01:16:00;232.940
2014-11-09 01:17:00;234.590
2014-11-09 01:18:00;228.180
2014-11-09 01:19:00;232.510
2014-11-09 01:20:00;232.390
2014-11-09 01:21:00;230.560
2014-11-09 01:22:00;230.110
2014-11-09 01:23:00;228.580
2014-11-09 01:24:00;234.140
2014-11-09 01:25:00;240.270
2014-11-09 01:26:00;230.740
2014-11-09 01:27:00;229.430
2014-11-09 01:28:00;226.610
2014-11-09 01:29:00;228.980
2014-11-09 01:30:00;225.830
2014-11-09 01:31:00;230.790
2014-11-09 01:32:00;230.610
2014-11-09 01:33:00;236.190
2014-11-09 01:34:00;232.590
2014-11-09 01:35:00;236.140
2014-11-09 01:36:00;237.320
2014-11-09 01:37:00;232.060
2014-11-09 01:38:00;233.340
2014-11-09 01:39:00;236.590
2014-11-09 01:40:00;230.810
2014-11-09 01:41:00;236.320
2014-11-09 01:42:00;234.170
2014-11-09 01:43:00;228.030
2014-11-09 01:44:00;231.610
2014-11-09 01:45:00;242.200
2014-11-09 01:46:00;232.590
2014-11-09 01:47:00;232.210
2014-11-09 01:48:00;232.640
2014-11-09 01:49:00;233.190
2014-11-09 01:50:00;234.920
2014-11-09 01:51:00;234.720
2014-11-09 01:52:00;230.410
2014-11-09 01:53:00;235.370
2014-11-09 01:54:00;239.050
2014-11-09 01:55:00;231.840
2014-11-09 01:56:00;234.770
2014-11-09 01:57:00;232.560
2014-11-09 01:58:00;236.370
2014-11-09 01:59:00;232.310
2014-11-09 02:00:00;230.340
2014-11-09 02:01:00;240.050
2014-11-09 02:02:00;237.840
2014-11-09 02:03:00;234.940
2014-11-09 02:04:00;233.960
2014-11-09 02:05:00;233.540
2014-11-09 02:06:00;234.390
2014-11-09 02:07:00;227.710
2014-11-09 02:08:00;238.490
2014-11-09 02:09:00;233.060
2014-11-09 02:10:00;233.360
2014-11-09 02:11:00;229.210
2014-11-09 02:12:00;235.490
2014-11-09 02:13:00;225.930
2014-11-09 02:14:00;234.320
2014-11-09 02:15:00;239.620
2014-11-09 02:16:00;234.420
2014-11-09 02:17:00;234.720
2014-11-09 02:18:00;232.440
2014-11-09 02:19:00;234.240
2014-11-09 02:20:00;236.170
2014-11-09 02:21:00;232.610
2014-11-09 02:22:00;231.440
2014-11-09 02:23:00;231.590
2014-11-09 02:24:00;234.290
2014-11-09 02:25:00;232.060
2014-11-09 02:26:00;232.460
2014-11-09 02:27:00;232.260
2014-11-09 02:28:00;233.040
2014-11-09 02:29:00;233.860
2014-11-09 02:30:00;233.310
2014-11-09 02:31:00;226.260
2014-11-09 02:32:00;226.730
2014-11-09 02:33:00;233.610
2014-11-09 02:34:00;229.710
2014-11-09 02:35:00;229.910
2014-11-09 02:36:00;231.740
2014-11-09 02:37:00;233.590
2014-11-09 02:38:00;232.990
2014-11-09 02:39:00;232.460
2014-11-09 02:40:00;233.790
2014-11-09 02:41:00;237.040
2014-11-09 02:42:00;235.090
2014-11-09 02:43:00;236.620
2014-11-09 02:44:00;232.890
2014-11-09 02:45:00;233.540
2014-11-09 02:46:00;235.990
2014-11-09 02:47:00;236.170
2014-11-09 02:48:00;236.670
2014-11-09 02:49:00;234.770
2014-11-09 02:50:00;234.270
2014-11-09 02:51:00;236.770
2014-11-09 02:52:00;233.710
2014-11-09 02:53:00;229.940
2014-11-09 02:54:00;230.610
2014-11-09 02:55:00;237.940
2014-11-09 02:56:00;233.890
2014-11-09 02:57:00;241.320
2014-11-09 02:58:00;227.430
2014-11-09 02:59:00;234.990
2014-11-09 03:00:00;237.040
2014-11-09 03:01:00;238.270
2014-11-09 03:02:00;237.140
2014-11-09 03:03:00;230.610
2014-11-09 03:04:00;237.840
2014-11-09 03:05:00;234.190
2014-11-09 03:06:00;232.840
2014-11-09 03:07:00;234.820
2014-11-09 03:08:00;238.040
2014-11-09 03:09:00;235.220
2014-11-09 03:10:00;232.090
2014-11-09 03:11:00;236.420
2014-11-09 03:12:00;231.340
2014-11-09 03:13:00;235.070
2014-11-09 03:14:00;231.790
2014-11-09 03:15:00;237.770
2014-11-09 03:16:00;231.660
2014-11-09 03:17:00;227.960
2014-11-09 03:18:00;231.060
2014-11-09 03:19:00;234.320
2014-11-09 03:20:00;242.350
2014-11-09 03:21:00;231.140
2014-11-09 03:22:00;235.120
2014-11-09 03:23:00;235.220
2014-11-09 03:24:00;232.610
2014-11-09 03:25:00;229.790
2014-11-09 03:26:00;237.470
2014-11-09 03:27:00;232.540
2014-11-09 03:28:00;233.860
2014-11-09 03:29:00;232.010
2014-11-09 03:30:00;229.130
2014-11-09 03:31:00;227.660
2014-11-09 03:32:00;228.980
2014-11-09 03:33:00;232.890
2014-11-09 03:34:00;229.260
2014-11-09 03:35:00;233.340
2014-11-09 03:36:00;234.470
2014-11-09 03:37:00;229.630
2014-11-09 03:38:00;232.990
2014-11-09 03:39:00;241.150
2014-11-09 03:40:00;235.940
2014-11-09 03:41:00;234.190
2014-11-09 03:42:00;231.860
2014-11-09 03:43:00;233.940
2014-11-09 03:44:00;229.510
2014-11-09 03:45:00;239.000
2014-11-09 03:46:00;231.390
2014-11-09 03:47:00;226.130
2014-11-09 03:48:00;234.090
2014-11-09 03:49:00;237.390
2014-11-09 03:50:00;233.410
2014-11-09 03:51:00;226.880
2014-11-09 03:52:00;231.760
2014-11-09 03:53:00;238.240
2014-11-09 03:54:00;231.310
2014-11-09 03:55:00;240.750
2014-11-09 03:56:00;239.970
2014-11-09 03:57:00;236.190
2014-11-09 03:58:00;235.920
2014-11-09 03:59:00;235.740
2014-11-09 04:00:00;233.190
2014-11-09 04:01:00;231.290
2014-11-09 04:02:00;236.170
2014-11-09 04:03:00;235.570
2014-11-09 04:04:00;236.140
2014-11-09 04:05:00;238.170
2014-11-09 04:06:00;227.380
2014-11-09 04:07:00;228.260
2014-11-09 04:08:00;237.570
2014-11-09 04:09:00;235.090
2014-11-09 04:10:00;228.930
2014-11-09 04:11:00;232.240
2014-11-09 04:12:00;232.290
2014-11-09 04:13:00;231.810
2014-11-09 04:14:00;234.270
2014-11-09 04:15:00;236.370
2014-11-09 04:16:00;231.740
2014-11-09 04:17:00;237.190
2014-11-09 04:18:00;230.590
2014-11-09 04:19:00;229.110
2014-11-09 04:20:00;237.840
2014-11-09 04:21:00;233.690
2014-11-09 04:22:00;233.410
2014-11-09 04:23:00;235.140
2014-11-09 04:24:00;229.580
2014-11-09 04:25:00;228.330
2014-11-09 04:26:00;237.590
2014-11-09 04:27:00;232.240
2014-11-09 04:28:00;233.540
2014-11-09 04:29:00;223.730
2014-11-09 04:30:00;231.590
2014-11-09 04:31:00;235.540
2014-11-09 04:32:00;236.320
2014-11-09 04:33:00;232.890
2014-11-09 04:34:00;235.570
2014-11-09 04:35:00;233.190
2014-11-09 04:36:00;233.540
2014-11-09 04:37:00;231.660
2014-11-09 04:38:00;237.220
2014-11-09 04:39:00;235.820
2014-11-09 04:40:00;236.520
2014-11-09 04:41:00;232.060
2014-11-09 04:42:00;239.220
2014-11-09 04:43:00;232.640
2014-11-09 04:44:00;229.460
2014-11-09 04:45:00;234.620
2014-11-09 04:46:00;231.660
2014-11-09 04:47:00;234.970
2014-11-09 04:48:00;236.440
2014-11-09 04:49:00;236.640
2014-11-09 04:50:00;232.860
2014-11-09 04:51:00;238.220
2014-11-09 04:52:00;230.710
2014-11-09 04:53:00;235.240
2014-11-09 04:54:00;233.660
2014-11-09 04:55:00;232.260
2014-11-09 04:56:00;230.590
2014-11-09 04:57:00;232.510
2014-11-09 04:58:00;235.190
2014-11-09 04:59:00;230.060
2014-11-09 05:00:00;229.510
2014-11-09 05:01:00;236.090
2014-11-09 05:02:00;229.480
2014-11-09 05:03:00;233.290
2014-11-09 05:04:00;234.520
2014-11-09 05:05:00;234.440
2014-11-09 05:06:00;231.410
2014-11-09 05:07:00;235.970
2014-11-09 05:08:00;237.390
2014-11-09 05:09:00;235.390
2014-11-09 05:10:00;225.050
2014-11-09 05:11:00;224.600
2014-11-09 05:12:00;233.660
2014-11-09 05:13:00;237.240
2014-11-09 05:14:00;234.520
2014-11-09 05:15:00;233.640
2014-11-09 05:16:00;239.600
2014-11-09 05:17:00;237.040
2014-11-09 05:18:00;230.060
2014-11-09 05:19:00;236.490
2014-11-09 05:20:00;231.710
2014-11-09 05:21:00;235.840
2014-11-09 05:22:00;229.690
2014-11-09 05:23:00;232.360
2014-11-09 05:24:00;231.660
2014-11-09 05:25:00;227.730
2014-11-09 05:26:00;238.950
2014-11-09 05:27:00;228.130
2014-11-09 05:28:00;238.770
2014-11-09 05:29:00;238.440
2014-11-09 05:30:00;233.140
2014-11-09 05:31:00;235.040
2014-11-09 05:32:00;236.590
2014-11-09 05:33:00;228.330
2014-11-09 05:34:00;232.610
2014-11-09 05:35:00;239.420
2014-11-09 05:36:00;234.570
2014-11-09 05:37:00;230.210
2014-11-09 05:38:00;238.490
2014-11-09 05:39:00;239.270
2014-11-09 05:40:00;236.940
2014-11-09 05:41:00;234.090
2014-11-09 05:42:00;236.090
2014-11-09 05:43:00;240.420
2014-11-09 05:44:00;233.240
2014-11-09 05:45:00;234.320
2014-11-09 05:46:00;234.620
2014-11-09 05:47:00;232.660
2014-11-09 05:48:00;233.890
2014-11-09 05:49:00;239.220
2014-11-09 05:50:00;240.300
2014-11-09 05:51:00;233.960
2014-11-09 05:52:00;230.310
2014-11-09 05:53:00;232.990
2014-11-09 05:54:00;234.190
2014-11-09 05:55:00;238.290
2014-11-09 05:56:00;234.940
2014-11-09 05:57:00;228.880
2014-11-09 05:58:00;232.290
2014-11-09 05:59:00;235.590
2014-11-09 06:00:00;236.220
2014-11-09 06:01:00;240.620
2014-11-09 06:02:00;231.090
2014-11-09 06:03:00;237.470
2014-11-09 06:04:00;233.260
2014-11-09 06:05:00;236.040
2014-11-09 06:06:00;233.810
2014-11-09 06:07:00;242.150
2014-11-09 06:08:00;237.690
2014-11-09 06:09:00;233.290
2014-11-09 06:10:00;236.240
2014-11-09 06:11:00;230.710
2014-11-09 06:12:00;233.210
2014-11-09 06:13:00;233.290
2014-11-09 06:14:00;229.360
2014-11-09 06:15:00;237.790
2014-11-09 06:16:00;237.420
2014-11-09 06:17:00;238.770
2014-11-09 06:18:00;234.870
2014-11-09 06:19:00;231.210
2014-11-09 06:20:00;237.020
2014-11-09 06:21:00;235.970
2014-11-09 06:22:00;237.220
2014-11-09 06:23:00;236.690
2014-11-09 06:24:00;238.620
2014-11-09 06:25:00;243.400
2014-11-09 06:26:00;231.890
2014-11-09 06:27:00;233.090
2014-11-09 06:28:00;234.090
2014-11-09 06:29:00;230.840
2014-11-09 06:30:00;234.370
2014-11-09 06:31:00;232.990
2014-11-09 06:32:00;232.940
2014-11-09 06:33:00;232.990
2014-11-09 06:34:00;239.450
2014-11-09 06:35:00;231.160
2014-11-09 06:36:00;227.510
2014-11-09 06:37:00;242.120
2014-11-09 06:38:00;234.890
2014-11-09 06:39:00;236.770
2014-11-09 06:40:00;233.660
2014-11-09 06:41:00;237.340
2014-11-09 06:42:00;241.050
2014-11-09 06:43:00;237.420
2014-11-09 06:44:00;241.800
2014-11-09 06:45:00;239.250
2014-11-09 06:46:00;236.740
2014-11-09 06:47:00;239.370
2014-11-09 06:48:00;231.690
2014-11-09 06:49:00;235.440
2014-11-09 06:50:00;231.990
2014-11-09 06:51:00;232.490
2014-11-09 06:52:00;230.540
2014-11-09 06:53:00;233.360
2014-11-09 06:54:00;227.060
2014-11-09 06:55:00;231.410
2014-11-09 06:56:00;236.520
2014-11-09 06:57:00;234.390
2014-11-09 06:58:00;234.670
2014-11-09 06:59:00;235.740
2014-11-09 07:00:00;238.950
2014-11-09 07:01:00;239.250
2014-11-09 07:02:00;237.420
2014-11-09 07:03:00;233.560
2014-11-09 07:04:00;227.180
2014-11-09 07:05:00;233.840
2014-11-09 07:06:00;233.360
2014-11-09 07:07:00;236.170
2014-11-09 07:08:00;238.470
2014-11-09 07:09:00;232.590
2014-11-09 07:10:00;237.140
2014-11-09 07:11:00;234.170
2014-11-09 07:12:00;232.290
2014-11-09 07:13:00;232.110
2014-11-09 07:14:00;232.790
2014-11-09 07:15:00;232.790
2014-11-09 07:16:00;234.990
2014-11-09 07:17:00;227.580
2014-11-09 07:18:00;230.090
2014-11-09 07:19:00;236.970
2014-11-09 07:20:00;234.870
2014-11-09 07:21:00;232.840
2014-11-09 07:22:00;231.910
2014-11-09 07:23:00;240.870
2014-11-09 07:24:00;236.870
2014-11-09 07:25:00;231.760
2014-11-09 07:26:00;236.290
2014-11-09 07:27:00;247.560
2014-11-09 07:28:00;237.140
2014-11-09 07:29:00;240.450
2014-11-09 07:30:00;233.260
2014-11-09 07:31:00;239.800
2014-11-09 07:32:00;239.150
2014-11-09 07:33:00;239.870
2014-11-09 07:34:00;232.960
2014-11-09 07:35:00;239.350
2014-11-09 07:36:00;236.390
2014-11-09 07:37:00;236.940
2014-11-09 07:38:00;238.670
2014-11-09 07:39:00;242.450
2014-11-09 07:40:00;241.420
2014-11-09 07:41:00;235.520
2014-11-09 07:42:00;232.390
2014-11-09 07:43:00;235.370
2014-11-09 07:44:00;232.660
2014-11-09 07:45:00;233.910
2014-11-09 07:46:00;234.320
2014-11-09 07:47:00;232.410
2014-11-09 07:48:00;234.440
2014-11-09 07:49:00;231.610
2014-11-09 07:50:00;239.420
2014-11-09 07:51:00;233.590
2014-11-09 07:52:00;234.120
2014-11-09 07:53:00;229.710
2014-11-09 07:54:00;236.540
2014-11-09 07:55:00;227.730
2014-11-09 07:56:00;237.890
2014-11-09 07:57:00;240.420
2014-11-09 07:58:00;234.090
2014-11-09 07:59:00;235.970
2014-11-09 08:00:00;232.210
2014-11-09 08:01:00;237.390
2014-11-09 08:02:00;229.790
2014-11-09 08:03:00;232.640
2014-11-09 08:04:00;235.570
2014-11-09 08:05:00;229.510
2014-11-09 08:06:00;235.170
2014-11-09 08:07:00;234.820
2014-11-09 08:08:00;232.410
2014-11-09 08:09:00;236.920
2014-11-09 08:10:00;236.470
2014-11-09 08:11:00;232.260
2014-11-09 08:12:00;236.070
2014-11-09 08:13:00;241.870
2014-11-09 08:14:00;230.190
2014-11-09 08:15:00;244.300
2014-11-09 08:16:00;234.010
2014-11-09 08:17:00;242.600
2014-11-09 08:18:00;236.970
2014-11-09 08:19:00;237.540
2014-11-09 08:20:00;233.160
2014-11-09 08:21:00;232.760
2014-11-09 08:22:00;233.540
2014-11-09 08:23:00;237.170
2014-11-09 08:24:00;237.890
2014-11-09 08:25:00;237.340
2014-11-09 08:26:00;228.260
2014-11-09 08:27:00;242.670
2014-11-09 08:28:00;236.170
2014-11-09 08:29:00;230.710
2014-11-09 08:30:00;239.020
2014-11-09 08:31:00;235.420
2014-11-09 08:32:00;233.010
2014-11-09 08:33:00;238.850
2014-11-09 08:34:00;231.610
2014-11-09 08:35:00;228.330
2014-11-09 08:36:00;238.800
2014-11-09 08:37:00;230.860
2014-11-09 08:38:00;235.320
2014-11-09 08:39:00;232.690
2014-11-09 08:40:00;233.690
2014-11-09 08:41:00;233.660
2014-11-09 08:42:00;229.760
2014-11-09 08:43:00;238.320
2014-11-09 08:44:00;233.010
2014-11-09 08:45:00;235.040
2014-11-09 08:46:00;236.770
2014-11-09 08:47:00;237.570
2014-11-09 08:48:00;231.090
2014-11-09 08:49:00;237.970
2014-11-09 08:50:00;234.820
2014-11-09 08:51:00;238.600
2014-11-09 08:52:00;235.640
2014-11-09 08:53:00;234.040
2014-11-09 08:54:00;235.670
2014-11-09 08:55:00;238.440
2014-11-09 08:56:00;236.820
2014-11-09 08:57:00;231.160
2014-11-09 08:58:00;235.090
2014-11-09 08:59:00;236.570
2014-11-09 09:00:00;233.960
2014-11-09 09:01:00;240.050
2014-11-09 09:02:00;237.270
2014-11-09 09:03:00;238.170
2014-11-09 09:04:00;236.840
2014-11-09 09:05:00;233.210
2014-11-09 09:06:00;232.340
2014-11-09 09:07:00;236.790
2014-11-09 09:08:00;240.770
2014-11-09 09:09:00;234.290
2014-11-09 09:10:00;232.860
2014-11-09 09:11:00;234.690
2014-11-09 09:12:00;233.640
2014-11-09 09:13:00;240.500
2014-11-09 09:14:00;232.240
2014-11-09 09:15:00;225.810
2014-11-09 09:16:00;237.470
2014-11-09 09:17:00;239.200
2014-11-09 09:18:00;241.500
2014-11-09 09:19:00;231.490
2014-11-09 09:20:00;234.040
2014-11-09 09:21:00;233.460
2014-11-09 09:22:00;233.540
2014-11-09 09:23:00;232.860
2014-11-09 09:24:00;238.240
2014-11-09 09:25:00;233.310
2014-11-09 09:26:00;234.220
2014-11-09 09:27:00;231.840
2014-11-09 09:28:00;232.810
2014-11-09 09:29:00;241.420
2014-11-09 09:30:00;239.920
2014-11-09 09:31:00;239.020
2014-11-09 09:32:00;235.670
2014-11-09 09:33:00;234.920
2014-11-09 09:34:00;241.320
2014-11-09 09:35:00;235.490
2014-11-09 09:36:00;238.650
2014-11-09 09:37:00;235.940
2014-11-09 09:38:00;230.360
2014-11-09 09:39:00;233.690
2014-11-09 09:40:00;232.590
2014-11-09 09:41:00;246.450
2014-11-09 09:42:00;233.290
2014-11-09 09:43:00;227.930
2014-11-09 09:44:00;237.740
2014-11-09 09:45:00;229.740
2014-11-09 09:46:00;231.040
2014-11-09 09:47:00;233.840
2014-11-09 09:48:00;237.920
2014-11-09 09:49:00;236.870
2014-11-09 09:50:00;236.190
2014-11-09 09:51:00;237.970
2014-11-09 09:52:00;232.140
2014-11-09 09:53:00;236.620
2014-11-09 09:54:00;238.490
2014-11-09 09:55:00;233.890
2014-11-09 09:56:00;229.840
2014-11-09 09:57:00;236.890
2014-11-09 09:58:00;236.490
2014-11-09 09:59:00;231.140
2014-11-09 10:00:00;236.240
2014-11-09 10:01:00;236.920
2014-11-09 10:02:00;235.490
2014-11-09 10:03:00;236.570
2014-11-09 10:04:00;234.840
2014-11-09 10:05:00;230.110
2014-11-09 10:06:00;235.540
2014-11-09 10:07:00;236.290
2014-11-09 10:08:00;237.120
2014-11-09 10:09:00;234.270
2014-11-09 10:10:00;234.590
2014-11-09 10:11:00;237.270
2014-11-09 10:12:00;234.790
2014-11-09 10:13:00;237.520
2014-11-09 10:14:00;235.640
2014-11-09 10:15:00;233.390
2014-11-09 10:16:00;233.240
2014-11-09 10:17:00;236.720
2014-11-09 10:18:00;238.170
2014-11-09 10:19:00;233.310
2014-11-09 10:20:00;234.440
2014-11-09 10:21:00;240.670
2014-11-09 10:22:00;234.490
2014-11-09 10:23:00;235.420
2014-11-09 10:24:00;232.240
2014-11-09 10:25:00;230.160
2014-11-09 10:26:00;234.470
2014-11-09 10:27:00;234.790
2014-11-09 10:28:00;231.690
2014-11-09 10:29:00;235.440
2014-11-09 10:30:00;243.880
2014-11-09 10:31:00;238.720
2014-11-09 10:32:00;233.110
2014-11-09 10:33:00;233.810
2014-11-09 10:34:00;234.790
2014-11-09 10:35:00;237.270
2014-11-09 10:36:00;237.540
2014-11-09 10:37:00;240.550
2014-11-09 10:38:00;240.750
2014-11-09 10:39:00;236.490
2014-11-09 10:40:00;236.670
2014-11-09 10:41:00;235.540
2014-11-09 10:42:00;234.490
2014-11-09 10:43:00;241.650
2014-11-09 10:44:00;232.590
2014-11-09 10:45:00;239.720
2014-11-09 10:46:00;235.570
2014-11-09 10:47:00;236.390
2014-11-09 10:48:00;236.790
2014-11-09 10:49:00;240.300
2014-11-09 10:50:00;235.690
2014-11-09 10:51:00;241.070
2014-11-09 10:52:00;236.120
2014-11-09 10:53:00;238.170
2014-11-09 10:54:00;227.430
2014-11-09 10:55:00;236.090
2014-11-09 10:56:00;234.920
2014-11-09 10:57:00;240.850
2014-11-09 10:58:00;235.520
2014-11-09 10:59:00;235.770
2014-11-09 11:00:00;231.090
2014-11-09 11:01:00;234.670
2014-11-09 11:02:00;237.090
2014-11-09 11:03:00;231.210
2014-11-09 11:04:00;235.190
2014-11-09 11:05:00;237.420
2014-11-09 11:06:00;232.010
2014-11-09 11:07:00;236.240
2014-11-09 11:08:00;243.100
2014-11-09 11:09:00;236.690
2014-11-09 11:10:00;238.720
2014-11-09 11:11:00;231.490
2014-11-09 11:12:00;234.690
2014-11-09 11:13:00;238.070
2014-11-09 11:14:00;232.990
2014-11-09 11:15:00;235.140
2014-11-09 11:16:00;237.520
2014-11-09 11:17:00;236.990
2014-11-09 11:18:00;239.020
2014-11-09 11:19:00;229.890
2014-11-09 11:20:00;232.640
2014-11-09 11:21:00;238.340
2014-11-09 11:22:00;236.120
2014-11-09 11:23:00;228.430
2014-11-09 11:24:00;230.860
2014-11-09 11:25:00;239.150
2014-11-09 11:26:00;235.270
2014-11-09 11:27:00;240.270
2014-11-09 11:28:00;237.440
2014-11-09 11:29:00;240.550
2014-11-09 11:30:00;236.820
2014-11-09 11:31:00;234.540
2014-11-09 11:32:00;235.970
2014-11-09 11:33:00;236.270
2014-11-09 11:34:00;231.590
2014-11-09 11:35:00;235.020
2014-11-09 11:36:00;237.440
2014-11-09 11:37:00;237.290
2014-11-09 11:38:00;239.770
2014-11-09 11:39:00;236.370
2014-11-09 11:40:00;235.040
2014-11-09 11:41:00;231.810
2014-11-09 11:42:00;239.200
2014-11-09 11:43:00;234.940
2014-11-09 11:44:00;235.820
2014-11-09 11:45:00;236.440
2014-11-09 11:46:00;230.110
2014-11-09 11:47:00;231.210
2014-11-09 11:48:00;234.520
2014-11-09 11:49:00;231.040
2014-11-09 11:50:00;232.890
2014-11-09 11:51:00;236.720
2014-11-09 11:52:00;237.320
2014-11-09 11:53:00;237.440
2014-11-09 11:54:00;232.640
2014-11-09 11:55:00;233.440
2014-11-09 11:56:00;225.980
2014-11-09 11:57:00;235.620
2014-11-09 11:58:00;230.290
2014-11-09 11:59:00;237.990
2014-11-09 12:00:00;235.940
2014-11-09 12:01:00;233.310
2014-11-09 12:02:00;232.210
2014-11-09 12:03:00;238.650
2014-11-09 12:04:00;241.220
2014-11-09 12:05:00;238.470
2014-11-09 12:06:00;235.090
2014-11-09 12:07:00;239.020
2014-11-09 12:08:00;240.120
2014-11-09 12:09:00;235.770
2014-11-09 12:10:00;230.590
2014-11-09 12:11:00;232.360
2014-11-09 12:12:00;233.140
2014-11-09 12:13:00;237.840
2014-11-09 12:14:00;235.690
2014-11-09 12:15:00;233.590
2014-11-09 12:16:00;236.990
2014-11-09 12:17:00;234.840
2014-11-09 12:18:00;235.540
2014-11-09 12:19:00;232.060
2014-11-09 12:20:00;234.970
2014-11-09 12:21:00;231.540
2014-11-09 12:22:00;235.290
2014-11-09 12:23:00;240.570
2014-11-09 12:24:00;234.320
2014-11-09 12:25:00;229.410
2014-11-09 12:26:00;241.450
2014-11-09 12:27:00;233.390
2014-11-09 12:28:00;233.940
2014-11-09 12:29:00;239.200
2014-11-09 12:30:00;238.370
2014-11-09 12:31:00;231.390
2014-11-09 12:32:00;233.110
2014-11-09 12:33:00;239.320
2014-11-09 12:34:00;235.990
2014-11-09 12:35:00;237.990
2014-11-09 12:36:00;235.740
2014-11-09 12:37:00;234.470
2014-11-09 12:38:00;235.870
2014-11-09 12:39:00;226.510
2014-11-09 12:40:00;229.180
2014-11-09 12:41:00;233.940
2014-11-09 12:42:00;233.590
2014-11-09 12:43:00;230.510
2014-11-09 12:44:00;230.390
2014-11-09 12:45:00;233.810
2014-11-09 12:46:00;237.740
2014-11-09 12:47:00;234.870
2014-11-09 12:48:00;241.950
2014-11-09 12:49:00;233.990
2014-11-09 12:50:00;236.240
2014-11-09 12:51:00;233.090
2014-11-09 12:52:00;239.370
2014-11-09 12:53:00;234.790
2014-11-09 12:54:00;240.300
2014-11-09 12:55:00;237.920
2014-11-09 12:56:00;233.510
2014-11-09 12:57:00;239.320
2014-11-09 12:58:00;232.840
2014-11-09 12:59:00;232.210
2014-11-09 13:00:00;231.090
2014-11-09 13:01:00;236.590
2014-11-09 13:02:00;241.500
2014-11-09 13:03:00;235.890
2014-11-09 13:04:00;236.920
2014-11-09 13:05:00;230.710
2014-11-09 13:06:00;235.720
2014-11-09 13:07:00;238.420
2014-11-09 13:08:00;236.190
2014-11-09 13:09:00;232.490
2014-11-09 13:10:00;236.470
2014-11-09 13:11:00;233.340
2014-11-09 13:12:00;234.690
2014-11-09 13:13:00;234.440
2014-11-09 13:14:00;235.870
2014-11-09 13:15:00;239.570
2014-11-09 13:16:00;234.220
2014-11-09 13:17:00;238.770
2014-11-09 13:18:00;233.960
2014-11-09 13:19:00;233.140
2014-11-09 13:20:00;235.620
2014-11-09 13:21:00;234.370
2014-11-09 13:22:00;231.810
2014-11-09 13:23:00;237.920
2014-11-09 13:24:00;230.460
2014-11-09 13:25:00;231.810
2014-11-09 13:26:00;233.090
2014-11-09 13:27:00;240.670
2014-11-09 13:28:00;231.490
2014-11-09 13:29:00;238.970
2014-11-09 13:30:00;236.790
2014-11-09 13:31:00;237.590
2014-11-09 13:32:00;232.290
2014-11-09 13:33:00;234.690
2014-11-09 13:34:00;236.270
2014-11-09 13:35:00;231.310
2014-11-09 13:36:00;230.590
2014-11-09 13:37:00;233.710
2014-11-09 13:38:00;233.810
2014-11-09 13:39:00;227.630
2014-11-09 13:40:00;230.960
2014-11-09 13:41:00;238.620
2014-11-09 13:42:00;237.320
2014-11-09 13:43:00;236.120
2014-11-09 13:44:00;235.540
2014-11-09 13:45:00;236.820
2014-11-09 13:46:00;227.960
2014-11-09 13:47:00;238.550
2014-11-09 13:48:00;229.960
2014-11-09 13:49:00;237.520
2014-11-09 13:50:00;235.470
2014-11-09 13:51:00;231.690
2014-11-09 13:52:00;232.840
2014-11-09 13:53:00;240.820
2014-11-09 13:54:00;234.320
2014-11-09 13:55:00;234.440
2014-11-09 13:56:00;229.860
2014-11-09 13:57:00;232.840
2014-11-09 13:58:00;231.040
2014-11-09 13:59:00;233.590
2014-11-09 14:00:00;230.490
2014-11-09 14:01:00;234.420
2014-11-09 14:02:00;232.690
2014-11-09 14:03:00;240.200
2014-11-09 14:04:00;235.890
2014-11-09 14:05:00;229.410
2014-11-09 14:06:00;233.590
2014-11-09 14:07:00;234.720
2014-11-09 14:08:00;232.290
2014-11-09 14:09:00;231.710
2014-11-09 14:10:00;233.240
2014-11-09 14:11:00;234.170
2014-11-09 14:12:00;233.610
2014-11-09 14:13:00;238.040
2014-11-09 14:14:00;235.240
2014-11-09 14:15:00;234.870
2014-11-09 14:16:00;226.810
2014-11-09 14:17:00;241.950
2014-11-09 14:18:00;239.270
2014-11-09 14:19:00;233.860
2014-11-09 14:20:00;231.660
2014-11-09 14:21:00;233.590
2014-11-09 14:22:00;239.220
2014-11-09 14:23:00;233.640
2014-11-09 14:24:00;228.230
2014-11-09 14:25:00;237.670
2014-11-09 14:26:00;235.690
2014-11-09 14:27:00;234.570
2014-11-09 14:28:00;237.420
2014-11-09 14:29:00;238.070
2014-11-09 14:30:00;235.270
2014-11-09 14:31:00;235.520
2014-11-09 14:32:00;233.740
2014-11-09 14:33:00;241.900
2014-11-09 14:34:00;237.170
2014-11-09 14:35:00;235.790
2014-11-09 14:36:00;235.720
2014-11-09 14:37:00;236.190
2014-11-09 14:38:00;237.590
2014-11-09 14:39:00;235.940
2014-11-09 14:40:00;232.890
2014-11-09 14:41:00;234.620
2014-11-09 14:42:00;231.660
2014-11-09 14:43:00;240.020
2014-11-09 14:44:00;234.170
2014-11-09 14:45:00;235.340
2014-11-09 14:46:00;228.880
2014-11-09 14:47:00;235.490
2014-11-09 14:48:00;235.790
2014-11-09 14:49:00;232.810
2014-11-09 14:50:00;233.610
2014-11-09 14:51:00;226.610
2014-11-09 14:52:00;228.280
2014-11-09 14:53:00;230.540
2014-11-09 14:54:00;238.670
2014-11-09 14:55:00;230.810
2014-11-09 14:56:00;239.870
2014-11-09 14:57:00;236.640
2014-11-09 14:58:00;232.290
2014-11-09 14:59:00;236.440
2014-11-09 15:00:00;236.020
2014-11-09 15:01:00;235.620
2014-11-09 15:02:00;241.250
2014-11-09 15:03:00;236.570
2014-11-09 15:04:00;228.430
2014-11-09 15:05:00;233.710
2014-11-09 15:06:00;236.320
2014-11-09 15:07:00;233.740
2014-11-09 15:08:00;234.240
2014-11-09 15:09:00;235.790
2014-11-09 15:10:00;231.210
2014-11-09 15:11:00;234.990
2014-11-09 15:12:00;229.860
2014-11-09 15:13:00;234.240
2014-11-09 15:14:00;230.510
2014-11-09 15:15:00;229.110
2014-11-09 15:16:00;235.040
2014-11-09 15:17:00;241.250
2014-11-09 15:18:00;228.460
2014-11-09 15:19:00;230.610
2014-11-09 15:20:00;234.440
2014-11-09 15:21:00;228.060
2014-11-09 15:22:00;238.600
2014-11-09 15:23:00;233.760
2014-11-09 15:24:00;235.540
2014-11-09 15:25:00;235.620
2014-11-09 15:26:00;237.990
2014-11-09 15:27:00;228.580
2014-11-09 15:28:00;235.490
2014-11-09 15:29:00;237.090
2014-11-09 15:30:00;231.240
2014-11-09 15:31:00;229.510
2014-11-09 15:32:00;226.280
2014-11-09 15:33:00;232.590
2014-11-09 15:34:00;230.390
2014-11-09 15:35:00;237.920
2014-11-09 15:36:00;237.040
2014-11-09 15:37:00;232.710
2014-11-09 15:38:00;230.160
2014-11-09 15:39:00;227.180
2014-11-09 15:40:00;233.790
2014-11-09 15:41:00;236.790
2014-11-09 15:42:00;235.220
2014-11-09 15:43:00;237.390
2014-11-09 15:44:00;234.540
2014-11-09 15:45:00;235.390
2014-11-09 15:46:00;233.860
2014-11-09 15:47:00;236.770
2014-11-09 15:48:00;240.000
2014-11-09 15:49:00;236.490
2014-11-09 15:50:00;238.040
2014-11-09 15:51:00;230.240
2014-11-09 15:52:00;229.080
2014-11-09 15:53:00;231.690
2014-11-09 15:54:00;231.690
2014-11-09 15:55:00;232.960
2014-11-09 15:56:00;233.110
2014-11-09 15:57:00;232.790
2014-11-09 15:58:00;236.090
2014-11-09 15:59:00;234.190
2014-11-09 16:00:00;230.210
2014-11-09 16:01:00;231.440
2014-11-09 16:02:00;239.570
2014-11-09 16:03:00;237.740
2014-11-09 16:04:00;236.690
2014-11-09 16:05:00;233.040
2014-11-09 16:06:00;233.810
2014-11-09 16:07:00;235.370
2014-11-09 16:08:00;234.290
2014-11-09 16:09:00;229.310
2014-11-09 16:10:00;237.320
2014-11-09 16:11:00;233.290
2014-11-09 16:12:00;230.390
2014-11-09 16:13:00;235.520
2014-11-09 16:14:00;233.740
2014-11-09 16:15:00;234.670
2014-11-09 16:16:00;232.010
2014-11-09 16:17:00;234.570
2014-11-09 16:18:00;234.740
2014-11-09 16:19:00;234.190
2014-11-09 16:20:00;234.890
2014-11-09 16:21:00;234.940
2014-11-09 16:22:00;235.040
2014-11-09 16:23:00;239.200
2014-11-09 16:24:00;240.670
2014-11-09 16:25:00;235.240
2014-11-09 16:26:00;237.390
2014-11-09 16:27:00;231.710
2014-11-09 16:28:00;228.680
2014-11-09 16:29:00;234.940
2014-11-09 16:30:00;227.530
2014-11-09 16:31:00;235.270
2014-11-09 16:32:00;229.690
2014-11-09 16:33:00;236.640
2014-11-09 16:34:00;232.740
2014-11-09 16:35:00;229.610
2014-11-09 16:36:00;232.960
2014-11-09 16:37:00;236.890
2014-11-09 16:38:00;241.700
2014-11-09 16:39:00;235.170
2014-11-09 16:40:00;232.190
2014-11-09 16:41:00;230.560
2014-11-09 16:42:00;235.540
2014-11-09 16:43:00;233.160
2014-11-09 16:44:00;231.490
2014-11-09 16:45:00;230.060
2014-11-09 16:46:00;236.290
2014-11-09 16:47:00;231.860
2014-11-09 16:48:00;235.440
2014-11-09 16:49:00;237.170
2014-11-09 16:50:00;240.600
2014-11-09 16:51:00;236.590
2014-11-09 16:52:00;232.040
2014-11-09 16:53:00;240.020
2014-11-09 16:54:00;236.190
2014-11-09 16:55:00;239.850
2014-11-09 16:56:00;230.740
2014-11-09 16:57:00;237.170
2014-11-09 16:58:00;236.570
2014-11-09 16:59:00;230.240
2014-11-09 17:00:00;229.610
2014-11-09 17:01:00;235.820
2014-11-09 17:02:00;237.920
2014-11-09 17:03:00;234.470
2014-11-09 17:04:00;235.420
2014-11-09 17:05:00;234.320
2014-11-09 17:06:00;235.890
2014-11-09 17:07:00;235.220
2014-11-09 17:08:00;233.940
2014-11-09 17:09:00;230.710
2014-11-09 17:10:00;235.640
2014-11-09 17:11:00;229.810
2014-11-09 17:12:00;235.920
2014-11-09 17:13:00;235.490
2014-11-09 17:14:00;235.120
2014-11-09 17:15:00;237.540
2014-11-09 17:16:00;232.610
2014-11-09 17:17:00;231.660
2014-11-09 17:18:00;231.340
2014-11-09 17:19:00;236.620
2014-11-09 17:20:00;233.440
2014-11-09 17:21:00;240.420
2014-11-09 17:22:00;231.910
2014-11-09 17:23:00;235.320
2014-11-09 17:24:00;233.460
2014-11-09 17:25:00;233.260
2014-11-09 17:26:00;232.410
2014-11-09 17:27:00;235.640
2014-11-09 17:28:00;234.770
2014-11-09 17:29:00;235.520
2014-11-09 17:30:00;231.810
2014-11-09 17:31:00;230.990
2014-11-09 17:32:00;229.360
2014-11-09 17:33:00;235.890
2014-11-09 17:34:00;234.440
2014-11-09 17:35:00;234.370
2014-11-09 17:36:00;233.090
2014-11-09 17:37:00;235.970
2014-11-09 17:38:00;234.060
2014-11-09 17:39:00;227.360
2014-11-09 17:40:00;229.210
2014-11-09 17:41:00;233.510
2014-11-09 17:42:00;237.670
2014-11-09 17:43:00;232.240
2014-11-09 17:44:00;235.420
2014-11-09 17:45:00;229.610
2014-11-09 17:46:00;229.560
2014-11-09 17:47:00;236.570
2014-11-09 17:48:00;231.240
2014-11-09 17:49:00;230.290
2014-11-09 17:50:00;233.560
2014-11-09 17:51:00;233.210
2014-11-09 17:52:00;232.140
2014-11-09 17:53:00;236.940
2014-11-09 17:54:00;239.120
2014-11-09 17:55:00;230.260
2014-11-09 17:56:00;238.020
2014-11-09 17:57:00;237.370
2014-11-09 17:58:00;233.110
2014-11-09 17:59:00;232.890
2014-11-09 18:00:00;232.960
2014-11-09 18:01:00;230.790
2014-11-09 18:02:00;240.970
2014-11-09 18:03:00;230.640
2014-11-09 18:04:00;234.240
2014-11-09 18:05:00;237.440
2014-11-09 18:06:00;235.370
2014-11-09 18:07:00;235.770
2014-11-09 18:08:00;227.730
2014-11-09 18:09:00;228.310
2014-11-09 18:10:00;230.540
2014-11-09 18:11:00;239.800
2014-11-09 18:12:00;232.990
2014-11-09 18:13:00;236.770
2014-11-09 18:14:00;233.440
2014-11-09 18:15:00;232.960
2014-11-09 18:16:00;232.740
2014-11-09 18:17:00;229.580
2014-11-09 18:18:00;233.940
2014-11-09 18:19:00;230.960
2014-11-09 18:20:00;235.240
2014-11-09 18:21:00;232.560
2014-11-09 18:22:00;237.240
2014-11-09 18:23:00;230.790
2014-11-09 18:24:00;236.770
2014-11-09 18:25:00;236.020
2014-11-09 18:26:00;232.210
2014-11-09 18:27:00;235.920
2014-11-09 18:28:00;233.360
2014-11-09 18:29:00;232.010
2014-11-09 18:30:00;239.770
2014-11-09 18:31:00;232.940
2014-11-09 18:32:00;236.320
2014-11-09 18:33:00;232.860
2014-11-09 18:34:00;239.050
2014-11-09 18:35:00;226.630
2014-11-09 18:36:00;233.010
2014-11-09 18:37:00;235.190
2014-11-09 18:38:00;231.840
2014-11-09 18:39:00;231.160
2014-11-09 18:40:00;239.100
2014-11-09 18:41:00;228.810
2014-11-09 18:42:00;232.460
2014-11-09 18:43:00;227.980
2014-11-09 18:44:00;233.960
2014-11-09 18:45:00;236.420
2014-11-09 18:46:00;237.390
2014-11-09 18:47:00;235.090
2014-11-09 18:48:00;232.210
2014-11-09 18:49:00;230.340
2014-11-09 18:50:00;237.990
2014-11-09 18:51:00;226.980
2014-11-09 18:52:00;226.230
2014-11-09 18:53:00;232.340
2014-11-09 18:54:00;243.880
2014-11-09 18:55:00;236.670
2014-11-09 18:56:00;233.410
2014-11-09 18:57:00;231.610
2014-11-09 18:58:00;231.490
2014-11-09 18:59:00;240.900
2014-11-09 19:00:00;234.720
2014-11-09 19:01:00;230.590
2014-11-09 19:02:00;230.410
2014-11-09 19:03:00;232.560
2014-11-09 19:04:00;232.060
2014-11-09 19:05:00;235.190
2014-11-09 19:06:00;238.900
2014-11-09 19:07:00;233.360
2014-11-09 19:08:00;238.870
2014-11-09 19:09:00;234.190
2014-11-09 19:10:00;239.320
2014-11-09 19:11:00;233.210
2014-11-09 19:12:00;236.370
2014-11-09 19:13:00;232.340
2014-11-09 19:14:00;234.890
2014-11-09 19:15:00;229.560
2014-11-09 19:16:00;230.060
2014-11-09 19:17:00;234.570
2014-11-09 19:18:00;235.840
2014-11-09 19:19:00;233.610
2014-11-09 19:20:00;231.710
2014-11-09 19:21:00;236.220
2014-11-09 19:22:00;231.860
2014-11-09 19:23:00;235.090
2014-11-09 19:24:00;229.660
2014-11-09 19:25:00;238.920
2014-11-09 19:26:00;230.060
2014-11-09 19:27:00;232.690
2014-11-09 19:28:00;240.050
2014-11-09 19:29:00;227.630
2014-11-09 19:30:00;234.060
2014-11-09 19:31:00;230.290
2014-11-09 19:32:00;231.360
2014-11-09 19:33:00;233.460
2014-11-09 19:34:00;231.310
2014-11-09 19:35:00;234.370
2014-11-09 19:36:00;234.790
2014-11-09 19:37:00;229.430
2014-11-09 19:38:00;232.160
2014-11-09 19:39:00;229.890
2014-11-09 19:40:00;233.710
2014-11-09 19:41:00;229.810
2014-11-09 19:42:00;234.820
2014-11-09 19:43:00;234.240
2014-11-09 19:44:00;232.840
2014-11-09 19:45:00;236.870
2014-11-09 19:46:00;233.310
2014-11-09 19:47:00;227.260
2014-11-09 19:48:00;238.240
2014-11-09 19:49:00;236.340
2014-11-09 19:50:00;228.060
2014-11-09 19:51:00;233.640
2014-11-09 19:52:00;232.210
2014-11-09 19:53:00;236.220
2014-11-09 19:54:00;229.230
2014-11-09 19:55:00;232.040
2014-11-09 19:56:00;234.470
2014-11-09 19:57:00;234.120
2014-11-09 19:58:00;230.940
2014-11-09 19:59:00;230.090
2014-11-09 20:00:00;233.210
2014-11-09 20:01:00;231.890
2014-11-09 20:02:00;231.440
2014-11-09 20:03:00;233.310
2014-11-09 20:04:00;237.490
2014-11-09 20:05:00;234.010
2014-11-09 20:06:00;231.840
2014-11-09 20:07:00;232.990
2014-11-09 20:08:00;225.630
2014-11-09 20:09:00;235.590
2014-11-09 20:10:00;225.960
2014-11-09 20:11:00;226.930
2014-11-09 20:12:00;231.810
2014-11-09 20:13:00;234.040
2014-11-09 20:14:00;231.390
2014-11-09 20:15:00;233.760
2014-11-09 20:16:00;233.460
2014-11-09 20:17:00;235.520
2014-11-09 20:18:00;237.590
2014-11-09 20:19:00;232.590
2014-11-09 20:20:00;230.110
2014-11-09 20:21:00;232.760
2014-11-09 20:22:00;233.110
2014-11-09 20:23:00;222.650
2014-11-09 20:24:00;241.700
2014-11-09 20:25:00;237.040
2014-11-09 20:26:00;237.640
2014-11-09 20:27:00;232.410
2014-11-09 20:28:00;229.840
2014-11-09 20:29:00;230.910
2014-11-09 20:30:00;228.930
2014-11-09 20:31:00;234.010
2014-11-09 20:32:00;233.460
2014-11-09 20:33:00;232.560
2014-11-09 20:34:00;235.420
2014-11-09 20:35:00;235.770
2014-11-09 20:36:00;233.960
2014-11-09 20:37:00;232.710
2014-11-09 20:38:00;232.990
2014-11-09 20:39:00;231.660
2014-11-09 20:40:00;231.740
2014-11-09 20:41:00;231.610
2014-11-09 20:42:00;228.380
2014-11-09 20:43:00;231.890
2014-11-09 20:44:00;230.190
2014-11-09 20:45:00;229.480
2014-11-09 20:46:00;236.190
2014-11-09 20:47:00;231.940
2014-11-09 20:48:00;234.240
2014-11-09 20:49:00;235.790
2014-11-09 20:50:00;233.590
2014-11-09 20:51:00;231.190
2014-11-09 20:52:00;233.840
2014-11-09 20:53:00;230.510
2014-11-09 20:54:00;231.410
2014-11-09 20:55:00;232.760
2014-11-09 20:56:00;237.670
2014-11-09 20:57:00;228.110
2014-11-09 20:58:00;235.320
2014-11-09 20:59:00;224.500
2014-11-09 21:00:00;236.520
2014-11-09 21:01:00;226.930
2014-11-09 21:02:00;229.690
2014-11-09 21:03:00;230.010
2014-11-09 21:04:00;230.310
2014-11-09 21:05:00;230.440
2014-11-09 21:06:00;236.090
2014-11-09 21:07:00;233.360
2014-11-09 21:08:00;228.060
2014-11-09 21:09:00;226.430
2014-11-09 21:10:00;236.070
2014-11-09 21:11:00;235.320
2014-11-09 21:12:00;231.190
2014-11-09 21:13:00;232.660
2014-11-09 21:14:00;230.910
2014-11-09 21:15:00;230.960
2014-11-09 21:16:00;232.610
2014-11-09 21:17:00;240.500
2014-11-09 21:18:00;232.410
2014-11-09 21:19:00;230.190
2014-11-09 21:20:00;228.610
2014-11-09 21:21:00;232.610
2014-11-09 21:22:00;233.710
2014-11-09 21:23:00;227.680
2014-11-09 21:24:00;233.040
2014-11-09 21:25:00;232.090
2014-11-09 21:26:00;226.680
2014-11-09 21:27:00;231.190
2014-11-09 21:28:00;233.990
2014-11-09 21:29:00;230.990
2014-11-09 21:30:00;231.990
2014-11-09 21:31:00;232.660
2014-11-09 21:32:00;238.290
2014-11-09 21:33:00;226.880
2014-11-09 21:34:00;229.330
2014-11-09 21:35:00;232.160
2014-11-09 21:36:00;230.260
2014-11-09 21:37:00;228.580
2014-11-09 21:38:00;239.120
2014-11-09 21:39:00;234.290
2014-11-09 21:40:00;236.090
2014-11-09 21:41:00;232.940
2014-11-09 21:42:00;232.840
2014-11-09 21:43:00;237.820
2014-11-09 21:44:00;230.440
2014-11-09 21:45:00;231.710
2014-11-09 21:46:00;232.040
2014-11-09 21:47:00;233.260
2014-11-09 21:48:00;222.650
2014-11-09 21:49:00;229.740
2014-11-09 21:50:00;233.240
2014-11-09 21:51:00;238.900
2014-11-09 21:52:00;231.890
2014-11-09 21:53:00;229.940
2014-11-09 21:54:00;233.940
2014-11-09 21:55:00;229.230
2014-11-09 21:56:00;222.400
2014-11-09 21:57:00;236.840
2014-11-09 21:58:00;226.730
2014-11-09 21:59:00;230.340
2014-11-09 22:00:00;230.360
2014-11-09 22:01:00;230.260
2014-11-09 22:02:00;235.270
2014-11-09 22:03:00;234.120
2014-11-09 22:04:00;230.410
2014-11-09 22:05:00;228.310
2014-11-09 22:06:00;232.560
2014-11-09 22:07:00;233.060
2014-11-09 22:08:00;229.330
2014-11-09 22:09:00;229.080
2014-11-09 22:10:00;238.240
2014-11-09 22:11:00;230.610
2014-11-09 22:12:00;236.670
2014-11-09 22:13:00;231.590
2014-11-09 22:14:00;229.480
2014-11-09 22:15:00;235.740
2014-11-09 22:16:00;233.940
2014-11-09 22:17:00;232.110
2014-11-09 22:18:00;221.530
2014-11-09 22:19:00;232.290
2014-11-09 22:20:00;225.730
2014-11-09 22:21:00;229.840
2014-11-09 22:22:00;224.200
2014-11-09 22:23:00;236.390
2014-11-09 22:24:00;229.940
2014-11-09 22:25:00;228.130
2014-11-09 22:26:00;231.990
2014-11-09 22:27:00;230.290
2014-11-09 22:28:00;225.030
2014-11-09 22:29:00;225.680
2014-11-09 22:30:00;229.660
2014-11-09 22:31:00;229.660
2014-11-09 22:32:00;232.840
2014-11-09 22:33:00;232.410
2014-11-09 22:34:00;229.960
2014-11-09 22:35:00;225.150
2014-11-09 22:36:00;228.810
2014-11-09 22:37:00;233.610
2014-11-09 22:38:00;232.910
2014-11-09 22:39:00;232.560
2014-11-09 22:40:00;230.410
2014-11-09 22:41:00;228.360
2014-11-09 22:42:00;227.910
2014-11-09 22:43:00;229.960
2014-11-09 22:44:00;232.090
2014-11-09 22:45:00;226.560
2014-11-09 22:46:00;226.060
2014-11-09 22:47:00;232.790
2014-11-09 22:48:00;231.240
2014-11-09 22:49:00;229.610
2014-11-09 22:50:00;226.880
2014-11-09 22:51:00;225.530
2014-11-09 22:52:00;231.960
2014-11-09 22:53:00;228.410
2014-11-09 22:54:00;231.290
2014-11-09 22:55:00;223.750
2014-11-09 22:56:00;229.760
2014-11-09 22:57:00;228.060
2014-11-09 22:58:00;227.610
2014-11-09 22:59:00;230.790
2014-11-09 23:00:00;221.150
2014-11-09 23:01:00;227.210
2014-11-09 23:02:00;235.620
2014-11-09 23:03:00;232.190
2014-11-09 23:04:00;228.810
2014-11-09 23:05:00;221.530
2014-11-09 23:06:00;226.310
2014-11-09 23:07:00;230.740
2014-11-09 23:08:00;228.060
2014-11-09 23:09:00;225.860
2014-11-09 23:10:00;227.480
2014-11-09 23:11:00;219.350
2014-11-09 23:12:00;227.030
2014-11-09 23:13:00;227.930
2014-11-09 23:14:00;223.350
2014-11-09 23:15:00;232.390
2014-11-09 23:16:00;224.830
2014-11-09 23:17:00;219.920
2014-11-09 23:18:00;228.230
2014-11-09 23:19:00;221.380
2014-11-09 23:20:00;230.560
2014-11-09 23:21:00;230.760
2014-11-09 23:22:00;228.230
2014-11-09 23:23:00;227.880
2014-11-09 23:24:00;227.010
2014-11-09 23:25:00;232.260
2014-11-09 23:26:00;228.630
2014-11-09 23:27:00;228.210
2014-11-09 23:28:00;230.410
2014-11-09 23:29:00;226.660
2014-11-09 23:30:00;233.660
2014-11-09 23:31:00;227.630
2014-11-09 23:32:00;230.060
2014-11-09 23:33:00;224.730
2014-11-09 23:34:00;230.460
2014-11-09 23:35:00;218.870
2014-11-09 23:36:00;228.230
2014-11-09 23:37:00;232.290
2014-11-09 23:38:00;226.160
2014-11-09 23:39:00;226.810
2014-11-09 23:40:00;232.760
2014-11-09 23:41:00;227.530
2014-11-09 23:42:00;233.110
2014-11-09 23:43:00;229.480
2014-11-09 23:44:00;228.880
2014-11-09 23:45:00;229.360
2014-11-09 23:46:00;232.190
2014-11-09 23:47:00;224.000
2014-11-09 23:48:00;226.360
2014-11-09 23:49:00;225.610
2014-11-09 23:50:00;232.110
2014-11-09 23:51:00;229.010
2014-11-09 23:52:00;222.800
2014-11-09 23:53:00;224.150
2014-11-09 23:54:00;221.280
2014-11-09 23:55:00;228.660
2014-11-09 23:56:00;227.230
2014-11-09 23:57:00;226.330
2014-11-09 23:58:00;229.740
2014-11-09 23:59:00;229.510